Method,WithConstraints,Mechanism,MissingRate,Iteration,MAE,RMSE,R2,ExecutionTime,ViolationsPre,Family,ModelFamily
Mean,False,MCAR,0.1,1,3.680445425860283,9.032180931747511,0.8309946184392778,0.0139551162719726,4.0,ML,
Median,False,MCAR,0.1,1,3.540735506201327,9.405832816503914,0.8167222322648777,0.012782335281372,4.0,ML,
KNN,False,MCAR,0.1,1,2.6626703201615225,6.283477738967979,0.9182071317454203,0.3735384941101074,4.0,ML,
MICE,False,MCAR,0.1,1,2.0705912350038265,5.909215884772249,0.9276605854627004,4.753435850143433,404.0,ML,
MissForest,False,MCAR,0.1,1,2.0554889529852898,5.858858223674864,0.92888826840523,182.2827591896057,8.0,ML,
Mean_Constrained,True,MCAR,0.1,1,3.5118120000035997,8.821753749050407,0.8387776906284399,0.0749216079711914,0.0,ML,
Median_Constrained,True,MCAR,0.1,1,3.3725785982117102,9.203519137951638,0.8245218222458971,0.0713412761688232,0.0,ML,
KNN_Constrained,True,MCAR,0.1,1,2.6000080761465245,6.228201899371648,0.9196398679650588,0.5551095008850098,0.0,ML,
MICE_Constrained,True,MCAR,0.1,1,2.057423266622858,5.90692725461346,0.9277166084981744,5.392480134963989,0.0,ML,
MissForest_Constrained,True,MCAR,0.1,1,2.054764984136141,5.858746120108841,0.9288909896871338,183.00161266326904,0.0,ML,
Mean,False,MCAR,0.1,2,3.6019518440332403,8.411481093864872,0.8366519650680984,0.0216472148895263,4.0,ML,
Median,False,MCAR,0.1,2,3.4010082304526748,8.544991978865239,0.8314253421635298,0.0214693546295166,4.0,ML,
KNN,False,MCAR,0.1,2,2.584401822457377,5.904582110386401,0.91950900410991,0.4709367752075195,4.0,ML,
MICE,False,MCAR,0.1,2,1.9838361911287623,5.074098214154244,0.9405589179792248,6.583671569824219,394.0,ML,
MissForest,False,MCAR,0.1,2,2.022125249853028,5.2262035532221605,0.936941794164336,181.03409790992737,4.0,ML,
Mean_Constrained,True,MCAR,0.1,2,3.4388153335441363,8.187426590368805,0.8452381879019485,0.0755009651184082,0.0,ML,
Median_Constrained,True,MCAR,0.1,2,3.238309817754262,8.324037190565154,0.8400305720095598,0.088172435760498,0.0,ML,
KNN_Constrained,True,MCAR,0.1,2,2.520057319223986,5.853018783103932,0.920908683655458,0.5581951141357422,0.0,ML,
MICE_Constrained,True,MCAR,0.1,2,1.971667984542355,5.072847103422451,0.9405882269142024,6.904335021972656,0.0,ML,
MissForest_Constrained,True,MCAR,0.1,2,2.021456525573192,5.226089391289023,0.9369445490390664,181.85407280921936,0.0,ML,
Mean,False,MCAR,0.1,3,3.701539418640333,9.343327172208284,0.8203990828931744,0.0183966159820556,4.0,ML,
Median,False,MCAR,0.1,3,3.576459874786568,9.710767592123188,0.8059951633703213,0.0171220302581787,4.0,ML,
KNN,False,MCAR,0.1,3,2.7049240182128624,6.739291737400787,0.906559758846594,0.511035680770874,4.0,ML,
MICE,False,MCAR,0.1,3,2.131772926366891,5.707413990565858,0.93298312270625,6.226275682449341,373.0,ML,
MissForest,False,MCAR,0.1,3,2.1086145418326696,5.559618209474673,0.9364090410644266,181.92240500450131,4.0,ML,
Mean_Constrained,True,MCAR,0.1,3,3.5414940621474336,9.15024766285935,0.8277452785699193,0.0727527141571044,0.0,ML,
Median_Constrained,True,MCAR,0.1,3,3.41645702902675,9.525504009568833,0.8133270610417964,0.0898103713989257,0.0,ML,
KNN_Constrained,True,MCAR,0.1,3,2.644906943653956,6.694789355627318,0.9077897349032203,0.5498960018157959,0.0,ML,
MICE_Constrained,True,MCAR,0.1,3,2.119731020959865,5.705973244485945,0.9330169531298386,6.597813129425049,0.0,ML,
MissForest_Constrained,True,MCAR,0.1,3,2.1081634889015364,5.5595752320572975,0.9364100242127352,184.18567991256717,0.0,ML,
Mean,False,MCAR,0.1,4,3.6041505942110144,8.655746982603882,0.828823613229511,0.0186707973480224,4.0,ML,
Median,False,MCAR,0.1,4,3.4312709901563405,8.859704134664582,0.8206616428334423,0.017449140548706,4.0,ML,
KNN,False,MCAR,0.1,4,2.5740330052113487,6.077528573830065,0.9156104312270104,0.4983265399932861,4.0,ML,
MICE,False,MCAR,0.1,4,2.091564392938063,5.414870457529261,0.9330098590726328,8.5039803981781,390.0,ML,
MissForest,False,MCAR,0.1,4,2.0255885060799077,5.236237349148014,0.9373568775360324,183.06481289863584,4.0,ML,
Mean_Constrained,True,MCAR,0.1,4,3.437927258833517,8.429130235174688,0.8376694437201866,0.0910930633544921,0.0,ML,
Median_Constrained,True,MCAR,0.1,4,3.265810654313839,8.639225767319346,0.8294764379950192,0.0683648586273193,0.0,ML,
KNN_Constrained,True,MCAR,0.1,4,2.513089171974522,6.027666267303973,0.9169894776851228,0.4962098598480224,0.0,ML,
MICE_Constrained,True,MCAR,0.1,4,2.079654901204122,5.413383581430856,0.9330466438358808,7.673022747039795,0.0,ML,
MissForest_Constrained,True,MCAR,0.1,4,2.024779299363057,5.235557356437591,0.9373731465085476,184.8688967227936,0.0,ML,
Mean,False,MCAR,0.1,5,3.592529545523649,8.936700544203086,0.8273865490133078,0.0248496532440185,4.0,ML,
Median,False,MCAR,0.1,5,3.45279204393647,9.196311846649303,0.8172120325602127,0.0174384117126464,4.0,ML,
KNN,False,MCAR,0.1,5,2.682448270743654,6.687954513562326,0.9033266328316112,0.4617576599121094,4.0,ML,
MICE,False,MCAR,0.1,5,2.099339313806818,5.831435780910817,0.9265027281670074,5.299075126647949,344.0,ML,
MissForest,False,MCAR,0.1,5,2.099163811785661,5.5890516333832005,0.9324855914156592,182.1668119430542,4.0,ML,
Mean_Constrained,True,MCAR,0.1,5,3.4486031926806944,8.762539554560243,0.8340488726961005,0.0712146759033203,0.0,ML,
Median_Constrained,True,MCAR,0.1,5,3.310814902775716,9.02839545416405,0.8238261801465997,0.0704526901245117,0.0,ML,
KNN_Constrained,True,MCAR,0.1,5,2.632426005640493,6.658103678996534,0.9041876854978153,0.6187918186187744,0.0,ML,
MICE_Constrained,True,MCAR,0.1,5,2.088344330473516,5.830268551756678,0.9265321478762903,5.9010560512542725,0.0,ML,
MissForest_Constrained,True,MCAR,0.1,5,2.0988031171144423,5.58901888329224,0.9324863826398916,181.64285039901733,0.0,ML,
Mean,False,MCAR,0.2,1,3.595646541624268,8.64916445817568,0.8384360488693222,0.0187633037567138,4.0,ML,
Median,False,MCAR,0.2,1,3.4472611187694984,8.958367689768862,0.826677907708653,0.0151331424713134,4.0,ML,
KNN,False,MCAR,0.2,1,2.6906124936516,6.433620886648892,0.9106062642225378,0.5381960868835449,5.0,ML,
MICE,False,MCAR,0.2,1,2.2304704442776875,6.233495524371265,0.9160811624228056,5.758989810943604,821.0,ML,
MissForest,False,MCAR,0.2,1,2.099731001958935,5.635763057454148,0.9314035552687416,183.1967170238495,7.0,ML,
Mean_Constrained,True,MCAR,0.2,1,3.444838130329073,8.447865266356285,0.8458689585145254,0.0717642307281494,0.0,ML,
Median_Constrained,True,MCAR,0.2,1,3.2954436624827683,8.760219777781352,0.8342604484516781,0.0710399150848388,0.0,ML,
KNN_Constrained,True,MCAR,0.2,1,2.625017195095408,6.366928191883032,0.9124500184127802,0.7478823661804199,0.0,ML,
MICE_Constrained,True,MCAR,0.2,1,2.211221049372804,6.1911377726301575,0.91721777546703,7.275457620620727,0.0,ML,
MissForest_Constrained,True,MCAR,0.2,1,2.099102691721686,5.635688797578363,0.9314053629848762,184.57119512557983,0.0,ML,
Mean,False,MCAR,0.2,2,3.605046533436603,8.556278553035241,0.8348903861892851,0.01369309425354,2.0,ML,
Median,False,MCAR,0.2,2,3.454371536244736,8.799394002078376,0.8253743400881255,0.0127289295196533,2.0,ML,
KNN,False,MCAR,0.2,2,2.728588635188059,6.30527690716916,0.9103374965977198,0.5544137954711914,2.0,ML,
MICE,False,MCAR,0.2,2,2.1982025396212057,5.519036447175533,0.931304378612882,7.675034523010254,845.0,ML,
MissForest,False,MCAR,0.2,2,2.149965831670731,5.405976637098445,0.9340900683835852,183.940199136734,2.0,ML,
Mean_Constrained,True,MCAR,0.2,2,3.4558617311656823,8.355375959275896,0.8425529512267553,0.0772826671600341,0.0,ML,
Median_Constrained,True,MCAR,0.2,2,3.304330894849627,8.601227565635797,0.8331510767635916,0.0712254047393798,0.0,ML,
KNN_Constrained,True,MCAR,0.2,2,2.657133673243184,6.230700626937533,0.9124459376073768,0.7240967750549316,0.0,ML,
MICE_Constrained,True,MCAR,0.2,2,2.180020352538568,5.515744588977457,0.931386301900226,5.971489667892456,0.0,ML,
MissForest_Constrained,True,MCAR,0.2,2,2.1489298455626984,5.405289602862375,0.9341068200290829,184.18305659294128,0.0,ML,
Mean,False,MCAR,0.2,3,3.7560300845483328,9.34077299438006,0.8218775357085457,0.0189521312713623,3.0,ML,
Median,False,MCAR,0.2,3,3.6020960698689954,9.670833600124508,0.8090670507532033,0.0131053924560546,3.0,ML,
KNN,False,MCAR,0.2,3,2.854366239530388,7.09110005194816,0.8973449578407142,0.5558390617370605,3.0,ML,
MICE,False,MCAR,0.2,3,2.511466978674215,6.985775632974675,0.9003717904684579,8.157689809799194,917.0,ML,
MissForest,False,MCAR,0.2,3,2.26457749302026,5.933014518053162,0.9281372418759796,183.53291535377505,3.0,ML,
Mean_Constrained,True,MCAR,0.2,3,3.6084148761278,9.16625262529953,0.8284713362891059,0.0855317115783691,0.0,ML,
Median_Constrained,True,MCAR,0.2,3,3.454877228148042,9.502467699286084,0.8156573342151338,0.0793781280517578,0.0,ML,
KNN_Constrained,True,MCAR,0.2,3,2.7889499606271038,7.037601699463537,0.8988880637161953,0.6364340782165527,0.0,ML,
MICE_Constrained,True,MCAR,0.2,3,2.481838884696254,6.968192792271532,0.9008726775569752,8.6343412399292,0.0,ML,
MissForest_Constrained,True,MCAR,0.2,3,2.264035578781588,5.932940685824882,0.9281390304286732,183.6799702644348,0.0,ML,
Mean,False,MCAR,0.2,4,3.614416136719492,8.437918578301453,0.839617715885544,0.0212783813476562,4.0,ML,
Median,False,MCAR,0.2,4,3.457677587706581,8.70361619889475,0.8293582889501574,0.0185716152191162,4.0,ML,
KNN,False,MCAR,0.2,4,2.7392739924615834,6.518067214238899,0.9042974735700732,0.571530818939209,4.0,ML,
MICE,False,MCAR,0.2,4,2.2233551768038864,5.6240815612239645,0.9287493297458156,7.168817043304443,805.0,ML,
MissForest,False,MCAR,0.2,4,2.136979298347347,5.361501313038985,0.9352471978668696,183.8433816432953,5.0,ML,
Mean_Constrained,True,MCAR,0.2,4,3.4530415631414395,8.21642745191225,0.8479271155700441,0.0751116275787353,0.0,ML,
Median_Constrained,True,MCAR,0.2,4,3.296797622499275,8.48835924711197,0.8376945000111926,0.0729033946990966,0.0,ML,
KNN_Constrained,True,MCAR,0.2,4,2.670072774717309,6.448741912900963,0.906322406381548,0.7590644359588623,0.0,ML,
MICE_Constrained,True,MCAR,0.2,4,2.209070852989554,5.622128138075769,0.92879881641694,5.826332330703735,0.0,ML,
MissForest_Constrained,True,MCAR,0.2,4,2.1362703972165846,5.361142645122504,0.9352558611029446,183.59780859947205,0.0,ML,
Mean,False,MCAR,0.2,5,3.605291541812201,8.785192469188969,0.8328845168084791,0.0186374187469482,3.0,ML,
Median,False,MCAR,0.2,5,3.4419270147725607,9.016865292986356,0.8239543529905,0.0175366401672363,3.0,ML,
KNN,False,MCAR,0.2,5,2.788744624835455,6.99220434980598,0.8941374497017561,0.5610299110412598,3.0,ML,
MICE,False,MCAR,0.2,5,2.2474600616082343,6.054384231866257,0.920630419230845,7.877770185470581,787.0,ML,
MissForest,False,MCAR,0.2,5,2.182120213543952,6.081694279147373,0.9199127654831988,182.63883113861084,3.0,ML,
Mean_Constrained,True,MCAR,0.2,5,3.4707382157835838,8.608102522700138,0.8395539649059257,0.077826976776123,0.0,ML,
Median_Constrained,True,MCAR,0.2,5,3.30897396518941,8.845642491377962,0.8305767949032773,0.0753073692321777,0.0,ML,
KNN_Constrained,True,MCAR,0.2,5,2.726151382185169,6.937229863330585,0.8957955423189694,0.6481890678405762,0.0,ML,
MICE_Constrained,True,MCAR,0.2,5,2.228030229091257,6.050238691539365,0.9207390734354836,6.252268075942993,0.0,ML,
MissForest_Constrained,True,MCAR,0.2,5,2.1814927453561506,6.08161177966674,0.9199149382693128,182.8810636997223,0.0,ML,
Mean,False,MCAR,0.3,1,3.5944868581075973,8.65188014212483,0.8378557930145671,0.0222420692443847,4.0,ML,
Median,False,MCAR,0.3,1,3.4597159998064733,8.978083231609974,0.8253986076087018,0.0270576477050781,4.0,ML,
KNN,False,MCAR,0.3,1,2.816517199671005,6.866442708489104,0.8978721827687448,0.7346861362457275,4.0,ML,
MICE,False,MCAR,0.3,1,2.5042676291148567,6.418398228959887,0.9107653001863336,6.266651153564453,1312.0,ML,
MissForest,False,MCAR,0.3,1,2.2321708839324588,5.779120689887171,0.9276557569611186,182.33660459518435,5.0,ML,
Mean_Constrained,True,MCAR,0.3,1,3.45525106862096,8.459616957334257,0.8449821010083032,0.0820167064666748,0.0,ML,
Median_Constrained,True,MCAR,0.3,1,3.3206429919202667,8.792544035207332,0.8325405916815811,0.0712828636169433,0.0,ML,
KNN_Constrained,True,MCAR,0.3,1,2.740828970922638,6.779393009912727,0.9004452305936474,0.7421982288360596,0.0,ML,
MICE_Constrained,True,MCAR,0.3,1,2.476947082136665,6.390101335887676,0.9115503865966036,8.048290967941284,0.0,ML,
MissForest_Constrained,True,MCAR,0.3,1,2.2310813295273118,5.77886308641537,0.9276622062857892,183.7097671031952,0.0,ML,
Mean,False,MCAR,0.3,2,3.626611264703902,8.554945580217286,0.8372020512310839,0.0212318897247314,2.0,ML,
Median,False,MCAR,0.3,2,3.4750167471185107,8.781696871665417,0.8284576678992993,0.0177011489868164,2.0,ML,
KNN,False,MCAR,0.3,2,2.854981676682101,6.87607711827746,0.8948290241225996,0.6719064712524414,2.0,ML,
MICE,False,MCAR,0.3,2,2.515719900293578,6.365365625623372,0.9098717092165038,6.969664812088013,1399.0,ML,
MissForest,False,MCAR,0.3,2,2.2957195547236724,5.63292686699109,0.9294198378799098,182.7274556159973,3.0,ML,
Mean_Constrained,True,MCAR,0.3,2,3.492530109161144,8.37021361245003,0.8441569248827115,0.0719952583312988,0.0,ML,
Median_Constrained,True,MCAR,0.3,2,3.3406703773027293,8.600104598120362,0.835478790834676,0.0712447166442871,0.0,ML,
KNN_Constrained,True,MCAR,0.3,2,2.7803880405871344,6.790274582933619,0.8974373817703357,0.8100340366363525,0.0,ML,
MICE_Constrained,True,MCAR,0.3,2,2.4699081959664237,6.063547244952525,0.9182160734761264,5.756507635116577,0.0,ML,
MissForest_Constrained,True,MCAR,0.3,2,2.294601438281943,5.632294131194644,0.9294356932559656,183.39310455322263,0.0,ML,
Mean,False,MCAR,0.3,3,3.7411872689152856,9.2560111818594,0.8245568437616227,0.0190765857696533,3.0,ML,
Median,False,MCAR,0.3,3,3.59643416062599,9.588912528210331,0.8117099354153041,0.0175509452819824,3.0,ML,
KNN,False,MCAR,0.3,3,2.970339686044837,7.469581194546912,0.885743426568894,0.6543307304382324,3.0,ML,
MICE,False,MCAR,0.3,3,2.458204549211773,6.192982663622208,0.9214604481085082,3.2274293899536133,1194.0,ML,
MissForest,False,MCAR,0.3,3,2.3468834333445345,5.9694288385945855,0.9270283360846028,181.71029543876648,4.0,ML,
Mean_Constrained,True,MCAR,0.3,3,3.604447300998608,9.08672120123818,0.8309157727573804,0.0762784481048584,0.0,ML,
Median_Constrained,True,MCAR,0.3,3,3.459954874945994,9.425685750130244,0.8180656919586403,0.0735833644866943,0.0,ML,
KNN_Constrained,True,MCAR,0.3,3,2.899147712543805,7.405965743553679,0.8876812948023355,0.7670567035675049,0.0,ML,
MICE_Constrained,True,MCAR,0.3,3,2.436826301767347,6.18616397688421,0.9216333023882188,4.138084173202515,0.0,ML,
MissForest_Constrained,True,MCAR,0.3,3,2.346092304738131,5.969253023013515,0.9270326344410812,182.41851115226743,0.0,ML,
Mean,False,MCAR,0.3,4,3.6491095908382616,8.651834062930037,0.8352498572468856,0.0187110900878906,4.0,ML,
Median,False,MCAR,0.3,4,3.498759329262383,8.91683294072173,0.8250029623176853,0.0175709724426269,4.0,ML,
KNN,False,MCAR,0.3,4,2.861580401279442,6.7291926773126205,0.9003366768202637,0.6884055137634277,5.0,ML,
MICE,False,MCAR,0.3,4,2.530405572686176,6.180526238018175,0.9159262641620732,5.597201824188232,1353.0,ML,
MissForest,False,MCAR,0.3,4,2.291873393428322,5.802131579578013,0.925905736796615,182.1627988815308,6.0,ML,
Mean_Constrained,True,MCAR,0.3,4,3.5165294083645118,8.475819795966537,0.8418850750869249,0.0716240406036377,0.0,ML,
Median_Constrained,True,MCAR,0.3,4,3.366719976737424,8.745911759313389,0.8316474808113329,0.0710136890411377,0.0,ML,
KNN_Constrained,True,MCAR,0.3,4,2.7879785790442955,6.640497956727954,0.9029466050501432,0.768526554107666,0.0,ML,
MICE_Constrained,True,MCAR,0.3,4,2.504233703226036,6.171747873072227,0.9161649188608578,6.390348196029663,0.0,ML,
MissForest_Constrained,True,MCAR,0.3,4,2.2910228554812444,5.801696822764372,0.9259168402259218,182.3436818122864,0.0,ML,
Mean,False,MCAR,0.3,5,3.642318837515992,8.683016731779059,0.8350531149696326,0.0218760967254638,2.0,ML,
Median,False,MCAR,0.3,5,3.461831611470503,8.850685352329934,0.8286213782693722,0.0202922821044921,2.0,ML,
KNN,False,MCAR,0.3,5,2.883952978661775,7.124137651220308,0.8889630696377404,0.6520392894744873,2.0,ML,
MICE,False,MCAR,0.3,5,2.619928758276918,6.567847210520323,0.9056267470661196,8.139550924301147,1293.0,ML,
MissForest,False,MCAR,0.3,5,2.2929691512986383,6.04660332419676,0.9200118228741834,183.31215715408325,2.0,ML,
Mean_Constrained,True,MCAR,0.3,5,3.522177110855767,8.52765153386302,0.8409030941298641,0.0763564109802246,0.0,ML,
Median_Constrained,True,MCAR,0.3,5,3.343119629236265,8.699952530170952,0.8344090458457271,0.0768160820007324,0.0,ML,
KNN_Constrained,True,MCAR,0.3,5,2.8163030800424838,7.051692739178732,0.891209842866838,0.7779426574707031,0.0,ML,
MICE_Constrained,True,MCAR,0.3,5,2.596244998074117,6.560230649984136,0.9058455045324252,7.000823497772217,0.0,ML,
MissForest_Constrained,True,MCAR,0.3,5,2.292419281645264,6.046525870598722,0.9200138720684524,182.9558560848236,0.0,ML,
Mean,False,MCAR,0.4,1,3.6207485219915942,8.659162374058786,0.839848209165567,0.0145308971405029,3.0,ML,
Median,False,MCAR,0.4,1,3.48431558728663,8.994171666889148,0.827216456145621,0.0130331516265869,3.0,ML,
KNN,False,MCAR,0.4,1,2.977342949298735,7.269085020834387,0.8871401342382133,0.7179012298583984,4.0,ML,
MICE,False,MCAR,0.4,1,2.629024747023663,6.459016143775702,0.9108928050630802,7.030217409133911,1414.0,ML,
MissForest,False,MCAR,0.4,1,2.430092965607219,6.129807784024596,0.9197446958431194,182.10422539711,4.0,ML,
Mean_Constrained,True,MCAR,0.4,1,3.5032253589525526,8.502407446209235,0.8455941115871975,0.0743377208709716,0.0,ML,
Median_Constrained,True,MCAR,0.4,1,3.3672387924473592,8.843003245719073,0.8329757227183774,0.0713772773742675,0.0,ML,
KNN_Constrained,True,MCAR,0.4,1,2.899276048273112,7.181420171348731,0.8898458897652398,0.8665597438812256,0.0,ML,
MICE_Constrained,True,MCAR,0.4,1,2.6112767873279483,6.4465335707519404,0.9112368860346964,6.146366596221924,0.0,ML,
MissForest_Constrained,True,MCAR,0.4,1,2.4292177436306317,6.129638462268967,0.9197491295160158,182.3786482810974,0.0,ML,
Mean,False,MCAR,0.4,2,3.646284065943932,8.736492522776295,0.8348675751668372,0.0149357318878173,2.0,ML,
Median,False,MCAR,0.4,2,3.4990093492208985,8.997946607184211,0.8248359562015577,0.017991304397583,2.0,ML,
KNN,False,MCAR,0.4,2,3.0045421081576533,7.41701807537318,0.8809808583443095,0.7552957534790039,2.0,ML,
MICE,False,MCAR,0.4,2,2.5667560636498403,6.1833274510696645,0.9172815036478068,3.5583372116088867,1579.0,ML,
MissForest,False,MCAR,0.4,2,2.410199596700275,6.04234235711444,0.9210106033878104,180.468763589859,5.0,ML,
Mean_Constrained,True,MCAR,0.4,2,3.5274880754245577,8.579138239850344,0.8407624559123612,0.0848069190979003,0.0,ML,
Median_Constrained,True,MCAR,0.4,2,3.38010925756187,8.843779114736384,0.830786926825662,0.0791921615600586,0.0,ML,
KNN_Constrained,True,MCAR,0.4,2,2.9254990284142988,7.323483756085364,0.8839637769162577,0.7554337978363037,0.0,ML,
MICE_Constrained,True,MCAR,0.4,2,2.5404617557200373,6.1764913037128455,0.9174643059483508,4.078182697296143,0.0,ML,
MissForest_Constrained,True,MCAR,0.4,2,2.409237910174152,6.0419265672153255,0.9210214739612734,180.98973178863525,0.0,ML,
Mean,False,MCAR,0.4,3,3.6882062421150623,8.932362158652113,0.8319836980354995,0.0257539749145507,3.0,ML,
Median,False,MCAR,0.4,3,3.5471117889825945,9.24898354364982,0.8198613975640865,0.0217165946960449,3.0,ML,
KNN,False,MCAR,0.4,3,3.0824970392966087,7.523574265317593,0.8808024853633738,0.7486493587493896,5.0,ML,
MICE,False,MCAR,0.4,3,2.5724472966190914,6.314512998796523,0.9160349600770474,6.753967523574829,1382.0,ML,
MissForest,False,MCAR,0.4,3,2.495834645612776,6.2284674810944,0.9183076897067416,181.64144325256348,5.0,ML,
Mean_Constrained,True,MCAR,0.4,3,3.5771379480519223,8.792240856889721,0.8372136711447697,0.0717973709106445,0.0,ML,
Median_Constrained,True,MCAR,0.4,3,3.43605849632155,9.11260448926572,0.825134627266037,0.0716969966888427,0.0,ML,
KNN_Constrained,True,MCAR,0.4,3,3.00796985465638,7.44195607274697,0.8833746446539599,0.8298869132995605,0.0,ML,
MICE_Constrained,True,MCAR,0.4,3,2.556031402993849,6.311550923054465,0.9161137159443934,5.692785739898682,0.0,ML,
MissForest_Constrained,True,MCAR,0.4,3,2.495168935941145,6.228360295611557,0.9183105013628696,182.1464056968689,0.0,ML,
Mean,False,MCAR,0.4,4,3.662993848452288,8.757186702096215,0.8338209063841291,0.0192258358001709,4.0,ML,
Median,False,MCAR,0.4,4,3.509372200575361,9.042492384036,0.8228164204078942,0.017780065536499,4.0,ML,
KNN,False,MCAR,0.4,4,3.0295824624012235,7.461743011480765,0.8793498842008456,0.7175273895263672,8.0,ML,
MICE,False,MCAR,0.4,4,2.5690812250510096,6.321325483398208,0.9134108506245984,2.8037049770355225,1520.0,ML,
MissForest,False,MCAR,0.4,4,2.432320359782965,6.248580931296506,0.9153922849698184,180.84075784683228,6.0,ML,
Mean_Constrained,True,MCAR,0.4,4,3.551776104040414,8.61056626007026,0.8393389524995651,0.0772583484649658,0.0,ML,
Median_Constrained,True,MCAR,0.4,4,3.39861512690725,8.900206468354837,0.8283486073755341,0.0912091732025146,0.0,ML,
KNN_Constrained,True,MCAR,0.4,4,2.952509522595681,7.3721659548720035,0.8822292680579624,0.8478076457977295,0.0,ML,
MICE_Constrained,True,MCAR,0.4,4,2.546261822087913,6.317371842544231,0.9135191302381778,3.80755877494812,0.0,ML,
MissForest_Constrained,True,MCAR,0.4,4,2.431364094534066,6.248174149758231,0.9154033005064922,181.65957140922544,0.0,ML,
Mean,False,MCAR,0.4,5,3.676942461275914,8.732333107128133,0.8349038829686581,0.0147092342376708,1.0,ML,
Median,False,MCAR,0.4,5,3.4983024814345227,8.909106495861955,0.8281519646410337,0.0133824348449707,1.0,ML,
KNN,False,MCAR,0.4,5,2.9902742256837525,7.341060396908582,0.8833206865444893,0.6976048946380615,1.0,ML,
MICE,False,MCAR,0.4,5,2.669351094962249,6.686375775287269,0.9032039062582624,8.242039918899536,1519.0,ML,
MissForest,False,MCAR,0.4,5,2.4455877123709477,6.290457750469771,0.9143276321419936,183.08678317070007,1.0,ML,
Mean_Constrained,True,MCAR,0.4,5,3.5691523112785424,8.595060236865804,0.8400537287006757,0.0791404247283935,0.0,ML,
Median_Constrained,True,MCAR,0.4,5,3.391401557688825,8.775317323692512,0.83327453759047,0.0714349746704101,0.0,ML,
KNN_Constrained,True,MCAR,0.4,5,2.916896214453903,7.254397103319968,0.8860592901371485,0.795231819152832,0.0,ML,
MICE_Constrained,True,MCAR,0.4,5,2.651288392580946,6.682914143137226,0.903304105752115,6.536251544952393,0.0,ML,
MissForest_Constrained,True,MCAR,0.4,5,2.4448613946748776,6.290311109367294,0.9143316264281136,183.70198607444763,0.0,ML,
Mean,False,MAR,0.1,1,3.5803897448762068,8.820479611288265,0.8196194286129327,0.0151436328887939,4.0,ML,
Median,False,MAR,0.1,1,3.478353302022429,9.28470802272159,0.8001326476392874,0.0134143829345703,4.0,ML,
KNN,False,MAR,0.1,1,2.692491325601457,6.589453599688812,0.8993290502495255,0.4943737983703613,5.0,ML,
MICE,False,MAR,0.1,1,2.0697824864874463,5.603124402619198,0.9272109774754748,5.732911348342896,596.0,ML,
MissForest,False,MAR,0.1,1,2.058940764880667,5.650597477849047,0.9259723266370148,180.78691005706787,4.0,ML,
Mean_Constrained,True,MAR,0.1,1,3.421515654880962,8.61611707995878,0.8278811083061826,0.0794010162353515,0.0,ML,
Median_Constrained,True,MAR,0.1,1,3.3181405156714274,9.08448051336135,0.8086600955314175,0.0853235721588134,0.0,ML,
KNN_Constrained,True,MAR,0.1,1,2.6211120483082526,6.52203636611833,0.9013784577998942,0.6145889759063721,0.0,ML,
MICE_Constrained,True,MAR,0.1,1,2.055898783686689,5.601667979426647,0.9272488127384894,7.952930450439453,0.0,ML,
MissForest_Constrained,True,MAR,0.1,1,2.0581653407457106,5.65017941610428,0.9259832801666384,182.2670624256134,0.0,ML,
Mean,False,MAR,0.1,2,3.571841957393483,8.811102340602949,0.8209543289222118,0.0183312892913818,4.0,ML,
Median,False,MAR,0.1,2,3.4564567237163817,9.213395293868368,0.8042315315074845,0.0173530578613281,4.0,ML,
KNN,False,MAR,0.1,2,2.680680488997555,6.545898861795135,0.9011806675372748,0.5259921550750732,5.0,ML,
MICE,False,MAR,0.1,2,2.123218306042021,6.2170513095741,0.9108600805502076,7.225723266601562,631.0,ML,
MissForest,False,MAR,0.1,2,2.0243957750611243,5.343961211818444,0.9341387561503082,182.3766040802002,6.0,ML,
Mean_Constrained,True,MAR,0.1,2,3.4103028333885788,8.606344269726694,0.8291791953024836,0.0854315757751464,0.0,ML,
Median_Constrained,True,MAR,0.1,2,3.295674327628362,9.018001693976734,0.8124470242488518,0.0707724094390869,0.0,ML,
KNN_Constrained,True,MAR,0.1,2,2.6116242542787287,6.48945405359656,0.9028775436235876,0.5834870338439941,0.0,ML,
MICE_Constrained,True,MAR,0.1,2,2.09716328713696,6.023944171849145,0.9163116104495882,6.551529407501221,0.0,ML,
MissForest_Constrained,True,MAR,0.1,2,2.023279882640587,5.343237453068581,0.934156594761665,182.86387634277344,0.0,ML,
Mean,False,MAR,0.1,3,3.5700830145482207,8.864801947337828,0.8153752139963266,0.0233821868896484,4.0,ML,
Median,False,MAR,0.1,3,3.452800800228637,9.259680861357314,0.7985608092749689,0.0145106315612792,4.0,ML,
KNN,False,MAR,0.1,3,2.645043917309708,6.5116882042897775,0.9003817002745029,0.5091488361358643,4.0,ML,
MICE,False,MAR,0.1,3,2.0933592142042308,5.399992142561017,0.9314924894640318,5.66373610496521,611.0,ML,
MissForest,False,MAR,0.1,3,2.0470584929027345,5.373066789430152,0.932173968301437,181.86142587661743,4.0,ML,
Mean_Constrained,True,MAR,0.1,3,3.400296141683491,8.639407566149856,0.8246443129528127,0.0716254711151123,0.0,ML,
Median_Constrained,True,MAR,0.1,3,3.2816566638087075,9.038691224883095,0.8080610868029511,0.0710303783416748,0.0,ML,
KNN_Constrained,True,MAR,0.1,3,2.580749356959131,6.449868366983522,0.90226420878334,0.5816514492034912,0.0,ML,
MICE_Constrained,True,MAR,0.1,3,2.079219051013665,5.395326145688024,0.9316108295349934,6.592562913894653,0.0,ML,
MissForest_Constrained,True,MAR,0.1,3,2.0465250071448984,5.373005487065096,0.9321755159734088,182.45571208000183,0.0,ML,
Mean,False,MAR,0.1,4,3.5818076202369435,8.8584051636042,0.8211887385543233,0.0156991481781005,3.0,ML,
Median,False,MAR,0.1,4,3.4665111407350984,9.259705475666925,0.8046208871144518,0.013124942779541,3.0,ML,
KNN,False,MAR,0.1,4,2.7142610931251188,6.562445060491345,0.9018669836633564,0.496049165725708,3.0,ML,
MICE,False,MAR,0.1,4,2.138229441741929,5.943106465732201,0.9195157673916408,7.809109210968018,625.0,ML,
MissForest,False,MAR,0.1,4,2.045434831460674,5.385841220535955,0.9339016104008672,181.9989318847656,4.0,ML,
Mean_Constrained,True,MAR,0.1,4,3.422417860124182,8.652689857983324,0.8293972365558527,0.0852649211883544,0.0,ML,
Median_Constrained,True,MAR,0.1,4,3.307446200723672,9.063004263316865,0.8128334843631424,0.070704698562622,0.0,ML,
KNN_Constrained,True,MAR,0.1,4,2.647035802704247,6.507377598867682,0.9035070013793864,0.6194500923156738,0.0,ML,
MICE_Constrained,True,MAR,0.1,4,2.1247787581696267,5.941286549634316,0.91956505209635,6.159562349319458,0.0,ML,
MissForest_Constrained,True,MAR,0.1,4,2.0447187773757376,5.385718766132947,0.9339046160397236,182.620263338089,0.0,ML,
Mean,False,MAR,0.1,5,3.6516730020102415,8.883595834033345,0.8188220284300279,0.0230848789215087,2.0,ML,
Median,False,MAR,0.1,5,3.574190031152648,9.298072137968497,0.8015214255022368,0.0182275772094726,2.0,ML,
KNN,False,MAR,0.1,5,2.6929521028037384,6.446151052809625,0.904604307323804,0.5180909633636475,2.0,ML,
MICE,False,MAR,0.1,5,2.063029456788173,5.138063102727451,0.9393924571816016,4.835644006729126,547.0,ML,
MissForest,False,MAR,0.1,5,2.030911195482866,5.178518671777914,0.938434288550004,181.97561025619507,2.0,ML,
Mean_Constrained,True,MAR,0.1,5,3.488684303792809,8.678062727445178,0.8271086045731979,0.091468334197998,0.0,ML,
Median_Constrained,True,MAR,0.1,5,3.40927570093458,9.09663839351138,0.8100279663815662,0.070674180984497,0.0,ML,
KNN_Constrained,True,MAR,0.1,5,2.623160436137072,6.385421226868928,0.906393304769894,0.5891149044036865,0.0,ML,
MICE_Constrained,True,MAR,0.1,5,2.0535247592908905,5.137330108100529,0.9394097484579133,4.352701663970947,0.0,ML,
MissForest_Constrained,True,MAR,0.1,5,2.0302959306853583,5.178424594070658,0.9384365254477484,181.45181226730347,0.0,ML,
Mean,False,MAR,0.2,1,3.620206079805824,9.011191909528357,0.8154536243363459,0.0233080387115478,4.0,ML,
Median,False,MAR,0.2,1,3.5070649824696223,9.428578988046208,0.7979617816175494,0.013423204421997,4.0,ML,
KNN,False,MAR,0.2,1,2.8827090917823357,7.297869248271197,0.8789588060591016,0.6698300838470459,5.0,ML,
MICE,False,MAR,0.2,1,2.4460248821101658,6.207834251189603,0.9124167073530732,3.470871925354004,1229.0,ML,
MissForest,False,MAR,0.2,1,2.279359483214063,5.936181129367835,0.9199142345803016,179.8637673854828,5.0,ML,
Mean_Constrained,True,MAR,0.2,1,3.4955866102081448,8.862496124570466,0.8214938598727572,0.0766124725341796,0.0,ML,
Median_Constrained,True,MAR,0.2,1,3.3814706306133235,9.28268224307277,0.8041660375901452,0.084439992904663,0.0,ML,
KNN_Constrained,True,MAR,0.2,1,2.8164922914365302,7.234498670780884,0.8810517861248034,0.7877111434936523,0.0,ML,
MICE_Constrained,True,MAR,0.2,1,2.4245097463663776,6.20236148900974,0.9125710643250275,4.937121152877808,0.0,ML,
MissForest_Constrained,True,MAR,0.2,1,2.278844138129773,5.935913362872213,0.9199214593602194,180.7206690311432,0.0,ML,
Mean,False,MAR,0.2,2,3.598152468414569,8.94411337159705,0.8188137364246256,0.0184264183044433,4.0,ML,
Median,False,MAR,0.2,2,3.4926020632670025,9.382985964235784,0.8005964841682376,0.0199215412139892,4.0,ML,
KNN,False,MAR,0.2,2,2.8412349288612915,7.04073888051333,0.887723942572764,0.6632795333862305,6.0,ML,
MICE,False,MAR,0.2,2,2.437032097968351,6.342800556452154,0.9088801933979692,7.7993011474609375,1291.0,ML,
MissForest,False,MAR,0.2,2,2.2740010658583096,5.919577910187205,0.92063442632142,183.10635685920715,5.0,ML,
Mean_Constrained,True,MAR,0.2,2,3.457381218919229,8.766880375591521,0.8259232221536763,0.0802030563354492,0.0,ML,
Median_Constrained,True,MAR,0.2,2,3.351938101989928,9.214150442194226,0.807707973774272,0.0705914497375488,0.0,ML,
KNN_Constrained,True,MAR,0.2,2,2.768614775338581,6.973162779055597,0.8898688219663025,0.7584154605865479,0.0,ML,
MICE_Constrained,True,MAR,0.2,2,2.4087577511672067,6.25904758804085,0.9112706734747184,7.681041479110718,0.0,ML,
MissForest_Constrained,True,MAR,0.2,2,2.273220251307877,5.91926705145949,0.9206427616567556,181.723073720932,0.0,ML,
Mean,False,MAR,0.2,3,3.525316345715767,8.529113743312873,0.8274617129454759,0.0214982032775878,4.0,ML,
Median,False,MAR,0.2,3,3.41284924718887,8.940270389582254,0.8104259111214976,0.0131328105926513,4.0,ML,
KNN,False,MAR,0.2,3,2.830480465027635,6.909880337753031,0.8867550816926617,0.6833400726318359,5.0,ML,
MICE,False,MAR,0.2,3,2.392053057915032,6.148271332332704,0.9103430996098594,6.645563125610352,1325.0,ML,
MissForest,False,MAR,0.2,3,2.2196994854202403,5.820838165895267,0.9196383732181216,181.63796019554135,7.0,ML,
Mean_Constrained,True,MAR,0.2,3,3.3904146681962013,8.350586612996501,0.8346090889002716,0.0759880542755127,0.0,ML,
Median_Constrained,True,MAR,0.2,3,3.278034114732228,8.769579732951074,0.8175956329247096,0.0713090896606445,0.0,ML,
KNN_Constrained,True,MAR,0.2,3,2.763637507146941,6.846208235827297,0.8888324897906108,0.7646372318267822,0.0,ML,
MICE_Constrained,True,MAR,0.2,3,2.366022048410479,6.142036814241337,0.9105248365999732,7.411991834640503,0.0,ML,
MissForest_Constrained,True,MAR,0.2,3,2.2189528683056983,5.820711296744216,0.9196418762532408,182.41073942184448,0.0,ML,
Mean,False,MAR,0.2,4,3.58281833678346,8.674241974124126,0.8217049946769588,0.0145530700683593,3.0,ML,
Median,False,MAR,0.2,4,3.4468826923076925,8.97611002777758,0.8090795513468092,0.012519359588623,3.0,ML,
KNN,False,MAR,0.2,4,2.810092115384616,6.815861207704593,0.889917676439784,0.6484289169311523,3.0,ML,
MICE,False,MAR,0.2,4,2.4108419205926643,6.243523067268845,0.9076290197252016,7.570631742477417,1214.0,ML,
MissForest,False,MAR,0.2,4,2.236562923076923,5.922864507589343,0.916873459471896,180.77828860282895,4.0,ML,
Mean_Constrained,True,MAR,0.2,4,3.447989171436182,8.501823129569566,0.8287225285773397,0.0773432254791259,0.0,ML,
Median_Constrained,True,MAR,0.2,4,3.312627884615385,8.809876766142382,0.8160855815145696,0.0898551940917968,0.0,ML,
KNN_Constrained,True,MAR,0.2,4,2.7388901923076925,6.7417119033156325,0.8922998047343226,0.7734570503234863,0.0,ML,
MICE_Constrained,True,MAR,0.2,4,2.389196153188063,6.222967074147765,0.9082362574899432,6.638940572738648,0.0,ML,
MissForest_Constrained,True,MAR,0.2,4,2.235900423076923,5.922728676485319,0.916877272167691,181.5628960132599,0.0,ML,
Mean,False,MAR,0.2,5,3.620270370821384,8.645824329528327,0.8246512646004152,0.0137183666229248,2.0,ML,
Median,False,MAR,0.2,5,3.5301105716071337,9.050689865102948,0.8078443357499601,0.0126898288726806,2.0,ML,
KNN,False,MAR,0.2,5,2.823486082399884,6.633750374613952,0.8967694896664234,0.6858816146850586,2.0,ML,
MICE,False,MAR,0.2,5,2.471612456516012,6.0536146100120085,0.9140354563128932,4.257444858551025,1234.0,ML,
MissForest,False,MAR,0.2,5,2.2762845151675406,5.7384837182074095,0.9227525536288792,180.42859411239624,2.0,ML,
Mean_Constrained,True,MAR,0.2,5,3.491142503401248,8.47988440729012,0.831317632227101,0.0919327735900878,0.0,ML,
Median_Constrained,True,MAR,0.2,5,3.4004773808951487,8.889643578823147,0.8146218595163208,0.0775763988494873,0.0,ML,
KNN_Constrained,True,MAR,0.2,5,2.751306860247104,6.550130644295103,0.8993555691065624,0.7204384803771973,0.0,ML,
MICE_Constrained,True,MAR,0.2,5,2.447776305331512,6.043965552463564,0.914309281396653,6.114222764968872,0.0,ML,
MissForest_Constrained,True,MAR,0.2,5,2.27555570405269,5.738331968050909,0.922756639083385,180.2241976261139,0.0,ML,
Mean,False,MAR,0.3,1,3.5671640068604407,8.696991833683382,0.8216605345166631,0.0189428329467773,4.0,ML,
Median,False,MAR,0.3,1,3.454511660641735,9.039782290166626,0.8073250395092136,0.0176868438720703,4.0,ML,
KNN,False,MAR,0.3,1,3.085951565949007,7.686790781030842,0.8606844937950524,0.7898285388946533,5.0,ML,
MICE,False,MAR,0.3,1,2.606853488918315,6.350169487299544,0.9049220148471327,7.592089414596558,1418.0,ML,
MissForest,False,MAR,0.3,1,2.469155148917112,6.191861439191134,0.9096034627811892,179.48463249206543,6.0,ML,
Mean_Constrained,True,MAR,0.3,1,3.4669735861791224,8.568467207781639,0.8268926077486215,0.0898530483245849,0.0,ML,
Median_Constrained,True,MAR,0.3,1,3.3536607057167536,8.911986342709188,0.8127342472456601,0.0719926357269287,0.0,ML,
KNN_Constrained,True,MAR,0.3,1,3.016205252887168,7.610724871767391,0.8634280906943459,0.8199317455291748,0.0,ML,
MICE_Constrained,True,MAR,0.3,1,2.5844584657933773,6.346246421998222,0.9050394548393846,5.724593877792358,0.0,ML,
MissForest_Constrained,True,MAR,0.3,1,2.4685054160401805,6.191758846728153,0.9096064583025392,180.20681428909305,0.0,ML,
Mean,False,MAR,0.3,2,3.56477818311188,8.703245471041843,0.8232261055946595,0.0141959190368652,3.0,ML,
Median,False,MAR,0.3,2,3.460203943115708,9.111451781410272,0.8062548558487336,0.0128712654113769,3.0,ML,
KNN,False,MAR,0.3,2,3.023484356819651,7.463842298379189,0.86998885783068,0.7477855682373047,3.0,ML,
MICE,False,MAR,0.3,2,2.603524498902814,6.276019276299983,0.9080769974039772,5.799024820327759,1664.0,ML,
MissForest,False,MAR,0.3,2,2.465792100840336,6.258781887913635,0.9085812458639916,179.93220138549805,11.0,ML,
Mean_Constrained,True,MAR,0.3,2,3.462732683707411,8.57242203172922,0.8285005420369804,0.0717120170593261,0.0,ML,
Median_Constrained,True,MAR,0.3,2,3.358490950226245,8.986309970230279,0.8115403179978848,0.0709974765777587,0.0,ML,
KNN_Constrained,True,MAR,0.3,2,2.9554946994182285,7.391535107200841,0.8724956645218437,0.8352000713348389,0.0,ML,
MICE_Constrained,True,MAR,0.3,2,2.568297953328822,6.266516817572656,0.9083551460918996,6.296079158782959,0.0,ML,
MissForest_Constrained,True,MAR,0.3,2,2.464830562378798,6.258317751023075,0.9085948041709456,181.0296030044556,0.0,ML,
Mean,False,MAR,0.3,3,3.517437581646509,8.492902116398662,0.8273694430624474,0.0234358310699462,2.0,ML,
Median,False,MAR,0.3,3,3.429237250413328,8.959208794727427,0.807892309880967,0.0215635299682617,2.0,ML,
KNN,False,MAR,0.3,3,3.0374593030649875,7.331834422267648,0.8713437966159818,0.7942259311676025,2.0,ML,
MICE,False,MAR,0.3,3,2.565249625259552,6.240658396325351,0.906789195688221,3.6718764305114746,1458.0,ML,
MissForest,False,MAR,0.3,3,2.462333892916189,6.24183107768325,0.9067541619352028,179.08438920974731,5.0,ML,
Mean_Constrained,True,MAR,0.3,3,3.4129715484632133,8.357381468417353,0.832834794808341,0.0737559795379638,0.0,ML,
Median_Constrained,True,MAR,0.3,3,3.325030840646064,8.829816128588561,0.8134012396959582,0.0714297294616699,0.0,ML,
KNN_Constrained,True,MAR,0.3,3,2.9652826529314518,7.253239979225528,0.8740873026756621,0.8715219497680664,0.0,ML,
MICE_Constrained,True,MAR,0.3,3,2.526514585092797,6.223328257571639,0.907306164626282,3.915022373199463,0.0,ML,
MissForest_Constrained,True,MAR,0.3,3,2.461602937809996,6.241699113653035,0.9067581046777612,179.9254698753357,0.0,ML,
Mean,False,MAR,0.3,4,3.5225219987382803,8.550794754581656,0.8238879058389089,0.0166218280792236,3.0,ML,
Median,False,MAR,0.3,4,3.401340771376358,8.917071988671111,0.8084770764241982,0.0127780437469482,3.0,ML,
KNN,False,MAR,0.3,4,3.0074080984899494,7.335862507363429,0.870378040340607,0.76090407371521,6.0,ML,
MICE,False,MAR,0.3,4,2.543545642389865,6.317081863737397,0.903881003724886,3.9634644985198975,1567.0,ML,
MissForest,False,MAR,0.3,4,2.471845981212529,6.375364362469673,0.9020992006172672,179.05142521858215,7.0,ML,
Mean_Constrained,True,MAR,0.3,4,3.421720899264938,8.418048996577896,0.8293135226675197,0.0750322341918945,0.0,ML,
Median_Constrained,True,MAR,0.3,4,3.300398191786092,8.787965931235382,0.813982867117873,0.0715010166168212,0.0,ML,
KNN_Constrained,True,MAR,0.3,4,2.9366408900003207,7.2545244182528,0.8732365324087666,0.8651738166809082,0.0,ML,
MICE_Constrained,True,MAR,0.3,4,2.5176746628997364,6.311173752648025,0.9040607120654276,4.037992000579834,0.0,ML,
MissForest_Constrained,True,MAR,0.3,4,2.470917187650284,6.375062803681387,0.902108461938356,179.35434556007385,0.0,ML,
Mean,False,MAR,0.3,5,3.588766588858988,8.787112551042414,0.8203840232638993,0.0280923843383789,2.0,ML,
Median,False,MAR,0.3,5,3.4952221902293883,9.186678827301831,0.8036776912252909,0.0228724479675292,2.0,ML,
KNN,False,MAR,0.3,5,3.093600153565601,7.4812690984153,0.8698023520037517,0.7680478096008301,2.0,ML,
MICE,False,MAR,0.3,5,2.538045971006653,6.103723905641043,0.913335278206826,6.7972400188446045,1427.0,ML,
MissForest,False,MAR,0.3,5,2.5025220654573377,6.250782214220943,0.9091089079497252,181.14415168762207,3.0,ML,
Mean_Constrained,True,MAR,0.3,5,3.486731305937038,8.657844090503074,0.8256298634672349,0.0809831619262695,0.0,ML,
Median_Constrained,True,MAR,0.3,5,3.3929411011933324,9.061754936050482,0.8089807163544034,0.0712597370147705,0.0,ML,
KNN_Constrained,True,MAR,0.3,5,3.0247355792302524,7.402996105021661,0.8725124932655483,0.8197426795959473,0.0,ML,
MICE_Constrained,True,MAR,0.3,5,2.521767628637785,6.099726414343474,0.913448759101328,5.9529454708099365,0.0,ML,
MissForest_Constrained,True,MAR,0.3,5,2.501753917522475,6.250663220014593,0.9091123684479626,182.2896158695221,0.0,ML,
Mean,False,MAR,0.4,1,3.5384470100809744,8.669837471532079,0.822442530290189,0.0160515308380126,2.0,ML,
Median,False,MAR,0.4,1,3.45578949896719,9.15661993658751,0.8019442698479264,0.0125594139099121,2.0,ML,
KNN,False,MAR,0.4,1,3.3115961473795457,8.159673878850453,0.8427239337213283,0.7347846031188965,2.0,ML,
MICE,False,MAR,0.4,1,2.8001973622877414,6.779474855634375,0.8914301734664708,4.432877063751221,1394.0,ML,
MissForest,False,MAR,0.4,1,2.7680270163808425,7.064892504719962,0.8820961051598634,177.21419525146484,2.0,ML,
Mean_Constrained,True,MAR,0.4,1,3.4671110998938928,8.578467168236417,0.826165320095138,0.0763287544250488,0.0,ML,
Median_Constrained,True,MAR,0.4,1,3.3838531008310517,9.067647845243943,0.8057744651787727,0.0814645290374755,0.0,ML,
KNN_Constrained,True,MAR,0.4,1,3.2519718018926835,8.093496242145699,0.8452647096734055,0.8829774856567383,0.0,ML,
MICE_Constrained,True,MAR,0.4,1,2.7688065223658933,6.762989791926254,0.8919575312686253,3.7178971767425537,0.0,ML,
MissForest_Constrained,True,MAR,0.4,1,2.767282192438872,7.064709404847429,0.8821022164795622,177.71715760231018,0.0,ML,
Mean,False,MAR,0.4,2,3.532515188565104,8.685271350443026,0.8221437009329581,0.0150320529937744,2.0,ML,
Median,False,MAR,0.4,2,3.455201881331403,9.159290679288906,0.8022000615669771,0.0179073810577392,2.0,ML,
KNN,False,MAR,0.4,2,3.2950112879884226,8.09063010544516,0.845664028372316,0.7976374626159668,2.0,ML,
MICE,False,MAR,0.4,2,2.792648618684139,6.708712029517522,0.8938840250447327,5.595967769622803,1696.0,ML,
MissForest,False,MAR,0.4,2,2.8238577520501686,7.337348468330735,0.8730651837778736,177.71524310112,6.0,ML,
Mean_Constrained,True,MAR,0.4,2,3.4612273775854936,8.591630473353835,0.8259581674434189,0.0764601230621337,0.0,ML,
Median_Constrained,True,MAR,0.4,2,3.3836992281717317,9.068903554517409,0.8060847186476054,0.0847468376159668,0.0,ML,
KNN_Constrained,True,MAR,0.4,2,3.2332095513748187,8.0164696327554,0.8484804152053922,0.9251425266265868,0.0,ML,
MICE_Constrained,True,MAR,0.4,2,2.751450999612981,6.68168217699018,0.894737399241157,6.11041784286499,0.0,ML,
MissForest_Constrained,True,MAR,0.4,2,2.822971114327062,7.337049562614292,0.8730755255980898,179.42496132850647,0.0,ML,
Mean,False,MAR,0.4,3,3.516174634694026,8.59169279465055,0.8251729439492251,0.0159602165222167,2.0,ML,
Median,False,MAR,0.4,3,3.4389287682392125,9.095520714206438,0.804067581583637,0.0126972198486328,2.0,ML,
KNN,False,MAR,0.4,3,3.294182428061432,8.04207337560672,0.8468252334587643,0.7874279022216797,3.0,ML,
MICE,False,MAR,0.4,3,2.778911808151828,6.651316328691693,0.8952229008967695,6.75749397277832,1524.0,ML,
MissForest,False,MAR,0.4,3,2.832387287059444,7.200905697453107,0.8771923526806935,178.26452040672302,5.0,ML,
Mean_Constrained,True,MAR,0.4,3,3.4439588289464296,8.495679506056357,0.8290585412758973,0.0761153697967529,0.0,ML,
Median_Constrained,True,MAR,0.4,3,3.366882382538276,9.004690567158265,0.8079613025544222,0.0744266510009765,0.0,ML,
KNN_Constrained,True,MAR,0.4,3,3.2347866880705367,7.970500251844752,0.8495395611438369,0.9047698974609376,0.0,ML,
MICE_Constrained,True,MAR,0.4,3,2.7409230545048406,6.628058068156454,0.8959543868843565,5.993994474411011,0.0,ML,
MissForest_Constrained,True,MAR,0.4,3,2.831307190262836,7.20056745673135,0.8772038894438281,178.71990442276,0.0,ML,
Mean,False,MAR,0.4,4,3.529248795642177,8.60989202882144,0.8235534873536399,0.0143733024597167,3.0,ML,
Median,False,MAR,0.4,4,3.425872564152036,9.05118051765981,0.8050029137916523,0.012723684310913,3.0,ML,
KNN,False,MAR,0.4,4,3.3251572930735094,8.119858341101065,0.8430668927115428,0.7920784950256348,6.0,ML,
MICE,False,MAR,0.4,4,2.864930232183853,7.234339051914276,0.8754294486470513,2.876187562942505,1627.0,ML,
MissForest,False,MAR,0.4,4,2.799370046305229,7.001776939829511,0.8833098465993141,176.87545800209045,6.0,ML,
Mean_Constrained,True,MAR,0.4,4,3.4554176120303657,8.511298148435717,0.8275714100757533,0.0860285758972168,0.0,ML,
Median_Constrained,True,MAR,0.4,4,3.351880667567046,8.9564847136375,0.8090617900644139,0.0709679126739502,0.0,ML,
KNN_Constrained,True,MAR,0.4,4,3.258820229596758,8.036924620841253,0.8462562539164366,0.9860026836395264,0.0,ML,
MICE_Constrained,True,MAR,0.4,4,2.82943156785528,7.218378157698422,0.8759785144465656,3.0734691619873047,0.0,ML,
MissForest_Constrained,True,MAR,0.4,4,2.798485905846035,7.001580327225116,0.8833163999165773,177.44839215278623,0.0,ML,
Mean,False,MAR,0.4,5,3.561329248905693,8.891146507485086,0.8176786040795778,0.0188767910003662,2.0,ML,
Median,False,MAR,0.4,5,3.495839900356895,9.357105992072942,0.7980679742515412,0.0225348472595214,2.0,ML,
KNN,False,MAR,0.4,5,3.3079530048623917,8.229480993140763,0.8438050468393736,0.8490495681762695,2.0,ML,
MICE,False,MAR,0.4,5,2.910920396336706,6.994133685322142,0.8871789954288656,4.518156051635742,1523.0,ML,
MissForest,False,MAR,0.4,5,2.8487966705789365,7.219815957884603,0.8797806547970672,178.23290824890137,3.0,ML,
Mean_Constrained,True,MAR,0.4,5,3.4902306726259016,8.800808180435224,0.8213647282971601,0.0769872665405273,0.0,ML,
Median_Constrained,True,MAR,0.4,5,3.4246884955328274,9.269829928414124,0.8018173474886912,0.072817325592041,0.0,ML,
KNN_Constrained,True,MAR,0.4,5,3.246385063115284,8.15681179844054,0.8465513796296329,0.8374402523040771,0.0,ML,
MICE_Constrained,True,MAR,0.4,5,2.866840242867944,6.966057876524479,0.8880829482365002,6.082137584686279,0.0,ML,
MissForest_Constrained,True,MAR,0.4,5,2.847717842343529,7.21941611713513,0.8797939701675209,177.84201216697693,0.0,ML,
Mean,False,MNAR,0.1,1,3.2713328045760948,7.214587601840465,0.7991537113604186,0.0189011096954345,4.0,ML,
Median,False,MNAR,0.1,1,2.7873522094538563,6.336535354477463,0.8450667919710599,0.0173742771148681,4.0,ML,
KNN,False,MNAR,0.1,1,2.087747186352328,4.4234680405743525,0.9244965882437262,0.4941635131835937,5.0,ML,
MICE,False,MNAR,0.1,1,1.6773566899228691,3.8512545112875785,0.9427671689756189,4.548826456069946,609.0,ML,
MissForest,False,MNAR,0.1,1,1.597948063025708,3.703447528964261,0.9470759366653592,181.345454454422,4.0,ML,
Mean_Constrained,True,MNAR,0.1,1,3.112475871784273,6.945781569334331,0.8138414310469788,0.095060110092163,0.0,ML,
Median_Constrained,True,MNAR,0.1,1,2.610477431583936,5.974800311573578,0.8622512778683582,0.0710830688476562,0.0,ML,
KNN_Constrained,True,MNAR,0.1,1,2.017565928207558,4.323310599088665,0.92787701979404,0.6081418991088867,0.0,ML,
MICE_Constrained,True,MNAR,0.1,1,1.6616569140155597,3.8485266555877633,0.942848216651225,6.611462354660034,0.0,ML,
MissForest_Constrained,True,MNAR,0.1,1,1.5975215732733088,3.703380754640544,0.947077845123168,182.60532188415527,0.0,ML,
Mean,False,MNAR,0.1,2,3.1374330474234315,6.961530608141226,0.813978253678947,0.0185613632202148,3.0,ML,
Median,False,MNAR,0.1,2,2.6524134250474387,6.085093500932043,0.8578690186137392,0.0174276828765869,3.0,ML,
KNN,False,MNAR,0.1,2,2.031050284629981,4.234505647280459,0.9311728675399032,0.5470483303070068,3.0,ML,
MICE,False,MNAR,0.1,2,1.6606028999244298,4.207422454214144,0.9320504658087164,6.733795642852783,646.0,ML,
MissForest,False,MNAR,0.1,2,1.608191057874763,4.084478226508568,0.9359635255455856,183.92162108421329,3.0,ML,
Mean_Constrained,True,MNAR,0.1,2,3.0018475008917123,6.718196694438327,0.8267554134212605,0.0766263008117675,0.0,ML,
Median_Constrained,True,MNAR,0.1,2,2.5045244307400383,5.767573344908536,0.872314819348571,0.0835235118865966,0.0,ML,
KNN_Constrained,True,MNAR,0.1,2,1.9701513282732448,4.146941430579018,0.933989952320763,0.5786104202270508,0.0,ML,
MICE_Constrained,True,MNAR,0.1,2,1.6439443819161663,4.205415163666231,0.9321152855045988,8.453164339065552,0.0,ML,
MissForest_Constrained,True,MNAR,0.1,2,1.607720232447818,4.084389162777261,0.9359663181985792,184.08672213554385,0.0,ML,
Mean,False,MNAR,0.1,3,3.1331944042422077,6.731501260235294,0.811291948360615,0.0184104442596435,4.0,ML,
Median,False,MNAR,0.1,3,2.686324706974585,5.813231858412822,0.8592650841629504,0.0173802375793457,4.0,ML,
KNN,False,MNAR,0.1,3,2.0342499709875823,4.047238752104585,0.9317843192708084,0.4355008602142334,4.0,ML,
MICE,False,MNAR,0.1,3,1.6262087226349795,3.644214345353064,0.9446937268072082,4.432878732681274,685.0,ML,
MissForest,False,MNAR,0.1,3,1.551631124521295,3.5469232534668014,0.9476073758869688,182.9806251525879,4.0,ML,
Mean_Constrained,True,MNAR,0.1,3,2.996340504130569,6.480559101779866,0.825099311470975,0.093796968460083,0.0,ML,
Median_Constrained,True,MNAR,0.1,3,2.5326169200417774,5.467950850494495,0.8754866917636525,0.0701751708984375,0.0,ML,
KNN_Constrained,True,MNAR,0.1,3,1.9732658697922716,3.956121899205588,0.93482126944484,0.5540015697479248,0.0,ML,
MICE_Constrained,True,MNAR,0.1,3,1.609131496114105,3.641837562602448,0.9447658455779668,6.86837911605835,0.0,ML,
MissForest_Constrained,True,MNAR,0.1,3,1.5507085296506906,3.5459624308163904,0.9476357572181032,184.15510964393616,0.0,ML,
Mean,False,MNAR,0.1,4,3.021407053665061,6.317033055275124,0.8362573953192908,0.0142982006072998,4.0,ML,
Median,False,MNAR,0.1,4,2.5948513209335387,5.419314952351276,0.8794896969514574,0.0130872726440429,4.0,ML,
KNN,False,MNAR,0.1,4,2.0082260395687714,3.942548150464368,0.9362192814328164,0.4353001117706299,4.0,ML,
MICE,False,MNAR,0.1,4,1.651833629913315,3.7791502117249074,0.9413964797545996,4.539669513702393,660.0,ML,
MissForest,False,MNAR,0.1,4,1.556847103423765,3.5850044667962986,0.9472630756517536,184.8706631660461,4.0,ML,
Mean_Constrained,True,MNAR,0.1,4,2.895937844657095,6.089582326768394,0.8478365284342052,0.0821247100830078,0.0,ML,
Median_Constrained,True,MNAR,0.1,4,2.452599218102121,5.104489020709123,0.8930846791330901,0.0706818103790283,0.0,ML,
KNN_Constrained,True,MNAR,0.1,4,1.949785096552541,3.859489247185577,0.9388783504859752,0.6740283966064453,0.0,ML,
MICE_Constrained,True,MNAR,0.1,4,1.6298694410607673,3.767598943054372,0.9417541847421254,8.084428548812866,0.0,ML,
MissForest_Constrained,True,MNAR,0.1,4,1.556336500414643,3.58487390207659,0.947266916905746,185.41078233718872,0.0,ML,
Mean,False,MNAR,0.1,5,3.154197940914081,6.493432187575615,0.8339781553166007,0.0186066627502441,4.0,ML,
Median,False,MNAR,0.1,5,2.7307986806455413,5.634477624089033,0.8749959933814584,0.0174758434295654,4.0,ML,
KNN,False,MNAR,0.1,5,2.022336670985982,3.8851877482718224,0.940565223048679,0.4419493675231933,6.0,ML,
MICE,False,MNAR,0.1,5,1.676160291452523,3.760693035427432,0.944313183901394,3.782505989074707,628.0,ML,
MissForest,False,MNAR,0.1,5,1.6095715631994345,3.635944239985944,0.9479463671133698,183.17663288116452,4.0,ML,
Mean_Constrained,True,MNAR,0.1,5,3.010518321743333,6.219146530986083,0.8477076125505563,0.0863721370697021,0.0,ML,
Median_Constrained,True,MNAR,0.1,5,2.5704146542584523,5.259749689131553,0.8910701841674927,0.0713827610015869,0.0,ML,
KNN_Constrained,True,MNAR,0.1,5,1.9591018965720344,3.7839227995682254,0.9436231053212772,0.556964635848999,0.0,ML,
MICE_Constrained,True,MNAR,0.1,5,1.6607492535439017,3.758555382135365,0.9443764729135682,6.518833875656128,0.0,ML,
MissForest_Constrained,True,MNAR,0.1,5,1.60908269525268,3.635833410783812,0.9479495404154312,184.04301691055295,0.0,ML,
Mean,False,MNAR,0.2,1,3.5376543162434126,7.567551433463223,0.7790661961249509,0.0188889503479003,4.0,ML,
Median,False,MNAR,0.2,1,3.137862246690875,6.623961916057939,0.8307272456504449,0.0176293849945068,4.0,ML,
KNN,False,MNAR,0.2,1,2.3593228300339693,4.904370950900487,0.9072063986709372,0.5863056182861328,5.0,ML,
MICE,False,MNAR,0.2,1,1.9455851187697208,4.276380190098176,0.9294488616751596,5.463463306427002,1307.0,ML,
MissForest,False,MNAR,0.2,1,1.7826283706219983,4.071718878893872,0.9360402174505102,184.6981420516968,4.0,ML,
Mean_Constrained,True,MNAR,0.2,1,3.406644302233033,7.349308410302783,0.7916256046008654,0.0768735408782959,0.0,ML,
Median_Constrained,True,MNAR,0.2,1,2.995306313693335,6.337315942202532,0.8450605088024936,0.0822668075561523,0.0,ML,
KNN_Constrained,True,MNAR,0.2,1,2.2988449103900668,4.812589015048086,0.9106470370881392,0.7101483345031738,0.0,ML,
MICE_Constrained,True,MNAR,0.2,1,1.9171421362470955,4.2672689133633375,0.929749174616762,8.913316488265991,0.0,ML,
MissForest_Constrained,True,MNAR,0.2,1,1.7817791261567295,4.071501742993057,0.9360470389404536,183.9873538017273,0.0,ML,
Mean,False,MNAR,0.2,2,3.36613377935988,7.249844398252835,0.793916978069913,0.018402099609375,3.0,ML,
Median,False,MNAR,0.2,2,2.968705532421178,6.453234965728664,0.8367174404314794,0.0174932479858398,3.0,ML,
KNN,False,MNAR,0.2,2,2.250624390243902,4.650667438912899,0.9151961804944144,0.5474998950958252,4.0,ML,
MICE,False,MNAR,0.2,2,1.9821131450998293,4.72471470096712,0.9124742136776464,4.80863618850708,1363.0,ML,
MissForest,False,MNAR,0.2,2,1.786553765615705,4.273775205546117,0.9283843078936728,183.58699369430545,3.0,ML,
Mean_Constrained,True,MNAR,0.2,2,3.242849669302751,7.03390368257318,0.8060107440759591,0.0742242336273193,0.0,ML,
Median_Constrained,True,MNAR,0.2,2,2.83125758477097,6.165559627521535,0.8509507320156998,0.0708272457122802,0.0,ML,
KNN_Constrained,True,MNAR,0.2,2,2.189958120166567,4.550170553418772,0.9188216547830168,0.7378365993499756,0.0,ML,
MICE_Constrained,True,MNAR,0.2,2,1.9481911196508608,4.712124069888998,0.9129400773833324,8.500864505767822,0.0,ML,
MissForest_Constrained,True,MNAR,0.2,2,1.785765544318858,4.273514525454647,0.9283930440648176,184.4600100517273,0.0,ML,
Mean,False,MNAR,0.2,3,3.3683178045878543,7.165831792989966,0.7900033512061173,0.0141637325286865,4.0,ML,
Median,False,MNAR,0.2,3,2.952625601205308,6.314906217836548,0.8369153989354079,0.0127820968627929,4.0,ML,
KNN,False,MNAR,0.2,3,2.2817596337718027,4.661860271892075,0.911121308953794,0.560389518737793,5.0,ML,
MICE,False,MNAR,0.2,3,1.979172887080421,4.54462606282103,0.9155352590190786,4.747996807098389,1373.0,ML,
MissForest,False,MNAR,0.2,3,1.741585733325607,4.072116939044973,0.9321859585550788,183.6016662120819,4.0,ML,
Mean_Constrained,True,MNAR,0.2,3,3.2546523593578645,6.972821729019036,0.8011634271929083,0.0745258331298828,0.0,ML,
Median_Constrained,True,MNAR,0.2,3,2.8258364721562264,6.055636495066023,0.8500319514241543,0.0827713012695312,0.0,ML,
KNN_Constrained,True,MNAR,0.2,3,2.226750072434375,4.574826094481621,0.9144089558850196,0.7250571250915527,0.0,ML,
MICE_Constrained,True,MNAR,0.2,3,1.9457246441299991,4.534281422847594,0.9159193446996268,9.13381314277649,0.0,ML,
MissForest_Constrained,True,MNAR,0.2,3,1.7408793533059046,4.071640560694527,0.932201824136578,184.72187161445615,0.0,ML,
Mean,False,MNAR,0.2,4,3.3071047303331564,6.865002619028394,0.8051350145139479,0.0189149379730224,4.0,ML,
Median,False,MNAR,0.2,4,2.9457864672280785,6.001723485854672,0.851062396999013,0.0175902843475341,4.0,ML,
KNN,False,MNAR,0.2,4,2.205106059713798,4.320856907222981,0.922804468235058,0.5619380474090576,14.0,ML,
MICE,False,MNAR,0.2,4,1.9064288787083687,4.214214247867383,0.926567955992539,4.926957607269287,1432.0,ML,
MissForest,False,MNAR,0.2,4,1.745934727047877,3.991687421256029,0.9341182015789012,184.1938831806183,4.0,ML,
Mean_Constrained,True,MNAR,0.2,4,3.197672421001585,6.676456159312687,0.81569191017399,0.075599193572998,0.0,ML,
Median_Constrained,True,MNAR,0.2,4,2.821441611212532,5.73972967203905,0.863781757650362,0.0713300704956054,0.0,ML,
KNN_Constrained,True,MNAR,0.2,4,2.1465877156822333,4.22339118245405,0.9262477943911708,0.7648220062255859,0.0,ML,
MICE_Constrained,True,MNAR,0.2,4,1.8724752076797029,4.202502614888089,0.926975535712637,8.471362113952637,0.0,ML,
MissForest_Constrained,True,MNAR,0.2,4,1.745412378540722,3.991551799827196,0.9341226782980956,184.9672384262085,0.0,ML,
Mean,False,MNAR,0.2,5,3.44371488409306,7.142510496244215,0.8025389024986751,0.0140433311462402,4.0,ML,
Median,False,MNAR,0.2,5,3.032255998136501,6.282133438232261,0.8472454743512255,0.0126469135284423,4.0,ML,
KNN,False,MNAR,0.2,5,2.3031429070580014,4.515668066044354,0.9210733275514114,0.5287213325500488,5.0,ML,
MICE,False,MNAR,0.2,5,2.160172510906828,4.984910798714119,0.9038178336458074,5.572757005691528,1421.0,ML,
MissForest,False,MNAR,0.2,5,1.819556300955043,4.163579742250275,0.9329013865830998,182.7242214679718,5.0,ML,
Mean_Constrained,True,MNAR,0.2,5,3.335161063896443,6.956557543550454,0.8126867342274233,0.0720102787017822,0.0,ML,
Median_Constrained,True,MNAR,0.2,5,2.9116818075937574,6.031604363652121,0.8591861199350197,0.0708599090576171,0.0,ML,
KNN_Constrained,True,MNAR,0.2,5,2.25037095271372,4.429340450318888,0.9240622199236462,0.726876974105835,0.0,ML,
MICE_Constrained,True,MNAR,0.2,5,2.119048012332335,4.97077786590198,0.9043624408389171,9.235968112945557,0.0,ML,
MissForest_Constrained,True,MNAR,0.2,5,1.8190304449103192,4.163413266882141,0.9329067521789318,183.63257122039795,0.0,ML,
Mean,False,MNAR,0.3,1,3.86398866089284,8.128143628515177,0.7406714076176104,0.0143330097198486,4.0,ML,
Median,False,MNAR,0.3,1,3.5056173152738204,7.178140396719596,0.7977485885395106,0.0133225917816162,4.0,ML,
KNN,False,MNAR,0.3,1,2.745860806432725,5.626870247794129,0.8757199367234896,0.6602072715759277,20.0,ML,
MICE,False,MNAR,0.3,1,2.307789830028,5.006566632244606,0.901610746522454,3.31283974647522,1644.0,ML,
MissForest,False,MNAR,0.3,1,2.0454291892735856,4.612598803600239,0.9164860493993726,181.1070840358734,8.0,ML,
Mean_Constrained,True,MNAR,0.3,1,3.766912424000027,7.972354151681331,0.7505170733378697,0.0751488208770752,0.0,ML,
Median_Constrained,True,MNAR,0.3,1,3.4026468636558804,6.983495559581044,0.8085685067810116,0.0712716579437255,0.0,ML,
KNN_Constrained,True,MNAR,0.3,1,2.686756235606385,5.523176058573171,0.8802582947666012,0.8075518608093262,0.0,ML,
MICE_Constrained,True,MNAR,0.3,1,2.280021371950024,4.998985898531787,0.9019084747296237,3.791485786437988,0.0,ML,
MissForest_Constrained,True,MNAR,0.3,1,2.0445985557593973,4.612359281771764,0.9164947225554984,180.70230746269223,0.0,ML,
Mean,False,MNAR,0.3,2,3.788967430702029,7.974181330984603,0.7517949049495507,0.0146667957305908,3.0,ML,
Median,False,MNAR,0.3,2,3.423037865748709,7.108826631540271,0.8027421370995218,0.0133113861083984,3.0,ML,
KNN,False,MNAR,0.3,2,2.6369116726646844,5.381399946858223,0.8869608148778519,0.6827285289764404,3.0,ML,
MICE,False,MNAR,0.3,2,2.244396707321534,4.90530668994897,0.9060772480457772,4.68236517906189,1744.0,ML,
MissForest,False,MNAR,0.3,2,1.992720051635112,4.528867278512632,0.9199396166952024,181.74859309196472,3.0,ML,
Mean_Constrained,True,MNAR,0.3,2,3.688040179928211,7.810060682980385,0.7619066341903107,0.0841207504272461,0.0,ML,
Median_Constrained,True,MNAR,0.3,2,3.3140369269284937,6.8999718993983095,0.8141625994690331,0.0829150676727294,0.0,ML,
KNN_Constrained,True,MNAR,0.3,2,2.573091456736035,5.256742707139351,0.8921371429491524,0.7902200222015381,0.0,ML,
MICE_Constrained,True,MNAR,0.3,2,2.217696614900964,4.900636895773303,0.906255989631888,5.6156182289123535,0.0,ML,
MissForest_Constrained,True,MNAR,0.3,2,1.991888022218745,4.52860465464171,0.9199489016474202,183.7432806491852,0.0,ML,
Mean,False,MNAR,0.3,3,3.789565269930852,7.838904912681415,0.7525874581337483,0.0144400596618652,4.0,ML,
Median,False,MNAR,0.3,3,3.457262483599598,6.923084997383101,0.8070209137809419,0.0131926536560058,4.0,ML,
KNN,False,MNAR,0.3,3,2.7045104576676704,5.491554260276714,0.8785768552537002,0.6610314846038818,7.0,ML,
MICE,False,MNAR,0.3,3,2.2552811374558464,4.922828776966027,0.902424591160679,3.040548086166382,1640.0,ML,
MissForest,False,MNAR,0.3,3,1.9934020220730104,4.519897767952518,0.917743894744748,181.8115665912628,6.0,ML,
Mean_Constrained,True,MNAR,0.3,3,3.697862583906312,7.690278701235994,0.7618804370298864,0.0742199420928955,0.0,ML,
Median_Constrained,True,MNAR,0.3,3,3.359612564636876,6.735693908141333,0.8173264769364581,0.0712325572967529,0.0,ML,
KNN_Constrained,True,MNAR,0.3,3,2.650161457127421,5.394884784561875,0.8828141251417665,0.7820847034454346,0.0,ML,
MICE_Constrained,True,MNAR,0.3,3,2.227669826637669,4.915596082379882,0.9027110990715984,3.4342143535614014,0.0,ML,
MissForest_Constrained,True,MNAR,0.3,3,1.9927510226132592,4.519552213693888,0.9177564715163468,181.2173569202423,0.0,ML,
Mean,False,MNAR,0.3,4,3.728745709750725,7.661130574483586,0.7621658318415868,0.0148863792419433,4.0,ML,
Median,False,MNAR,0.3,4,3.374446096072602,6.737720600052264,0.8160437644346763,0.0135960578918457,4.0,ML,
KNN,False,MNAR,0.3,4,2.5776431700829288,5.069428850701078,0.8958626354561285,0.66278076171875,16.0,ML,
MICE,False,MNAR,0.3,4,2.31464696153168,5.10621524477907,0.894345802884402,1.72284197807312,1821.0,ML,
MissForest,False,MNAR,0.3,4,1.9970047879831008,4.414524812138847,0.9210310356165378,180.10418462753296,4.0,ML,
Mean_Constrained,True,MNAR,0.3,4,3.633945442079268,7.506107488640197,0.7716936047946753,0.0727462768554687,0.0,ML,
Median_Constrained,True,MNAR,0.3,4,3.271664841182913,6.536110657014023,0.826887945431523,0.0714149475097656,0.0,ML,
KNN_Constrained,True,MNAR,0.3,4,2.5133378970427165,4.937213947997309,0.9012237776398856,0.799473762512207,0.0,ML,
MICE_Constrained,True,MNAR,0.3,4,2.287314741704846,5.100839271675865,0.8945681574442037,2.765451669692993,0.0,ML,
MissForest_Constrained,True,MNAR,0.3,4,1.9963217962760127,4.414342274307277,0.9210375661157923,181.43933200836184,0.0,ML,
Mean,False,MNAR,0.3,5,3.811481240227739,7.863700448152406,0.7571325991255138,0.0181930065155029,4.0,ML,
Median,False,MNAR,0.3,5,3.4422811329588017,6.948209128462722,0.810390075690629,0.0172152519226074,4.0,ML,
KNN,False,MNAR,0.3,5,2.663439138576779,5.26837882429971,0.8909892587080143,0.6335725784301758,15.0,ML,
MICE,False,MNAR,0.3,5,2.370253394847201,5.195236099769391,0.8939951147974139,4.6307220458984375,1761.0,ML,
MissForest,False,MNAR,0.3,5,2.070131733770287,4.726632909899539,0.912255672260822,184.04527163505557,6.0,ML,
Mean_Constrained,True,MNAR,0.3,5,3.7197618913370007,7.714920439824199,0.7662356902332078,0.0858170986175537,0.0,ML,
Median_Constrained,True,MNAR,0.3,5,3.3431277309612986,6.756656367668502,0.8207005464586957,0.0713987350463867,0.0,ML,
KNN_Constrained,True,MNAR,0.3,5,2.617044007490637,5.19367533352225,0.8940587977528733,0.7800474166870117,0.0,ML,
MICE_Constrained,True,MNAR,0.3,5,2.3389438467912584,5.184337300486673,0.8944394118793304,6.7867090702056885,0.0,ML,
MissForest_Constrained,True,MNAR,0.3,5,2.069405688202248,4.726436904586953,0.9122629493217324,182.83886337280276,0.0,ML,
Mean,False,MNAR,0.4,1,4.37173629192007,8.90112841264819,0.6862352348046521,0.0151312351226806,4.0,ML,
Median,False,MNAR,0.4,1,3.919703492266915,7.766987318813006,0.761098304859225,0.0127539634704589,4.0,ML,
KNN,False,MNAR,0.4,1,3.4063762560801565,6.7935989033495945,0.8172262409521323,0.7064676284790039,12.0,ML,
MICE,False,MNAR,0.4,1,2.737936339825608,5.634822243488191,0.874259703589942,2.4471147060394287,1676.0,ML,
MissForest,False,MNAR,0.4,1,2.3894876591034864,5.1729838310195655,0.8940267432806743,178.99134588241577,7.0,ML,
Mean_Constrained,True,MNAR,0.4,1,4.307096802489542,8.804435452299908,0.6930150625221285,0.0766396522521972,0.0,ML,
Median_Constrained,True,MNAR,0.4,1,3.85521742929543,7.656401770590395,0.7678527896670927,0.0885794162750244,0.0,ML,
KNN_Constrained,True,MNAR,0.4,1,3.3625845687822213,6.718684916598937,0.8212349608137972,0.9158854484558104,0.0,ML,
MICE_Constrained,True,MNAR,0.4,1,2.7139468747294644,5.625286585657813,0.8746849173264835,4.37226939201355,0.0,ML,
MissForest_Constrained,True,MNAR,0.4,1,2.3880674511403024,5.171909755288854,0.8940707455394086,178.41341304779053,0.0,ML,
Mean,False,MNAR,0.4,2,4.388634957562871,8.988280126290663,0.6856491347869078,0.0147347450256347,2.0,ML,
Median,False,MNAR,0.4,2,3.9248004910988334,7.845582613226933,0.7604965015402618,0.0131111145019531,2.0,ML,
KNN,False,MNAR,0.4,2,3.3223369288783653,6.736186605094948,0.8234410730193792,0.7865104675292969,2.0,ML,
MICE,False,MNAR,0.4,2,2.774380683332207,5.7676464957728495,0.8705629130457714,1.4228837490081787,1632.0,ML,
MissForest,False,MNAR,0.4,2,2.390538191703937,5.216185932171054,0.8941312978763696,177.9760935306549,3.0,ML,
Mean_Constrained,True,MNAR,0.4,2,4.322519546496764,8.891168581393522,0.6924050851290885,0.0769743919372558,0.0,ML,
Median_Constrained,True,MNAR,0.4,2,3.857610570317753,7.730905778359845,0.7674468521869766,0.0712366104125976,0.0,ML,
KNN_Constrained,True,MNAR,0.4,2,3.2702775293051536,6.636240260511167,0.8286414952754507,0.8808374404907227,0.0,ML,
MICE_Constrained,True,MNAR,0.4,2,2.7550055836373533,5.763666535307471,0.8707414873561803,1.8591883182525637,0.0,ML,
MissForest_Constrained,True,MNAR,0.4,2,2.3895121459265103,5.215832061607539,0.894145661837692,178.42377829551697,0.0,ML,
Mean,False,MNAR,0.4,3,4.303276477853718,8.749238707988836,0.6952341654201164,0.0140144824981689,4.0,ML,
Median,False,MNAR,0.4,3,3.880655943118571,7.604981612752444,0.7697380995888392,0.0128095149993896,4.0,ML,
KNN,False,MNAR,0.4,3,3.37843634350322,6.837846215775032,0.8138494145572484,0.7559223175048828,19.0,ML,
MICE,False,MNAR,0.4,3,2.6886772046625858,5.61892073005826,0.8743010764661834,3.326497793197632,1538.0,ML,
MissForest,False,MNAR,0.4,3,2.3472445085526124,5.189172297087442,0.8927932995427057,179.61796712875366,20.0,ML,
Mean_Constrained,True,MNAR,0.4,3,4.234630936220992,8.644774930989847,0.7024683781982679,0.0756063461303711,0.0,ML,
Median_Constrained,True,MNAR,0.4,3,3.810515779351342,7.479684235869976,0.7772630461704828,0.073193073272705,0.0,ML,
KNN_Constrained,True,MNAR,0.4,3,3.3190692659614767,6.721736392946319,0.8201175883834028,0.8928923606872559,0.0,ML,
MICE_Constrained,True,MNAR,0.4,3,2.6681868417822963,5.614185726808576,0.8745128374295852,4.70669960975647,0.0,ML,
MissForest_Constrained,True,MNAR,0.4,3,2.346260156773611,5.188826290503056,0.8928075958448634,179.50735592842102,0.0,ML,
Mean,False,MNAR,0.4,4,4.2740772382825725,8.633944335932968,0.7037684053375102,0.0139169692993164,4.0,ML,
Median,False,MNAR,0.4,4,3.862691347142648,7.589200940303015,0.7711215037820096,0.012751817703247,4.0,ML,
KNN,False,MNAR,0.4,4,3.2397671808432493,6.42341903124857,0.8360371736748822,0.7173433303833008,45.0,ML,
MICE,False,MNAR,0.4,4,2.753730633884248,5.782106142191758,0.8671428269597001,4.407987117767334,1749.0,ML,
MissForest,False,MNAR,0.4,4,2.3626524695166737,5.065574476798265,0.8980304981563116,181.666291475296,8.0,ML,
Mean_Constrained,True,MNAR,0.4,4,4.20754756340573,8.53604494169503,0.7104481969820825,0.0764462947845459,0.0,ML,
Median_Constrained,True,MNAR,0.4,4,3.7941589540179232,7.471577051758899,0.7781612309367972,0.0827906131744384,0.0,ML,
KNN_Constrained,True,MNAR,0.4,4,3.1870126634347,6.321703635018678,0.8411887910895691,0.9049432277679444,0.0,ML,
MICE_Constrained,True,MNAR,0.4,4,2.731462342589307,5.773015849258917,0.8675602393160585,6.747125625610352,0.0,ML,
MissForest_Constrained,True,MNAR,0.4,4,2.36164115763185,5.06511872666414,0.8980488457391109,181.3931949138641,0.0,ML,
Mean,False,MNAR,0.4,5,4.354963506059961,8.848240713993171,0.6835932881506998,0.0148355960845947,4.0,ML,
Median,False,MNAR,0.4,5,3.879691823716175,7.708208914138633,0.7598742230835027,0.0132219791412353,4.0,ML,
KNN,False,MNAR,0.4,5,3.402989193440331,6.699188266361478,0.818625513753332,0.7307865619659424,58.0,ML,
MICE,False,MNAR,0.4,5,2.761209434093491,5.744758136214802,0.8666247251747796,4.14642858505249,1682.0,ML,
MissForest,False,MNAR,0.4,5,2.3707557892283937,5.09895823500183,0.8949261273822714,180.5429708957672,8.0,ML,
Mean_Constrained,True,MNAR,0.4,5,4.290506337260277,8.749903684996061,0.6905871297108448,0.0821518898010253,0.0,ML,
Median_Constrained,True,MNAR,0.4,5,3.813803850747138,7.591027771670701,0.7671195722677544,0.071357250213623,0.0,ML,
KNN_Constrained,True,MNAR,0.4,5,3.3548490285747574,6.611181307763113,0.8233596304195562,0.8805403709411621,0.0,ML,
MICE_Constrained,True,MNAR,0.4,5,2.7344095416499763,5.731641214546831,0.8672330974396806,7.534923553466797,0.0,ML,
MissForest_Constrained,True,MNAR,0.4,5,2.369725233753749,5.098451571629226,0.894947007897561,181.2054731845856,0.0,ML,
GAIN,True,MCAR,0.1,1,4.281789877803256,9.687879963568946,0.8055657475985617,2.072178840637207,326.0,DL,GAIN
VAEM_ld16_lr1e-04_ep50,True,MCAR,0.1,1,4.118539912357931,9.4268134784385,0.8159036811353668,0.4750497341156006,251.0,DL,VAEM
VAEM_ld16_lr1e-04_ep200,True,MCAR,0.1,1,3.739871860256293,8.672037512350364,0.8442035448169855,2.024848937988281,150.0,DL,VAEM
VAEM_ld16_lr1e-03_ep50,True,MCAR,0.1,1,3.3847764863104555,7.958633531212578,0.8687823392996448,0.5487806797027588,57.0,DL,VAEM
VAEM_ld16_lr1e-03_ep200,True,MCAR,0.1,1,3.175953940235392,7.720793457739951,0.8765079086229706,2.0441601276397705,19.0,DL,VAEM
VAEM_ld32_lr1e-04_ep50,True,MCAR,0.1,1,4.104057942753632,9.39547576672413,0.8171256355378542,0.5010735988616943,258.0,DL,VAEM
VAEM_ld32_lr1e-04_ep200,True,MCAR,0.1,1,3.6942153869218046,8.504432156016337,0.850167537155746,1.9423558712005613,110.0,DL,VAEM
VAEM_ld32_lr1e-03_ep50,True,MCAR,0.1,1,3.3737318123138005,7.931199920039014,0.8696854013673082,0.4643919467926025,35.0,DL,VAEM
VAEM_ld32_lr1e-03_ep200,True,MCAR,0.1,1,3.157736643376765,7.614100847422701,0.8798973677717068,1.676307201385498,22.0,DL,VAEM
VAEM_ld64_lr1e-04_ep50,True,MCAR,0.1,1,4.077195382590661,9.206766779774185,0.8243979585783279,0.5019490718841553,322.0,DL,VAEM
VAEM_ld64_lr1e-04_ep200,True,MCAR,0.1,1,3.677124498025601,8.457452788518701,0.851818345117401,1.8330602645874023,201.0,DL,VAEM
VAEM_ld64_lr1e-03_ep50,True,MCAR,0.1,1,3.364481426849467,7.919133619774726,0.8700816135364998,0.4974861145019531,30.0,DL,VAEM
VAEM_ld64_lr1e-03_ep200,True,MCAR,0.1,1,3.170670211394736,7.684052900879845,0.8776804235545367,1.876047134399414,19.0,DL,VAEM
VaDER_ld16_lr1e-04_ep50,True,MCAR,0.1,1,4.114795387709798,9.371974625847631,0.8180393478958915,0.5226857662200928,257.0,DL,VaDER
VaDER_ld16_lr1e-04_ep200,True,MCAR,0.1,1,3.761722342339104,8.728821904677593,0.8421565584168136,1.9682300090789795,141.0,DL,VaDER
VaDER_ld16_lr1e-03_ep50,True,MCAR,0.1,1,3.3994986783861703,7.995936165830379,0.8675494051600242,0.5053186416625977,55.0,DL,VaDER
VaDER_ld16_lr1e-03_ep200,True,MCAR,0.1,1,3.1923575957125734,7.700556760494379,0.877154421695651,1.866321325302124,22.0,DL,VaDER
VaDER_ld32_lr1e-04_ep50,True,MCAR,0.1,1,4.1318957760009,9.493895907027191,0.8132742520137016,0.5343072414398193,265.0,DL,VaDER
VaDER_ld32_lr1e-04_ep200,True,MCAR,0.1,1,3.705480526841431,8.528981087365123,0.8493012745835911,2.0490996837615967,105.0,DL,VaDER
VaDER_ld32_lr1e-03_ep50,True,MCAR,0.1,1,3.3682614891968004,7.893233912871397,0.8709300259729658,0.5100109577178955,32.0,DL,VaDER
VaDER_ld32_lr1e-03_ep200,True,MCAR,0.1,1,3.161923695852716,7.675030035857588,0.8779675181536186,1.9734103679656985,26.0,DL,VaDER
VaDER_ld64_lr1e-04_ep50,True,MCAR,0.1,1,4.093633522964156,9.315926486179055,0.8202092343363543,0.5041160583496094,318.0,DL,VaDER
VaDER_ld64_lr1e-04_ep200,True,MCAR,0.1,1,3.69997947202203,8.528140323406756,0.8493309840672048,2.0688369274139404,176.0,DL,VaDER
VaDER_ld64_lr1e-03_ep50,True,MCAR,0.1,1,3.370912796764672,7.890928555748458,0.871005409253019,0.5376441478729248,32.0,DL,VaDER
VaDER_ld64_lr1e-03_ep200,True,MCAR,0.1,1,3.1650916958614035,7.622487204524281,0.8796326541112898,1.9637975692749023,24.0,DL,VaDER
GAIN,True,MCAR,0.1,2,4.428152214018781,9.908017934197852,0.7733568820911619,1.651130199432373,385.0,DL,GAIN
VAEM_ld16_lr1e-04_ep50,True,MCAR,0.1,2,4.016338224144305,9.055756535850024,0.8106704319595583,0.5087099075317383,256.0,DL,VAEM
VAEM_ld16_lr1e-04_ep200,True,MCAR,0.1,2,3.420230071829486,7.634903486901551,0.8654213798689875,1.9258732795715328,100.0,DL,VAEM
VAEM_ld16_lr1e-03_ep50,True,MCAR,0.1,2,3.223034543224119,7.275920245784779,0.8777792827728981,0.5219426155090332,21.0,DL,VAEM
VAEM_ld16_lr1e-03_ep200,True,MCAR,0.1,2,3.1033365867970324,7.074971548988507,0.8844371181419527,1.8789269924163816,32.0,DL,VAEM
VAEM_ld32_lr1e-04_ep50,True,MCAR,0.1,2,3.9557797470671296,8.818064251415537,0.8204789061093257,0.4676284790039062,216.0,DL,VAEM
VAEM_ld32_lr1e-04_ep200,True,MCAR,0.1,2,3.418229100961974,7.592180190155422,0.8669233125248065,1.7870678901672363,79.0,DL,VAEM
VAEM_ld32_lr1e-03_ep50,True,MCAR,0.1,2,3.210623024429158,7.201311162627232,0.8802729941550692,0.5046453475952148,13.0,DL,VAEM
VAEM_ld32_lr1e-03_ep200,True,MCAR,0.1,2,3.101695758470393,7.0550905174190905,0.8850856808187967,1.7902066707611084,40.0,DL,VAEM
VAEM_ld64_lr1e-04_ep50,True,MCAR,0.1,2,3.943666191291872,8.7325601171154,0.8239434706295101,0.4449474811553955,316.0,DL,VAEM
VAEM_ld64_lr1e-04_ep200,True,MCAR,0.1,2,3.407003738559752,7.578807878318557,0.8673916828058281,1.8193325996398928,101.0,DL,VAEM
VAEM_ld64_lr1e-03_ep50,True,MCAR,0.1,2,3.2084523099163262,7.264478179142151,0.8781633875848232,0.4714686870574951,11.0,DL,VAEM
VAEM_ld64_lr1e-03_ep200,True,MCAR,0.1,2,3.095736155205644,7.083854905762096,0.8841467337086772,1.786250114440918,38.0,DL,VAEM
VaDER_ld16_lr1e-04_ep50,True,MCAR,0.1,2,4.005030906078511,8.984459594946497,0.8136399201374114,0.4662427902221679,248.0,DL,VaDER
VaDER_ld16_lr1e-04_ep200,True,MCAR,0.1,2,3.443350010157444,7.6909639457237615,0.8634377954850573,1.858628273010254,106.0,DL,VaDER
VaDER_ld16_lr1e-03_ep50,True,MCAR,0.1,2,3.231752097284041,7.339637022330179,0.8756292843387814,0.4947273731231689,16.0,DL,VaDER
VaDER_ld16_lr1e-03_ep200,True,MCAR,0.1,2,3.1204457046569543,7.171026655263809,0.8812778803919987,1.9729399681091309,30.0,DL,VaDER
VaDER_ld32_lr1e-04_ep50,True,MCAR,0.1,2,3.980519772762808,8.946938400909076,0.8151932359687608,0.5008318424224854,220.0,DL,VaDER
VaDER_ld32_lr1e-04_ep200,True,MCAR,0.1,2,3.4422680482470693,7.703470755523175,0.8629932878150698,1.90100622177124,83.0,DL,VaDER
VaDER_ld32_lr1e-03_ep50,True,MCAR,0.1,2,3.2181909870195406,7.2605835294057375,0.8782939912485005,0.497960090637207,21.0,DL,VaDER
VaDER_ld32_lr1e-03_ep200,True,MCAR,0.1,2,3.108259218261997,7.064764048691107,0.8847703370661133,1.823570251464844,42.0,DL,VaDER
VaDER_ld64_lr1e-04_ep50,True,MCAR,0.1,2,3.9676381668577214,8.82560225210923,0.8201718526593292,0.4693086147308349,292.0,DL,VaDER
VaDER_ld64_lr1e-04_ep200,True,MCAR,0.1,2,3.423536606897183,7.640622456411354,0.8652196905398839,1.9023616313934328,112.0,DL,VaDER
VaDER_ld64_lr1e-03_ep50,True,MCAR,0.1,2,3.236399429346504,7.332521228503674,0.8758703227893396,0.5080692768096924,18.0,DL,VaDER
VaDER_ld64_lr1e-03_ep200,True,MCAR,0.1,2,3.110886044382375,7.0883400232363,0.8839999831011748,1.9685566425323489,34.0,DL,VaDER
GAIN,True,MCAR,0.1,3,4.331522134696121,9.969891159281907,0.7955033155821895,1.698122262954712,349.0,DL,GAIN
VAEM_ld16_lr1e-04_ep50,True,MCAR,0.1,3,3.8708247986069937,9.209856937689796,0.8254936620504093,0.4854929447174072,194.0,DL,VAEM
VAEM_ld16_lr1e-04_ep200,True,MCAR,0.1,3,3.3395583386650314,7.927669235073573,0.8707006086941992,1.4364805221557615,56.0,DL,VAEM
VAEM_ld16_lr1e-03_ep50,True,MCAR,0.1,3,3.203997921206525,7.640818796195319,0.8798883211013822,0.5149385929107666,11.0,DL,VAEM
VAEM_ld16_lr1e-03_ep200,True,MCAR,0.1,3,3.13764059776705,7.600739749062119,0.881145080677389,1.9274299144744875,44.0,DL,VAEM
VAEM_ld32_lr1e-04_ep50,True,MCAR,0.1,3,3.833634405688393,9.043725599050711,0.8317325202534889,0.5557608604431152,156.0,DL,VAEM
VAEM_ld32_lr1e-04_ep200,True,MCAR,0.1,3,3.342759582146442,7.980041335158598,0.8689865996605339,2.0847280025482178,39.0,DL,VAEM
VAEM_ld32_lr1e-03_ep50,True,MCAR,0.1,3,3.2078820982610106,7.731673816363799,0.8770149040883763,0.5446727275848389,15.0,DL,VAEM
VAEM_ld32_lr1e-03_ep200,True,MCAR,0.1,3,3.144294628272761,7.653054684381567,0.8795033231403312,2.033021926879883,45.0,DL,VAEM
VAEM_ld64_lr1e-04_ep50,True,MCAR,0.1,3,3.8281995943399,8.985793794532839,0.833881372938001,0.4894158840179443,256.0,DL,VAEM
VAEM_ld64_lr1e-04_ep200,True,MCAR,0.1,3,3.323011390632914,7.883585579897257,0.8721346094201327,1.967499017715454,44.0,DL,VAEM
VAEM_ld64_lr1e-03_ep50,True,MCAR,0.1,3,3.191453222943664,7.654953408936133,0.8794435252191198,0.4919116497039795,18.0,DL,VAEM
VAEM_ld64_lr1e-03_ep200,True,MCAR,0.1,3,3.137219638731724,7.593407328432852,0.881374288340479,2.287518262863159,40.0,DL,VAEM
VaDER_ld16_lr1e-04_ep50,True,MCAR,0.1,3,3.880981659891426,9.239182010068996,0.8243806028160147,0.4758527278900146,190.0,DL,VaDER
VaDER_ld16_lr1e-04_ep200,True,MCAR,0.1,3,3.363099009962588,8.016438463991948,0.8677887646998006,2.012570142745972,48.0,DL,VaDER
VaDER_ld16_lr1e-03_ep50,True,MCAR,0.1,3,3.22708546510132,7.769762720855602,0.8758001849751292,0.5200545787811279,12.0,DL,VaDER
VaDER_ld16_lr1e-03_ep200,True,MCAR,0.1,3,3.1650611780662863,7.720548424361421,0.8773685850678894,2.0358357429504395,45.0,DL,VaDER
VaDER_ld32_lr1e-04_ep50,True,MCAR,0.1,3,3.8202699592843543,9.014765827295346,0.8328084453522184,0.575913667678833,159.0,DL,VaDER
VaDER_ld32_lr1e-04_ep200,True,MCAR,0.1,3,3.347958459635432,7.981462546648735,0.868939929644022,2.145262718200684,32.0,DL,VaDER
VaDER_ld32_lr1e-03_ep50,True,MCAR,0.1,3,3.2000897793938057,7.752276348370405,0.8763585959357894,0.4804704189300537,20.0,DL,VaDER
VaDER_ld32_lr1e-03_ep200,True,MCAR,0.1,3,3.180598001326555,7.843450481726746,0.8734332131588682,1.979323148727417,48.0,DL,VaDER
VaDER_ld64_lr1e-04_ep50,True,MCAR,0.1,3,3.829720755362111,8.932973837909763,0.8358285776621799,0.5432243347167969,249.0,DL,VaDER
VaDER_ld64_lr1e-04_ep200,True,MCAR,0.1,3,3.3539412675107583,7.963440544949474,0.8695311240922634,1.912801504135132,41.0,DL,VaDER
VaDER_ld64_lr1e-03_ep50,True,MCAR,0.1,3,3.1891665964219538,7.646137229290427,0.8797210541454806,0.4861268997192383,15.0,DL,VaDER
VaDER_ld64_lr1e-03_ep200,True,MCAR,0.1,3,3.1437662331568363,7.729500451719781,0.8770840363093887,1.917674779891968,45.0,DL,VaDER
GAIN,True,MCAR,0.1,4,4.29389530941997,9.677828083012937,0.7860114406251714,1.5531153678894043,349.0,DL,GAIN
VAEM_ld16_lr1e-04_ep50,True,MCAR,0.1,4,3.664469308496281,8.340528979704153,0.8410641238780658,0.493088960647583,140.0,DL,VAEM
VAEM_ld16_lr1e-04_ep200,True,MCAR,0.1,4,3.174613217145666,7.327035726879137,0.8773432742508717,1.853986978530884,28.0,DL,VAEM
VAEM_ld16_lr1e-03_ep50,True,MCAR,0.1,4,3.0668466733494766,7.128313735531235,0.8839063780772677,0.4593203067779541,15.0,DL,VAEM
VAEM_ld16_lr1e-03_ep200,True,MCAR,0.1,4,3.0469223219930277,7.1967297278349,0.8816672015773782,1.941554307937622,33.0,DL,VAEM
VAEM_ld32_lr1e-04_ep50,True,MCAR,0.1,4,3.619675754612397,8.255439477013155,0.8442904876692603,0.4673211574554443,127.0,DL,VAEM
VAEM_ld32_lr1e-04_ep200,True,MCAR,0.1,4,3.1785120431889227,7.326365959954758,0.8773656974152388,1.7302732467651367,22.0,DL,VAEM
VAEM_ld32_lr1e-03_ep50,True,MCAR,0.1,4,3.073379511321133,7.157283213744142,0.8829608513388513,0.5001428127288818,13.0,DL,VAEM
VAEM_ld32_lr1e-03_ep200,True,MCAR,0.1,4,3.03535726370874,7.204143455511761,0.8814232743922193,1.9153070449829104,42.0,DL,VAEM
VAEM_ld64_lr1e-04_ep50,True,MCAR,0.1,4,3.6365181143405847,8.293583506917935,0.842848260468371,0.5076265335083008,221.0,DL,VAEM
VAEM_ld64_lr1e-04_ep200,True,MCAR,0.1,4,3.185472939290229,7.359185404877645,0.876264522683932,2.032678365707397,24.0,DL,VAEM
VAEM_ld64_lr1e-03_ep50,True,MCAR,0.1,4,3.0861931503591498,7.180629771626438,0.882196058965585,0.4978890419006347,20.0,DL,VAEM
VAEM_ld64_lr1e-03_ep200,True,MCAR,0.1,4,3.0466114957294046,7.251740109801405,0.879851262538881,1.96407413482666,40.0,DL,VAEM
VaDER_ld16_lr1e-04_ep50,True,MCAR,0.1,4,3.693681435856685,8.440572458670028,0.8372284294889671,0.5264053344726562,150.0,DL,VaDER
VaDER_ld16_lr1e-04_ep200,True,MCAR,0.1,4,3.205146945760109,7.400778981130121,0.8748618823555022,2.1080191135406494,30.0,DL,VaDER
VaDER_ld16_lr1e-03_ep50,True,MCAR,0.1,4,3.1064476887278936,7.242791164059462,0.8801476165429989,0.5023496150970459,21.0,DL,VaDER
VaDER_ld16_lr1e-03_ep200,True,MCAR,0.1,4,3.074378657125952,7.257481418188268,0.8796609402133969,1.9428894519805908,53.0,DL,VaDER
VaDER_ld32_lr1e-04_ep50,True,MCAR,0.1,4,3.6241215691410464,8.236294446417016,0.8450118561009854,0.5138967037200928,129.0,DL,VaDER
VaDER_ld32_lr1e-04_ep200,True,MCAR,0.1,4,3.2010183497769384,7.402840876671292,0.8747921443804707,2.0865864753723145,23.0,DL,VaDER
VaDER_ld32_lr1e-03_ep50,True,MCAR,0.1,4,3.093375856194984,7.26956128853156,0.8792600049687238,0.5009961128234863,20.0,DL,VaDER
VaDER_ld32_lr1e-03_ep200,True,MCAR,0.1,4,3.083892526719388,7.274193057844674,0.8791060980298452,2.072950839996338,48.0,DL,VaDER
VaDER_ld64_lr1e-04_ep50,True,MCAR,0.1,4,3.650286949975561,8.328295630427018,0.8415300157153566,0.5136692523956299,198.0,DL,VaDER
VaDER_ld64_lr1e-04_ep200,True,MCAR,0.1,4,3.1986769316900525,7.365348584997071,0.8760571836035324,2.056203842163086,31.0,DL,VaDER
VaDER_ld64_lr1e-03_ep50,True,MCAR,0.1,4,3.086061723802072,7.178764908854817,0.8822572401331557,0.4867734909057617,24.0,DL,VaDER
VaDER_ld64_lr1e-03_ep200,True,MCAR,0.1,4,3.097519903777884,7.34371862192159,0.876784085261218,1.8892524242401123,57.0,DL,VaDER
GAIN,True,MCAR,0.1,5,4.300102031678269,9.909342220040816,0.7877684830568619,1.633174180984497,315.0,DL,GAIN
VAEM_ld16_lr1e-04_ep50,True,MCAR,0.1,5,3.620214326201463,8.599935688161503,0.8401507396168921,0.4518985748291015,106.0,DL,VAEM
VAEM_ld16_lr1e-04_ep200,True,MCAR,0.1,5,3.234212635790464,7.860863505189899,0.866444820695625,1.9596655368804927,10.0,DL,VAEM
VAEM_ld16_lr1e-03_ep50,True,MCAR,0.1,5,3.158389116695336,7.682768667403452,0.8724278904462563,0.472153902053833,19.0,DL,VAEM
VAEM_ld16_lr1e-03_ep200,True,MCAR,0.1,5,3.106114568024912,7.7303974915422975,0.8708412374940061,1.85519814491272,37.0,DL,VAEM
VAEM_ld32_lr1e-04_ep50,True,MCAR,0.1,5,3.5842063475500963,8.42886806840152,0.8464468477369453,0.5162594318389893,95.0,DL,VAEM
VAEM_ld32_lr1e-04_ep200,True,MCAR,0.1,5,3.242972252972483,7.853251241323632,0.8667033584535062,1.8984920978546145,9.0,DL,VAEM
VAEM_ld32_lr1e-03_ep50,True,MCAR,0.1,5,3.1422365957220166,7.659890198933782,0.8731865515203521,0.3713233470916748,25.0,DL,VAEM
VAEM_ld32_lr1e-03_ep200,True,MCAR,0.1,5,3.1081262726188443,7.697846273674503,0.8719266728355881,1.8554811477661133,43.0,DL,VAEM
VAEM_ld64_lr1e-04_ep50,True,MCAR,0.1,5,3.588257800865832,8.45304775064082,0.8455645959561012,0.4930863380432129,167.0,DL,VAEM
VAEM_ld64_lr1e-04_ep200,True,MCAR,0.1,5,3.2196093678015307,7.834510015980262,0.8673388052259364,1.9283103942871092,14.0,DL,VAEM
VAEM_ld64_lr1e-03_ep50,True,MCAR,0.1,5,3.129441212899639,7.670100557988367,0.8728482506370505,0.4831399917602539,32.0,DL,VAEM
VAEM_ld64_lr1e-03_ep200,True,MCAR,0.1,5,3.107481736618041,7.627299139139581,0.8742633795501048,1.9519920349121092,50.0,DL,VAEM
VaDER_ld16_lr1e-04_ep50,True,MCAR,0.1,5,3.6351411966239646,8.588921928416958,0.8405599087243263,0.4998698234558105,118.0,DL,VaDER
VaDER_ld16_lr1e-04_ep200,True,MCAR,0.1,5,3.240222304313944,7.8088925034333,0.8682049458368574,1.9537584781646729,17.0,DL,VaDER
VaDER_ld16_lr1e-03_ep50,True,MCAR,0.1,5,3.1495396271688287,7.629872379489832,0.8741785251035026,0.4676029682159424,22.0,DL,VaDER
VaDER_ld16_lr1e-03_ep200,True,MCAR,0.1,5,3.113704955613916,7.7347639264171795,0.8706952883109172,1.9499642848968504,36.0,DL,VaDER
VaDER_ld32_lr1e-04_ep50,True,MCAR,0.1,5,3.637053104164415,8.569517327613838,0.8412795278849994,0.5179615020751953,92.0,DL,VaDER
VaDER_ld32_lr1e-04_ep200,True,MCAR,0.1,5,3.252530807580606,7.884196345402535,0.8656507994063837,1.8148283958435056,19.0,DL,VaDER
VaDER_ld32_lr1e-03_ep50,True,MCAR,0.1,5,3.134191410711131,7.709733892762031,0.871530805616003,0.4886555671691894,26.0,DL,VaDER
VaDER_ld32_lr1e-03_ep200,True,MCAR,0.1,5,3.1322172874114536,7.741176673909441,0.8704807912144448,1.824712038040161,52.0,DL,VaDER
VaDER_ld64_lr1e-04_ep50,True,MCAR,0.1,5,3.60175645175697,8.459108310171437,0.8453430662745858,0.4829428195953369,138.0,DL,VaDER
VaDER_ld64_lr1e-04_ep200,True,MCAR,0.1,5,3.242217552638765,7.936181068522087,0.8638732863510923,1.9207854270935056,13.0,DL,VaDER
VaDER_ld64_lr1e-03_ep50,True,MCAR,0.1,5,3.1356240966345807,7.707788418923144,0.8715956332549736,0.4642610549926758,26.0,DL,VaDER
VaDER_ld64_lr1e-03_ep200,True,MCAR,0.1,5,3.157711552526848,7.828337200001701,0.8675477705697611,1.6449284553527832,57.0,DL,VaDER
GAIN,True,MCAR,0.2,1,4.280527526981966,9.596797946884232,0.8010935538985172,1.6435229778289795,686.0,DL,GAIN
VAEM_ld16_lr1e-04_ep50,True,MCAR,0.2,1,3.493946933290773,7.937454162526012,0.8639311807528991,0.4881684780120849,191.0,DL,VAEM
VAEM_ld16_lr1e-04_ep200,True,MCAR,0.2,1,3.1610406539727,7.381801609655124,0.8823150590702048,1.8999569416046145,14.0,DL,VAEM
VAEM_ld16_lr1e-03_ep50,True,MCAR,0.2,1,3.0952450675791785,7.273859868462847,0.8857316343932492,0.5101103782653809,22.0,DL,VAEM
VAEM_ld16_lr1e-03_ep200,True,MCAR,0.2,1,3.083637941869134,7.280500556103468,0.8855228960011365,1.9232749938964844,28.0,DL,VAEM
VAEM_ld32_lr1e-04_ep50,True,MCAR,0.2,1,3.4810519996356035,7.919610338153328,0.8645422731610124,0.4783406257629394,167.0,DL,VAEM
VAEM_ld32_lr1e-04_ep200,True,MCAR,0.2,1,3.154181443626395,7.366022137524195,0.8828176522198771,1.847001552581787,12.0,DL,VAEM
VAEM_ld32_lr1e-03_ep50,True,MCAR,0.2,1,3.0894940438061704,7.28158712477369,0.8854887234835442,0.4001491069793701,34.0,DL,VAEM
VAEM_ld32_lr1e-03_ep200,True,MCAR,0.2,1,3.086134937016852,7.30695332124561,0.8846895089898051,1.9872698783874512,30.0,DL,VAEM
VAEM_ld64_lr1e-04_ep50,True,MCAR,0.2,1,3.4691655169090407,7.862387638539653,0.8664926857061127,0.4966723918914795,236.0,DL,VAEM
VAEM_ld64_lr1e-04_ep200,True,MCAR,0.2,1,3.1647260663692816,7.393435172048591,0.8819438288454117,1.9558124542236328,16.0,DL,VAEM
VAEM_ld64_lr1e-03_ep50,True,MCAR,0.2,1,3.0929403759286744,7.260788744412362,0.8861419458359048,0.5114846229553223,26.0,DL,VAEM
VAEM_ld64_lr1e-03_ep200,True,MCAR,0.2,1,3.101223664622191,7.278118387518795,0.8855977972100806,2.0007290840148926,42.0,DL,VAEM
VaDER_ld16_lr1e-04_ep50,True,MCAR,0.2,1,3.5256768614190706,8.045722105520873,0.8601938706907627,0.4861314296722412,196.0,DL,VaDER
VaDER_ld16_lr1e-04_ep200,True,MCAR,0.2,1,3.166503180664349,7.418789316795095,0.8811327456446778,1.9989655017852783,19.0,DL,VaDER
VaDER_ld16_lr1e-03_ep50,True,MCAR,0.2,1,3.115629928404232,7.360718323398321,0.8829863428980484,0.4949345588684082,28.0,DL,VaDER
VaDER_ld16_lr1e-03_ep200,True,MCAR,0.2,1,3.143902627512944,7.4995673123741,0.8785301289406591,1.9613947868347168,41.0,DL,VaDER
VaDER_ld32_lr1e-04_ep50,True,MCAR,0.2,1,3.4939877879839067,7.943411934940951,0.8637268403484155,0.5074381828308105,168.0,DL,VaDER
VaDER_ld32_lr1e-04_ep200,True,MCAR,0.2,1,3.160447951656632,7.404976853495536,0.8815749528843289,1.9667167663574217,13.0,DL,VaDER
VaDER_ld32_lr1e-03_ep50,True,MCAR,0.2,1,3.0999395803828524,7.3262311874719215,0.8840802611943248,0.4872140884399414,31.0,DL,VaDER
VaDER_ld32_lr1e-03_ep200,True,MCAR,0.2,1,3.157228368256026,7.631411521145572,0.8742216473908826,1.8730199337005613,45.0,DL,VaDER
VaDER_ld64_lr1e-04_ep50,True,MCAR,0.2,1,3.487956586811376,7.931190399617742,0.8641458507245008,0.5966367721557617,244.0,DL,VaDER
VaDER_ld64_lr1e-04_ep200,True,MCAR,0.2,1,3.168253439276922,7.431991302928949,0.8807093126360032,2.0641183853149414,21.0,DL,VaDER
VaDER_ld64_lr1e-03_ep50,True,MCAR,0.2,1,3.105707982072409,7.374058804222138,0.8825618101375365,0.5141146183013916,31.0,DL,VaDER
VaDER_ld64_lr1e-03_ep200,True,MCAR,0.2,1,3.170562753131607,7.572260659360985,0.8761639000678529,1.891597032546997,51.0,DL,VaDER
GAIN,True,MCAR,0.2,2,4.370382113868741,9.78868154415452,0.783901908341544,1.5920977592468262,709.0,DL,GAIN
VAEM_ld16_lr1e-04_ep50,True,MCAR,0.2,2,3.4709828508159,7.782775890869804,0.8633934316003185,0.5099937915802002,197.0,DL,VAEM
VAEM_ld16_lr1e-04_ep200,True,MCAR,0.2,2,3.176487794529037,7.2669505468649085,0.8809013218003774,2.0378212928771973,13.0,DL,VAEM
VAEM_ld16_lr1e-03_ep50,True,MCAR,0.2,2,3.140511936098581,7.22516674250368,0.8822669810537521,0.4980719089508056,31.0,DL,VAEM
VAEM_ld16_lr1e-03_ep200,True,MCAR,0.2,2,3.107379764848984,7.1923784894628655,0.88333311588621,2.0710246562957764,28.0,DL,VAEM
VAEM_ld32_lr1e-04_ep50,True,MCAR,0.2,2,3.4711969992768044,7.754549803931614,0.8643825071737093,0.4860799312591553,147.0,DL,VAEM
VAEM_ld32_lr1e-04_ep200,True,MCAR,0.2,2,3.1776094228880325,7.23781476176058,0.8818544250790328,2.1000869274139404,18.0,DL,VAEM
VAEM_ld32_lr1e-03_ep50,True,MCAR,0.2,2,3.120698211036443,7.1697278684426,0.8840667859256558,0.490734338760376,36.0,DL,VAEM
VAEM_ld32_lr1e-03_ep200,True,MCAR,0.2,2,3.1089543282452468,7.137519729782928,0.885106046021996,1.9834492206573489,28.0,DL,VAEM
VAEM_ld64_lr1e-04_ep50,True,MCAR,0.2,2,3.461090330638601,7.747754527563437,0.8646200850057519,0.5200684070587158,211.0,DL,VAEM
VAEM_ld64_lr1e-04_ep200,True,MCAR,0.2,2,3.178745215352083,7.267110612982841,0.8808960750678171,1.9501829147338867,21.0,DL,VAEM
VAEM_ld64_lr1e-03_ep50,True,MCAR,0.2,2,3.121995341668661,7.194760567606119,0.8832558241652014,0.4578402042388916,35.0,DL,VAEM
VAEM_ld64_lr1e-03_ep200,True,MCAR,0.2,2,3.129973743688294,7.200206481665269,0.8830790234609054,2.137404680252075,45.0,DL,VAEM
VaDER_ld16_lr1e-04_ep50,True,MCAR,0.2,2,3.489883351183716,7.832849442025437,0.8616299525505635,0.4405999183654785,195.0,DL,VaDER
VaDER_ld16_lr1e-04_ep200,True,MCAR,0.2,2,3.183074503844921,7.313419758353624,0.8793732759373256,1.8326895236968996,18.0,DL,VaDER
VaDER_ld16_lr1e-03_ep50,True,MCAR,0.2,2,3.134254541170081,7.269433929092187,0.8808199071612912,0.5065674781799316,35.0,DL,VaDER
VaDER_ld16_lr1e-03_ep200,True,MCAR,0.2,2,3.1841417201816484,7.4936038858132274,0.87335618142708,1.94588565826416,34.0,DL,VaDER
VaDER_ld32_lr1e-04_ep50,True,MCAR,0.2,2,3.499121223766392,7.854453425651709,0.8608656159562604,0.5743348598480225,151.0,DL,VaDER
VaDER_ld32_lr1e-04_ep200,True,MCAR,0.2,2,3.1797382773729184,7.26464170641944,0.880976989347705,2.144070625305176,18.0,DL,VaDER
VaDER_ld32_lr1e-03_ep50,True,MCAR,0.2,2,3.1290461829971647,7.185211642930319,0.88356550551152,0.5004944801330566,40.0,DL,VaDER
VaDER_ld32_lr1e-03_ep200,True,MCAR,0.2,2,3.184396456515134,7.443959516107236,0.8750286281616645,2.066608190536499,39.0,DL,VaDER
VaDER_ld64_lr1e-04_ep50,True,MCAR,0.2,2,3.47716114152978,7.775259528605855,0.8636571649139622,0.5276870727539062,228.0,DL,VaDER
VaDER_ld64_lr1e-04_ep200,True,MCAR,0.2,2,3.1820091224638163,7.253011334633618,0.8813577854925576,1.948354721069336,18.0,DL,VaDER
VaDER_ld64_lr1e-03_ep50,True,MCAR,0.2,2,3.128715355467324,7.200357523985574,0.8830741179902455,0.4963924884796142,38.0,DL,VaDER
VaDER_ld64_lr1e-03_ep200,True,MCAR,0.2,2,3.1852012702934176,7.413364559455691,0.8760537912737341,1.957402467727661,53.0,DL,VaDER
GAIN,True,MCAR,0.2,3,4.442336677705231,10.143300086434676,0.7899553579401473,1.6974244117736816,712.0,DL,GAIN
VAEM_ld16_lr1e-04_ep50,True,MCAR,0.2,3,3.528129179674264,8.19518759101468,0.8628894547629837,0.5300347805023193,167.0,DL,VAEM
VAEM_ld16_lr1e-04_ep200,True,MCAR,0.2,3,3.2697276169517093,7.706623549033913,0.8787501109392416,1.8876712322235107,12.0,DL,VAEM
VAEM_ld16_lr1e-03_ep50,True,MCAR,0.2,3,3.2248143903452617,7.64064065424018,0.8808174675349846,0.5108373165130615,26.0,DL,VAEM
VAEM_ld16_lr1e-03_ep200,True,MCAR,0.2,3,3.234836827396913,7.740801920650163,0.8776722554557571,2.0557377338409424,31.0,DL,VAEM
VAEM_ld32_lr1e-04_ep50,True,MCAR,0.2,3,3.535435457538188,8.233149929958419,0.8616162459420847,0.501248836517334,119.0,DL,VAEM
VAEM_ld32_lr1e-04_ep200,True,MCAR,0.2,3,3.2720304680602634,7.737629549046605,0.8777725007654701,1.8916826248168943,14.0,DL,VAEM
VAEM_ld32_lr1e-03_ep50,True,MCAR,0.2,3,3.228276833375538,7.705841897691074,0.8787747054537324,0.4795267581939697,39.0,DL,VAEM
VAEM_ld32_lr1e-03_ep200,True,MCAR,0.2,3,3.256917912328397,7.901283947087061,0.8725474884559545,1.8895516395568848,37.0,DL,VAEM
VAEM_ld64_lr1e-04_ep50,True,MCAR,0.2,3,3.512824732195385,8.1646187512648,0.8639104181621003,0.4906351566314697,162.0,DL,VAEM
VAEM_ld64_lr1e-04_ep200,True,MCAR,0.2,3,3.259881086899622,7.668141060402546,0.8799579934265072,1.915497064590454,18.0,DL,VAEM
VAEM_ld64_lr1e-03_ep50,True,MCAR,0.2,3,3.2273503540999786,7.659190867013441,0.8802380540435711,0.5102195739746094,44.0,DL,VAEM
VAEM_ld64_lr1e-03_ep200,True,MCAR,0.2,3,3.262005655594301,7.745557724152163,0.8775218975380272,2.1180663108825684,35.0,DL,VAEM
VaDER_ld16_lr1e-04_ep50,True,MCAR,0.2,3,3.563991212671313,8.31505428598057,0.8588492346516005,0.5479199886322021,155.0,DL,VaDER
VaDER_ld16_lr1e-04_ep200,True,MCAR,0.2,3,3.2895186140481765,7.772893371739735,0.8766558718019863,1.934248685836792,17.0,DL,VaDER
VaDER_ld16_lr1e-03_ep50,True,MCAR,0.2,3,3.252966412170406,7.787577523523956,0.8761894007904235,0.4618229866027832,35.0,DL,VaDER
VaDER_ld16_lr1e-03_ep200,True,MCAR,0.2,3,3.337821194031909,8.279886737937924,0.8600406710460824,1.9362714290618896,44.0,DL,VaDER
VaDER_ld32_lr1e-04_ep50,True,MCAR,0.2,3,3.5524408826975478,8.269381776745623,0.8603955876476541,0.523216962814331,118.0,DL,VaDER
VaDER_ld32_lr1e-04_ep200,True,MCAR,0.2,3,3.294582732374793,7.857986223487754,0.8739404984239871,1.9711062908172607,20.0,DL,VaDER
VaDER_ld32_lr1e-03_ep50,True,MCAR,0.2,3,3.2558231877106603,7.805691295051095,0.875612768297478,0.4939239025115967,33.0,DL,VaDER
VaDER_ld32_lr1e-03_ep200,True,MCAR,0.2,3,3.35688538876321,8.314464770414618,0.8588692483810967,2.0788979530334477,32.0,DL,VaDER
VaDER_ld64_lr1e-04_ep50,True,MCAR,0.2,3,3.5381449780814105,8.247408802026516,0.8611365012666958,0.5108258724212646,180.0,DL,VaDER
VaDER_ld64_lr1e-04_ep200,True,MCAR,0.2,3,3.28353018337184,7.797213186637494,0.8758828265636752,1.998054027557373,20.0,DL,VaDER
VaDER_ld64_lr1e-03_ep50,True,MCAR,0.2,3,3.248957906209603,7.736199582120135,0.8778176735486627,0.545586347579956,39.0,DL,VaDER
VaDER_ld64_lr1e-03_ep200,True,MCAR,0.2,3,3.350350159040771,8.372808999914803,0.8568816146451552,1.911135196685791,60.0,DL,VaDER
GAIN,True,MCAR,0.2,4,4.314593876794124,9.60587283712128,0.7921455150549386,1.642838954925537,688.0,DL,GAIN
VAEM_ld16_lr1e-04_ep50,True,MCAR,0.2,4,3.3485912454192963,7.460970058351515,0.8746061237268938,0.4930408000946045,158.0,DL,VAEM
VAEM_ld16_lr1e-04_ep200,True,MCAR,0.2,4,3.1283806846977056,7.123549218120088,0.8856914825386889,1.5087103843688965,10.0,DL,VAEM
VAEM_ld16_lr1e-03_ep50,True,MCAR,0.2,4,3.093708426641369,7.0796747261075765,0.887095216378025,0.530040979385376,26.0,DL,VAEM
VAEM_ld16_lr1e-03_ep200,True,MCAR,0.2,4,3.1055900591227643,7.14718128941435,0.8849317972320438,1.8939595222473145,28.0,DL,VAEM
VAEM_ld32_lr1e-04_ep50,True,MCAR,0.2,4,3.3449072049003634,7.47163014642945,0.8742475471108705,0.4313418865203857,111.0,DL,VAEM
VAEM_ld32_lr1e-04_ep200,True,MCAR,0.2,4,3.1287735996719657,7.123866626199325,0.8856812956910415,2.005065679550171,15.0,DL,VAEM
VAEM_ld32_lr1e-03_ep50,True,MCAR,0.2,4,3.095372659525736,7.09312055243822,0.8866659481506493,0.5463991165161133,28.0,DL,VAEM
VAEM_ld32_lr1e-03_ep200,True,MCAR,0.2,4,3.1095101066720363,7.193496251781623,0.883435641779545,2.0902419090271,28.0,DL,VAEM
VAEM_ld64_lr1e-04_ep50,True,MCAR,0.2,4,3.344622189121353,7.478579598410569,0.8740135106200223,0.5105240345001221,160.0,DL,VAEM
VAEM_ld64_lr1e-04_ep200,True,MCAR,0.2,4,3.1259359410989784,7.111915128025961,0.8860645520808577,1.802494525909424,22.0,DL,VAEM
VAEM_ld64_lr1e-03_ep50,True,MCAR,0.2,4,3.0940057523256503,7.09775582577243,0.8865177747326175,0.454012393951416,40.0,DL,VAEM
VAEM_ld64_lr1e-03_ep200,True,MCAR,0.2,4,3.132427120268652,7.245331135385157,0.8817497108204113,2.007242441177368,45.0,DL,VAEM
VaDER_ld16_lr1e-04_ep50,True,MCAR,0.2,4,3.3649539636692776,7.511706877525299,0.8728948935738203,0.5691349506378174,157.0,DL,VaDER
VaDER_ld16_lr1e-04_ep200,True,MCAR,0.2,4,3.1492043954316484,7.177551765092748,0.883951802220032,2.080595731735229,17.0,DL,VaDER
VaDER_ld16_lr1e-03_ep50,True,MCAR,0.2,4,3.113578512390486,7.175939670506542,0.8840039257485354,0.487621545791626,35.0,DL,VaDER
VaDER_ld16_lr1e-03_ep200,True,MCAR,0.2,4,3.175827106363234,7.446053790589527,0.875107007371236,1.9440066814422607,46.0,DL,VaDER
VaDER_ld32_lr1e-04_ep50,True,MCAR,0.2,4,3.3650557411670365,7.537151537188043,0.87203234028366,0.5579049587249756,111.0,DL,VaDER
VaDER_ld32_lr1e-04_ep200,True,MCAR,0.2,4,3.1375857477466824,7.165109228440493,0.8843538006859581,1.9252641201019287,19.0,DL,VaDER
VaDER_ld32_lr1e-03_ep50,True,MCAR,0.2,4,3.116282987561969,7.162494514676808,0.8844381892211199,0.5186271667480469,37.0,DL,VaDER
VaDER_ld32_lr1e-03_ep200,True,MCAR,0.2,4,3.204420671697362,7.511932235373961,0.8728872669282444,1.909557580947876,38.0,DL,VaDER
VaDER_ld64_lr1e-04_ep50,True,MCAR,0.2,4,3.3608195087415504,7.502813105897547,0.8731956972637654,0.52001953125,149.0,DL,VaDER
VaDER_ld64_lr1e-04_ep200,True,MCAR,0.2,4,3.1447077494665705,7.158320207054861,0.8845728490041749,2.130439758300781,31.0,DL,VaDER
VaDER_ld64_lr1e-03_ep50,True,MCAR,0.2,4,3.1078643561454684,7.111302564458527,0.8860841782146022,0.5223798751831055,41.0,DL,VaDER
VaDER_ld64_lr1e-03_ep200,True,MCAR,0.2,4,3.2234912502461794,7.566929685936665,0.8710191809703245,2.067390203475952,44.0,DL,VaDER
GAIN,True,MCAR,0.2,5,4.355142630214797,9.871019912025856,0.7890215080532728,1.7586946487426758,670.0,DL,GAIN
VAEM_ld16_lr1e-04_ep50,True,MCAR,0.2,5,3.3980505044159504,7.928356319676142,0.8638930042313488,0.530210018157959,126.0,DL,VAEM
VAEM_ld16_lr1e-04_ep200,True,MCAR,0.2,5,3.1849057457150494,7.539904189237107,0.8769034780485385,2.154705762863159,13.0,DL,VAEM
VAEM_ld16_lr1e-03_ep50,True,MCAR,0.2,5,3.136446799558745,7.477042040564538,0.8789474972672708,0.50966477394104,31.0,DL,VAEM
VAEM_ld16_lr1e-03_ep200,True,MCAR,0.2,5,3.13212320872589,7.572116005240552,0.8758494507407877,1.8940815925598145,25.0,DL,VAEM
VAEM_ld32_lr1e-04_ep50,True,MCAR,0.2,5,3.4026497743483883,7.955347070030278,0.8629647202536146,0.4440746307373047,75.0,DL,VAEM
VAEM_ld32_lr1e-04_ep200,True,MCAR,0.2,5,3.163855466170152,7.542065131183609,0.8768329088344987,1.8297052383422847,13.0,DL,VAEM
VAEM_ld32_lr1e-03_ep50,True,MCAR,0.2,5,3.122542112947784,7.505381652137791,0.8780281277594514,0.4985122680664062,28.0,DL,VAEM
VAEM_ld32_lr1e-03_ep200,True,MCAR,0.2,5,3.1513717972955315,7.640367649022056,0.8736012899572845,1.8941333293914795,37.0,DL,VAEM
VAEM_ld64_lr1e-04_ep50,True,MCAR,0.2,5,3.3883699075514677,7.874239057247943,0.8657447372355657,0.4964346885681152,110.0,DL,VAEM
VAEM_ld64_lr1e-04_ep200,True,MCAR,0.2,5,3.158207598194877,7.536550260842986,0.8770129662026451,1.8638849258422847,19.0,DL,VAEM
VAEM_ld64_lr1e-03_ep50,True,MCAR,0.2,5,3.129799800105268,7.539571269097814,0.8769143483210122,0.4797470569610595,36.0,DL,VAEM
VAEM_ld64_lr1e-03_ep200,True,MCAR,0.2,5,3.1685631228402737,7.690479054114421,0.8719378127712389,1.8416004180908203,27.0,DL,VAEM
VaDER_ld16_lr1e-04_ep50,True,MCAR,0.2,5,3.410106112927294,7.955706733124304,0.862952329179687,0.4849369525909424,120.0,DL,VaDER
VaDER_ld16_lr1e-04_ep200,True,MCAR,0.2,5,3.187287214698032,7.5962342756611,0.8750573167722251,1.881317377090454,25.0,DL,VaDER
VaDER_ld16_lr1e-03_ep50,True,MCAR,0.2,5,3.142329020142235,7.562076574875819,0.8761784405575923,0.5193188190460205,45.0,DL,VaDER
VaDER_ld16_lr1e-03_ep200,True,MCAR,0.2,5,3.1972801584812105,7.784572405235491,0.8687849492934631,1.829928398132324,30.0,DL,VaDER
VaDER_ld32_lr1e-04_ep50,True,MCAR,0.2,5,3.4153433994588185,7.970267991177799,0.8624501958508938,0.4940521717071533,75.0,DL,VaDER
VaDER_ld32_lr1e-04_ep200,True,MCAR,0.2,5,3.1728566399979674,7.550326902502821,0.8765629202665821,1.969804763793945,22.0,DL,VaDER
VaDER_ld32_lr1e-03_ep50,True,MCAR,0.2,5,3.150186428773434,7.610877972289538,0.8745751340966933,0.5108859539031982,51.0,DL,VaDER
VaDER_ld32_lr1e-03_ep200,True,MCAR,0.2,5,3.2372326529742588,7.902863112731126,0.8647668865811218,1.918881893157959,44.0,DL,VaDER
VaDER_ld64_lr1e-04_ep50,True,MCAR,0.2,5,3.41316127779375,7.919260341158207,0.8642051284809443,0.4332292079925537,102.0,DL,VaDER
VaDER_ld64_lr1e-04_ep200,True,MCAR,0.2,5,3.1794447181994165,7.639133784467131,0.8736421116303119,1.994722843170166,24.0,DL,VaDER
VaDER_ld64_lr1e-03_ep50,True,MCAR,0.2,5,3.148837103630035,7.604449159679265,0.8747869342103873,0.4977905750274658,41.0,DL,VaDER
VaDER_ld64_lr1e-03_ep200,True,MCAR,0.2,5,3.253508911351438,7.953805081744703,0.8630178383175724,1.8603458404541016,38.0,DL,VaDER
GAIN,True,MCAR,0.3,1,4.277573703667233,9.56632968828132,0.8017691987403059,1.6333577632904053,1024.0,DL,GAIN
VAEM_ld16_lr1e-04_ep50,True,MCAR,0.3,1,3.307522426734705,7.579207920789196,0.875569143423647,0.3237688541412353,140.0,DL,VAEM
VAEM_ld16_lr1e-04_ep200,True,MCAR,0.3,1,3.1493808622269337,7.367216546219332,0.88243249033197,1.8206889629364011,12.0,DL,VAEM
VAEM_ld16_lr1e-03_ep50,True,MCAR,0.3,1,3.12610354693104,7.341511261970521,0.8832514791461497,0.4549264907836914,14.0,DL,VAEM
VAEM_ld16_lr1e-03_ep200,True,MCAR,0.3,1,3.145014356291402,7.436283923620143,0.8802177753907103,1.8727781772613523,16.0,DL,VAEM
VAEM_ld32_lr1e-04_ep50,True,MCAR,0.3,1,3.298575473044761,7.542782387658685,0.876762294179178,0.4552540779113769,71.0,DL,VAEM
VAEM_ld32_lr1e-04_ep200,True,MCAR,0.3,1,3.137464464680796,7.3489667804102385,0.8830142356991897,1.6966981887817385,13.0,DL,VAEM
VAEM_ld32_lr1e-03_ep50,True,MCAR,0.3,1,3.123487606511095,7.378566834801314,0.8820699509403147,0.504540205001831,13.0,DL,VAEM
VAEM_ld32_lr1e-03_ep200,True,MCAR,0.3,1,3.1728463079263034,7.464313639890816,0.8793130790465203,1.9564907550811768,25.0,DL,VAEM
VAEM_ld64_lr1e-04_ep50,True,MCAR,0.3,1,3.30380208728072,7.5600321773142305,0.8761979784675591,0.4564497470855713,105.0,DL,VAEM
VAEM_ld64_lr1e-04_ep200,True,MCAR,0.3,1,3.149620392691104,7.417879120551473,0.880809963673032,1.931581974029541,19.0,DL,VAEM
VAEM_ld64_lr1e-03_ep50,True,MCAR,0.3,1,3.1316935129157604,7.422181238187445,0.8806716712464686,0.5239255428314209,24.0,DL,VAEM
VAEM_ld64_lr1e-03_ep200,True,MCAR,0.3,1,3.197991956762324,7.6294279986274525,0.8739147145793934,1.812917232513428,23.0,DL,VAEM
VaDER_ld16_lr1e-04_ep50,True,MCAR,0.3,1,3.3335939908855905,7.641276643200079,0.8735227848590399,0.5251495838165283,140.0,DL,VaDER
VaDER_ld16_lr1e-04_ep200,True,MCAR,0.3,1,3.1738943294449595,7.458965213025322,0.8794859694007487,1.9139165878295896,17.0,DL,VaDER
VaDER_ld16_lr1e-03_ep50,True,MCAR,0.3,1,3.1574053856907334,7.478516921535703,0.8788533499204753,0.507988452911377,26.0,DL,VaDER
VaDER_ld16_lr1e-03_ep200,True,MCAR,0.3,1,3.248112272701373,7.814203399609279,0.8677334970259944,1.7663602828979492,15.0,DL,VaDER
VaDER_ld32_lr1e-04_ep50,True,MCAR,0.3,1,3.327296352477247,7.654811593156432,0.8730743312919287,0.5079283714294434,86.0,DL,VaDER
VaDER_ld32_lr1e-04_ep200,True,MCAR,0.3,1,3.1540404076370065,7.432300825085524,0.8803460589883892,1.9210166931152344,16.0,DL,VaDER
VaDER_ld32_lr1e-03_ep50,True,MCAR,0.3,1,3.157482137671087,7.450435232536624,0.8797614485071225,0.499640941619873,39.0,DL,VaDER
VaDER_ld32_lr1e-03_ep200,True,MCAR,0.3,1,3.285346652121306,8.014279154220556,0.8608736537489066,1.9049968719482424,18.0,DL,VaDER
VaDER_ld64_lr1e-04_ep50,True,MCAR,0.3,1,3.318756274051568,7.627275876791549,0.8739858372440101,0.4905934333801269,116.0,DL,VaDER
VaDER_ld64_lr1e-04_ep200,True,MCAR,0.3,1,3.167361460725903,7.44816995112541,0.8798345536989282,1.9432024955749512,17.0,DL,VaDER
VaDER_ld64_lr1e-03_ep50,True,MCAR,0.3,1,3.160667302976162,7.433419370668451,0.8803100409472615,0.5134894847869873,40.0,DL,VaDER
VaDER_ld64_lr1e-03_ep200,True,MCAR,0.3,1,3.289857856575296,7.958938020640139,0.8627884426237544,1.95566201210022,21.0,DL,VaDER
GAIN,True,MCAR,0.3,2,4.391074637160826,9.82097986164245,0.7854521992755262,1.6961853504180908,1048.0,DL,GAIN
VAEM_ld16_lr1e-04_ep50,True,MCAR,0.3,2,3.3470932878241,7.561829374127083,0.8728055465856228,0.5708663463592529,151.0,DL,VAEM
VAEM_ld16_lr1e-04_ep200,True,MCAR,0.3,2,3.1946597183924426,7.337467847185207,0.880241361940898,2.0586869716644287,14.0,DL,VAEM
VAEM_ld16_lr1e-03_ep50,True,MCAR,0.3,2,3.1825635104012853,7.356270770935842,0.8796267908590694,0.4474668502807617,20.0,DL,VAEM
VAEM_ld16_lr1e-03_ep200,True,MCAR,0.3,2,3.1891598800579213,7.390492286097149,0.8785042287928088,2.104950189590454,13.0,DL,VAEM
VAEM_ld32_lr1e-04_ep50,True,MCAR,0.3,2,3.3537598248218283,7.570426599610368,0.8725161613148559,0.5037624835968018,85.0,DL,VAEM
VAEM_ld32_lr1e-04_ep200,True,MCAR,0.3,2,3.187895512094512,7.339174541033726,0.8801856437814906,2.0495645999908447,25.0,DL,VAEM
VAEM_ld32_lr1e-03_ep50,True,MCAR,0.3,2,3.177440871847303,7.351298587276844,0.8797894589961677,0.5216963291168213,18.0,DL,VAEM
VAEM_ld32_lr1e-03_ep200,True,MCAR,0.3,2,3.2122870193150583,7.437384369719682,0.876957575674331,1.750746726989746,16.0,DL,VAEM
VAEM_ld64_lr1e-04_ep50,True,MCAR,0.3,2,3.352802864884841,7.577827891877814,0.8722667681348142,0.5397188663482666,103.0,DL,VAEM
VAEM_ld64_lr1e-04_ep200,True,MCAR,0.3,2,3.1898349081869544,7.324737542817458,0.8806565573207511,1.960930347442627,20.0,DL,VAEM
VAEM_ld64_lr1e-03_ep50,True,MCAR,0.3,2,3.1698533318052777,7.308487568597147,0.8811854982282767,0.3891379833221435,16.0,DL,VAEM
VAEM_ld64_lr1e-03_ep200,True,MCAR,0.3,2,3.252930867965554,7.640004250755056,0.8701620569883479,1.577953815460205,13.0,DL,VAEM
VaDER_ld16_lr1e-04_ep50,True,MCAR,0.3,2,3.369962321731838,7.659237284829317,0.8695075231133098,0.4940598011016845,150.0,DL,VaDER
VaDER_ld16_lr1e-04_ep200,True,MCAR,0.3,2,3.2142169486649266,7.386732970152847,0.8786277996747328,2.1132233142852783,27.0,DL,VaDER
VaDER_ld16_lr1e-03_ep50,True,MCAR,0.3,2,3.2064668432222483,7.416860009773993,0.8776357394890645,0.5036015510559082,23.0,DL,VaDER
VaDER_ld16_lr1e-03_ep200,True,MCAR,0.3,2,3.2909551116104074,7.765580340263553,0.8658587773967603,2.021965742111206,13.0,DL,VaDER
VaDER_ld32_lr1e-04_ep50,True,MCAR,0.3,2,3.370387372395699,7.630164655296551,0.8704962793551179,0.5025405883789062,88.0,DL,VaDER
VaDER_ld32_lr1e-04_ep200,True,MCAR,0.3,2,3.201673611926596,7.361571715759308,0.8794532459570644,2.185660123825073,24.0,DL,VaDER
VaDER_ld32_lr1e-03_ep50,True,MCAR,0.3,2,3.198999781205766,7.38833678472444,0.8785750890551732,0.4980990886688232,53.0,DL,VaDER
VaDER_ld32_lr1e-03_ep200,True,MCAR,0.3,2,3.3407950674767344,8.012579571687711,0.857189829728493,1.951568603515625,15.0,DL,VaDER
VaDER_ld64_lr1e-04_ep50,True,MCAR,0.3,2,3.370913170411471,7.638640383664707,0.8702084092901883,0.4920036792755127,121.0,DL,VaDER
VaDER_ld64_lr1e-04_ep200,True,MCAR,0.3,2,3.2098934819128586,7.390011527121815,0.8785200351235352,2.043355941772461,17.0,DL,VaDER
VaDER_ld64_lr1e-03_ep50,True,MCAR,0.3,2,3.2111641615833,7.3797372542735395,0.8788575855253997,0.4245622158050537,40.0,DL,VaDER
VaDER_ld64_lr1e-03_ep200,True,MCAR,0.3,2,3.3592293167846545,8.06114066474886,0.8554535516386672,1.8385310173034668,20.0,DL,VaDER
GAIN,True,MCAR,0.3,3,4.4137239692816825,10.02279657716169,0.7942847335610582,1.710465669631958,1056.0,DL,GAIN
VAEM_ld16_lr1e-04_ep50,True,MCAR,0.3,3,3.3991480809516315,7.943452437810889,0.8707866787546443,0.5044705867767334,121.0,DL,VAEM
VAEM_ld16_lr1e-04_ep200,True,MCAR,0.3,3,3.258388821540581,7.733400244185109,0.8775300145886111,1.9970483779907229,10.0,DL,VAEM
VAEM_ld16_lr1e-03_ep50,True,MCAR,0.3,3,3.255555595803745,7.787219522002871,0.875819465208991,0.4207351207733154,17.0,DL,VAEM
VAEM_ld16_lr1e-03_ep200,True,MCAR,0.3,3,3.299942724228452,7.977095846926084,0.8696898300983018,1.9580590724945068,10.0,DL,VAEM
VAEM_ld32_lr1e-04_ep50,True,MCAR,0.3,3,3.407936582655415,7.976431821390767,0.8697115236270176,0.4856722354888916,59.0,DL,VAEM
VAEM_ld32_lr1e-04_ep200,True,MCAR,0.3,3,3.257426466836531,7.747355011915354,0.8770876264770577,2.023393392562866,9.0,DL,VAEM
VAEM_ld32_lr1e-03_ep50,True,MCAR,0.3,3,3.24738938424937,7.755826740831783,0.8768186702650052,0.4186773300170898,21.0,DL,VAEM
VAEM_ld32_lr1e-03_ep200,True,MCAR,0.3,3,3.3207635842375143,8.0886799173592,0.8660187607262,1.8496122360229488,14.0,DL,VAEM
VAEM_ld64_lr1e-04_ep50,True,MCAR,0.3,3,3.3978508980952298,7.952015644481629,0.87050793930539,0.5461843013763428,81.0,DL,VAEM
VAEM_ld64_lr1e-04_ep200,True,MCAR,0.3,3,3.2570580746733357,7.740070758283614,0.877318648289948,2.031738758087158,15.0,DL,VAEM
VAEM_ld64_lr1e-03_ep50,True,MCAR,0.3,3,3.244891848988388,7.724450845562652,0.8778133048614014,0.4538180828094482,23.0,DL,VAEM
VAEM_ld64_lr1e-03_ep200,True,MCAR,0.3,3,3.355001207681958,8.245741278447381,0.8607651027336447,1.978156805038452,19.0,DL,VAEM
VaDER_ld16_lr1e-04_ep50,True,MCAR,0.3,3,3.419612621151628,8.035916855403556,0.867760998976288,0.4969706535339355,111.0,DL,VaDER
VaDER_ld16_lr1e-04_ep200,True,MCAR,0.3,3,3.2884570129549173,7.9040906493009215,0.8720640744706227,2.011068820953369,16.0,DL,VaDER
VaDER_ld16_lr1e-03_ep50,True,MCAR,0.3,3,3.293774700473608,7.958855052602867,0.8702850951969714,0.5656301975250244,29.0,DL,VaDER
VaDER_ld16_lr1e-03_ep200,True,MCAR,0.3,3,3.392554867989618,8.461724467611463,0.8533755318480961,1.91514253616333,21.0,DL,VaDER
VaDER_ld32_lr1e-04_ep50,True,MCAR,0.3,3,3.438648368524292,8.099908526314486,0.8656465202198327,0.5872459411621094,78.0,DL,VaDER
VaDER_ld32_lr1e-04_ep200,True,MCAR,0.3,3,3.2896807746079126,7.864515323724868,0.8733420027713711,1.869258165359497,18.0,DL,VaDER
VaDER_ld32_lr1e-03_ep50,True,MCAR,0.3,3,3.294952372488703,7.911765022680517,0.8718155184377242,0.4883756637573242,44.0,DL,VaDER
VaDER_ld32_lr1e-03_ep200,True,MCAR,0.3,3,3.4488654602171183,8.755128208448108,0.8430310652771498,1.7958362102508545,18.0,DL,VaDER
VaDER_ld64_lr1e-04_ep50,True,MCAR,0.3,3,3.4166345066130663,7.996880643602542,0.8690426378260832,0.5764999389648438,85.0,DL,VaDER
VaDER_ld64_lr1e-04_ep200,True,MCAR,0.3,3,3.2869750868068515,7.844852588902722,0.8739745476207171,1.9977846145629885,16.0,DL,VaDER
VaDER_ld64_lr1e-03_ep50,True,MCAR,0.3,3,3.2865491948845937,7.886703101346433,0.8726263264492091,0.5222158432006836,33.0,DL,VaDER
VaDER_ld64_lr1e-03_ep200,True,MCAR,0.3,3,3.466441853929211,8.71163208993385,0.8445868573495469,2.141401529312134,18.0,DL,VaDER
GAIN,True,MCAR,0.3,4,4.383384674346814,9.854795290758698,0.7862507244281643,1.451627492904663,1037.0,DL,GAIN
VAEM_ld16_lr1e-04_ep50,True,MCAR,0.3,4,3.322397042787927,7.572846534375871,0.8737801241809295,0.4828510284423828,139.0,DL,VAEM
VAEM_ld16_lr1e-04_ep200,True,MCAR,0.3,4,3.186384483087292,7.357057252135028,0.880870941819806,1.7839274406433103,13.0,DL,VAEM
VAEM_ld16_lr1e-03_ep50,True,MCAR,0.3,4,3.178344275541192,7.376583394879658,0.8802377490167238,0.5090334415435791,17.0,DL,VAEM
VAEM_ld16_lr1e-03_ep200,True,MCAR,0.3,4,3.2149764621811547,7.541561674043832,0.8748208463474721,1.9155786037445068,13.0,DL,VAEM
VAEM_ld32_lr1e-04_ep50,True,MCAR,0.3,4,3.3288506822645783,7.579079959451914,0.8735722483321808,0.4472994804382324,60.0,DL,VAEM
VAEM_ld32_lr1e-04_ep200,True,MCAR,0.3,4,3.193538460897558,7.401739206476617,0.8794195236996922,2.0880377292633057,6.0,DL,VAEM
VAEM_ld32_lr1e-03_ep50,True,MCAR,0.3,4,3.1759788627529084,7.389117353039222,0.8798304140056411,0.5858371257781982,14.0,DL,VAEM
VAEM_ld32_lr1e-03_ep200,True,MCAR,0.3,4,3.252570758741597,7.633727500397885,0.8717425081323681,1.9485316276550293,18.0,DL,VAEM
VAEM_ld64_lr1e-04_ep50,True,MCAR,0.3,4,3.320922245362038,7.574496009395108,0.8737251331797913,0.5001492500305176,97.0,DL,VAEM
VAEM_ld64_lr1e-04_ep200,True,MCAR,0.3,4,3.1923002576361617,7.368503357530162,0.8804999716276122,1.7247939109802246,22.0,DL,VAEM
VAEM_ld64_lr1e-03_ep50,True,MCAR,0.3,4,3.189208979755528,7.425281185814319,0.8786512671066807,0.4827473163604736,17.0,DL,VAEM
VAEM_ld64_lr1e-03_ep200,True,MCAR,0.3,4,3.286145240663965,7.772082491300854,0.8670512556826095,1.9076828956604004,19.0,DL,VAEM
VaDER_ld16_lr1e-04_ep50,True,MCAR,0.3,4,3.3474908464867,7.652613672687816,0.871107093908389,0.4670503139495849,131.0,DL,VaDER
VaDER_ld16_lr1e-04_ep200,True,MCAR,0.3,4,3.20312952991238,7.432162295487086,0.878426251830301,2.025129556655884,21.0,DL,VaDER
VaDER_ld16_lr1e-03_ep50,True,MCAR,0.3,4,3.227145835872774,7.573002760966545,0.8737749163362483,0.5336015224456787,30.0,DL,VaDER
VaDER_ld16_lr1e-03_ep200,True,MCAR,0.3,4,3.3251572676300274,7.925434967370726,0.8617530208411183,2.098795175552368,19.0,DL,VaDER
VaDER_ld32_lr1e-04_ep50,True,MCAR,0.3,4,3.3478876645162177,7.644564960370256,0.8713780801114976,0.489161729812622,76.0,DL,VaDER
VaDER_ld32_lr1e-04_ep200,True,MCAR,0.3,4,3.217013979318536,7.465780281839487,0.877323932484353,1.9007086753845213,17.0,DL,VaDER
VaDER_ld32_lr1e-03_ep50,True,MCAR,0.3,4,3.217819944914782,7.450909230263004,0.8778121614783017,0.5002007484436035,30.0,DL,VaDER
VaDER_ld32_lr1e-03_ep200,True,MCAR,0.3,4,3.3989587556091827,8.22206638313318,0.8512108048227242,1.862433910369873,15.0,DL,VaDER
VaDER_ld64_lr1e-04_ep50,True,MCAR,0.3,4,3.345322886717345,7.643398820806606,0.8714173183598797,0.6166236400604248,94.0,DL,VaDER
VaDER_ld64_lr1e-04_ep200,True,MCAR,0.3,4,3.2187166417515827,7.502289239493523,0.8761211844317973,1.969252586364746,18.0,DL,VaDER
VaDER_ld64_lr1e-03_ep50,True,MCAR,0.3,4,3.2262487112170577,7.5114148386123425,0.8758196348884538,0.4738318920135498,30.0,DL,VaDER
VaDER_ld64_lr1e-03_ep200,True,MCAR,0.3,4,3.3809831063628786,8.087773516142422,0.856031526744961,2.001763105392456,20.0,DL,VaDER
GAIN,True,MCAR,0.3,5,4.446859158655425,9.978800316833892,0.7821490254972961,1.7340075969696045,1029.0,DL,GAIN
VAEM_ld16_lr1e-04_ep50,True,MCAR,0.3,5,3.3703096671362527,7.766208879500125,0.8680464809288957,0.4997389316558838,76.0,DL,VAEM
VAEM_ld16_lr1e-04_ep200,True,MCAR,0.3,5,3.232293895061628,7.571391682829213,0.8745836174623918,1.6549091339111328,10.0,DL,VAEM
VAEM_ld16_lr1e-03_ep50,True,MCAR,0.3,5,3.2210270968742423,7.596736350781643,0.8737425681999043,0.4132614135742187,19.0,DL,VAEM
VAEM_ld16_lr1e-03_ep200,True,MCAR,0.3,5,3.23643965457114,7.658753288123126,0.8716727161248827,1.7441530227661133,11.0,DL,VAEM
VAEM_ld32_lr1e-04_ep50,True,MCAR,0.3,5,3.374595874883186,7.775014886745027,0.8677470703819117,0.5898439884185791,32.0,DL,VAEM
VAEM_ld32_lr1e-04_ep200,True,MCAR,0.3,5,3.2266819200139167,7.58399258582045,0.87416581454972,1.9060640335083008,13.0,DL,VAEM
VAEM_ld32_lr1e-03_ep50,True,MCAR,0.3,5,3.207473078246063,7.562011580639659,0.8748941785345552,0.5476248264312744,22.0,DL,VAEM
VAEM_ld32_lr1e-03_ep200,True,MCAR,0.3,5,3.2760995655424305,7.771496858393206,0.8678667265627705,1.9957399368286133,11.0,DL,VAEM
VAEM_ld64_lr1e-04_ep50,True,MCAR,0.3,5,3.3667015797318967,7.754482570545799,0.868444657076404,0.5820560455322266,47.0,DL,VAEM
VAEM_ld64_lr1e-04_ep200,True,MCAR,0.3,5,3.2282434831501763,7.573187545613283,0.8745241152375332,2.02478575706482,25.0,DL,VAEM
VAEM_ld64_lr1e-03_ep50,True,MCAR,0.3,5,3.213951899279535,7.597187288052193,0.8737275786389029,0.5737049579620361,23.0,DL,VAEM
VAEM_ld64_lr1e-03_ep200,True,MCAR,0.3,5,3.286753495984545,7.719663113716383,0.8696234337033067,1.800008773803711,19.0,DL,VAEM
VaDER_ld16_lr1e-04_ep50,True,MCAR,0.3,5,3.3910618444309653,7.828376412416241,0.8659254827010053,0.5724027156829834,76.0,DL,VaDER
VaDER_ld16_lr1e-04_ep200,True,MCAR,0.3,5,3.2481141699432063,7.645183186946984,0.8721270646082218,2.0032339096069336,19.0,DL,VaDER
VaDER_ld16_lr1e-03_ep50,True,MCAR,0.3,5,3.242005718126617,7.644315310349874,0.8721560950777979,0.4950337409973144,24.0,DL,VaDER
VaDER_ld16_lr1e-03_ep200,True,MCAR,0.3,5,3.3338275212241104,8.06129693441098,0.8578284560889232,1.916411638259888,20.0,DL,VaDER
VaDER_ld32_lr1e-04_ep50,True,MCAR,0.3,5,3.3830732791439244,7.829861971740602,0.8658745923152555,0.5001611709594727,38.0,DL,VaDER
VaDER_ld32_lr1e-04_ep200,True,MCAR,0.3,5,3.2500532667327,7.672256337579228,0.8712198128538922,2.000539779663086,26.0,DL,VaDER
VaDER_ld32_lr1e-03_ep50,True,MCAR,0.3,5,3.2612597352334545,7.721425859591811,0.8695638852514359,0.4911749362945556,37.0,DL,VaDER
VaDER_ld32_lr1e-03_ep200,True,MCAR,0.3,5,3.3959874564295967,8.256119676262317,0.850873507953245,2.270533800125122,16.0,DL,VaDER
VaDER_ld64_lr1e-04_ep50,True,MCAR,0.3,5,3.374923726753296,7.791589764473307,0.867182592315237,0.4630856513977051,60.0,DL,VaDER
VaDER_ld64_lr1e-04_ep200,True,MCAR,0.3,5,3.2445637371175406,7.607578433615733,0.8733819211233087,2.054007053375244,15.0,DL,VaDER
VaDER_ld64_lr1e-03_ep50,True,MCAR,0.3,5,3.27228281865516,7.763858829747314,0.8681263269443866,0.4788670539855957,37.0,DL,VaDER
VaDER_ld64_lr1e-03_ep200,True,MCAR,0.3,5,3.3986681059582646,8.24539221752458,0.8512607864930393,1.9215822219848635,26.0,DL,VaDER
GAIN,True,MCAR,0.4,1,4.343364795630594,9.643408735830633,0.8013716742909898,1.522552728652954,1375.0,DL,GAIN
VAEM_ld16_lr1e-04_ep50,True,MCAR,0.4,1,3.308617715067632,7.597494566231841,0.8767119939704802,0.5108251571655273,68.0,DL,VAEM
VAEM_ld16_lr1e-04_ep200,True,MCAR,0.4,1,3.220098613983702,7.518615498709727,0.8792587177636049,2.053561210632324,10.0,DL,VAEM
VAEM_ld16_lr1e-03_ep50,True,MCAR,0.4,1,3.2285487166854248,7.613677655901668,0.8761862138562705,0.510150671005249,5.0,DL,VAEM
VAEM_ld16_lr1e-03_ep200,True,MCAR,0.4,1,3.26441065082985,7.726788935197977,0.8724800508573654,1.92844033241272,7.0,DL,VAEM
VAEM_ld32_lr1e-04_ep50,True,MCAR,0.4,1,3.309611228334321,7.608432208827326,0.8763567582289629,0.4793636798858642,37.0,DL,VAEM
VAEM_ld32_lr1e-04_ep200,True,MCAR,0.4,1,3.2306061129724744,7.605869869774372,0.8764400244131905,1.928323745727539,6.0,DL,VAEM
VAEM_ld32_lr1e-03_ep50,True,MCAR,0.4,1,3.2201121973132034,7.575522268712029,0.8774240717653189,0.5088844299316406,9.0,DL,VAEM
VAEM_ld32_lr1e-03_ep200,True,MCAR,0.4,1,3.306396125125644,7.873012377241028,0.8676079518832004,1.751333236694336,4.0,DL,VAEM
VAEM_ld64_lr1e-04_ep50,True,MCAR,0.4,1,3.30839922772266,7.612963767252157,0.8762094313121995,0.5239732265472412,37.0,DL,VAEM
VAEM_ld64_lr1e-04_ep200,True,MCAR,0.4,1,3.228812945860836,7.574993776442977,0.8774411737336065,1.806783676147461,13.0,DL,VAEM
VAEM_ld64_lr1e-03_ep50,True,MCAR,0.4,1,3.243922889402441,7.6349929684727424,0.8754919833054763,0.5183727741241455,16.0,DL,VAEM
VAEM_ld64_lr1e-03_ep200,True,MCAR,0.4,1,3.324699699996474,7.904764069533332,0.8665379298811586,1.8532929420471191,8.0,DL,VAEM
VaDER_ld16_lr1e-04_ep50,True,MCAR,0.4,1,3.329058943995391,7.66658864805999,0.8744593549260433,0.4280316829681396,64.0,DL,VaDER
VaDER_ld16_lr1e-04_ep200,True,MCAR,0.4,1,3.259601597799193,7.666641601507839,0.8744576206911011,1.6942949295043943,17.0,DL,VaDER
VaDER_ld16_lr1e-03_ep50,True,MCAR,0.4,1,3.272033085495221,7.73307870070522,0.8722723586231589,0.5031054019927979,15.0,DL,VaDER
VaDER_ld16_lr1e-03_ep200,True,MCAR,0.4,1,3.3686964660821026,8.158639220878802,0.8578275360689406,2.1352128982543945,8.0,DL,VaDER
VaDER_ld32_lr1e-04_ep50,True,MCAR,0.4,1,3.3289991922089395,7.654402077576247,0.8748581487159203,0.4993934631347656,42.0,DL,VaDER
VaDER_ld32_lr1e-04_ep200,True,MCAR,0.4,1,3.250264510463117,7.641945205004468,0.8752651322037315,2.029792308807373,12.0,DL,VaDER
VaDER_ld32_lr1e-03_ep50,True,MCAR,0.4,1,3.2834728434747,7.785816104784319,0.8705242856021483,0.4946362972259521,20.0,DL,VaDER
VaDER_ld32_lr1e-03_ep200,True,MCAR,0.4,1,3.4026317607072887,8.288734297649858,0.8532573124602278,1.870687484741211,6.0,DL,VaDER
VaDER_ld64_lr1e-04_ep50,True,MCAR,0.4,1,3.3334975429874865,7.673580479729291,0.8742302675572297,0.5538182258605957,54.0,DL,VaDER
VaDER_ld64_lr1e-04_ep200,True,MCAR,0.4,1,3.258170755685289,7.68745365458208,0.8737750947102543,1.952300786972046,11.0,DL,VaDER
VaDER_ld64_lr1e-03_ep50,True,MCAR,0.4,1,3.2884591214322105,7.806345126355714,0.8698406028866791,0.4748406410217285,21.0,DL,VaDER
VaDER_ld64_lr1e-03_ep200,True,MCAR,0.4,1,3.411875478064796,8.296535116093967,0.8529809731092074,1.8351845741271973,6.0,DL,VaDER
GAIN,True,MCAR,0.4,2,4.391240706690156,9.914321619638915,0.7873408147590287,1.666278839111328,1409.0,DL,GAIN
VAEM_ld16_lr1e-04_ep50,True,MCAR,0.4,2,3.325910458381107,7.721025828815676,0.8710242239639356,0.5393445491790771,82.0,DL,VAEM
VAEM_ld16_lr1e-04_ep200,True,MCAR,0.4,2,3.237238200246507,7.5955322868471375,0.8751827622031674,1.9202280044555664,10.0,DL,VAEM
VAEM_ld16_lr1e-03_ep50,True,MCAR,0.4,2,3.246212579646827,7.625556657253493,0.8741940320656107,0.5166747570037842,5.0,DL,VAEM
VAEM_ld16_lr1e-03_ep200,True,MCAR,0.4,2,3.285246801048394,7.821238604432986,0.8676544907091646,2.101437330245972,4.0,DL,VAEM
VAEM_ld32_lr1e-04_ep50,True,MCAR,0.4,2,3.3278219741879607,7.693600887955826,0.8719388358710509,0.4870378971099853,36.0,DL,VAEM
VAEM_ld32_lr1e-04_ep200,True,MCAR,0.4,2,3.2376371915786244,7.600382580464778,0.8750233017401512,1.8465487957000728,11.0,DL,VAEM
VAEM_ld32_lr1e-03_ep50,True,MCAR,0.4,2,3.2440094910735398,7.642668964238537,0.8736287629331115,0.4880540370941162,7.0,DL,VAEM
VAEM_ld32_lr1e-03_ep200,True,MCAR,0.4,2,3.322160720980316,7.923723171294531,0.8641634234206864,1.932668924331665,8.0,DL,VAEM
VAEM_ld64_lr1e-04_ep50,True,MCAR,0.4,2,3.3315689518763314,7.735928431482383,0.8705258628093456,0.4625718593597412,61.0,DL,VAEM
VAEM_ld64_lr1e-04_ep200,True,MCAR,0.4,2,3.2363110539320408,7.596686644745433,0.8751448202373716,2.0232203006744385,13.0,DL,VAEM
VAEM_ld64_lr1e-03_ep50,True,MCAR,0.4,2,3.2476001056297066,7.652361928254907,0.8733080140903953,0.4982428550720215,14.0,DL,VAEM
VAEM_ld64_lr1e-03_ep200,True,MCAR,0.4,2,3.3480651509054584,8.00928217714348,0.8612141056291667,2.0169100761413574,9.0,DL,VAEM
VaDER_ld16_lr1e-04_ep50,True,MCAR,0.4,2,3.3541041131775007,7.805107738756398,0.8681998381251981,0.4232747554779053,78.0,DL,VaDER
VaDER_ld16_lr1e-04_ep200,True,MCAR,0.4,2,3.2692021730445093,7.736730134745591,0.8704990256383999,2.1072585582733154,13.0,DL,VaDER
VaDER_ld16_lr1e-03_ep50,True,MCAR,0.4,2,3.2910438573933005,7.834688133762388,0.8671989323649273,0.4036684036254883,19.0,DL,VaDER
VaDER_ld16_lr1e-03_ep200,True,MCAR,0.4,2,3.3979878805511428,8.287854335681478,0.8513919422928923,1.837502241134644,9.0,DL,VaDER
VaDER_ld32_lr1e-04_ep50,True,MCAR,0.4,2,3.3448612521232675,7.764930186151442,0.8695532540676003,0.3873209953308105,36.0,DL,VaDER
VaDER_ld32_lr1e-04_ep200,True,MCAR,0.4,2,3.270127266573976,7.675043871777766,0.8725558595880141,1.837207078933716,16.0,DL,VaDER
VaDER_ld32_lr1e-03_ep50,True,MCAR,0.4,2,3.29213703746956,7.775123112468516,0.8692105576789233,0.4779372215270996,20.0,DL,VaDER
VaDER_ld32_lr1e-03_ep200,True,MCAR,0.4,2,3.4305582932121736,8.355494340596803,0.8489563618322693,2.0026304721832275,9.0,DL,VaDER
VaDER_ld64_lr1e-04_ep50,True,MCAR,0.4,2,3.343165431445132,7.762198035782659,0.8696450352981848,0.5288963317871094,60.0,DL,VaDER
VaDER_ld64_lr1e-04_ep200,True,MCAR,0.4,2,3.268354773455805,7.6149191794812765,0.8745447801690699,1.9991331100463867,19.0,DL,VaDER
VaDER_ld64_lr1e-03_ep50,True,MCAR,0.4,2,3.310800069485028,7.914181015054334,0.8644903892545872,0.5061004161834717,24.0,DL,VaDER
VaDER_ld64_lr1e-03_ep200,True,MCAR,0.4,2,3.446337575966621,8.409247771312478,0.8470066914073839,1.9406836032867432,8.0,DL,VaDER
GAIN,True,MCAR,0.4,3,4.408557206190462,9.876235254282957,0.7945994376130634,1.4718780517578125,1384.0,DL,GAIN
VAEM_ld16_lr1e-04_ep50,True,MCAR,0.4,3,3.3581827768911383,7.801023376165634,0.8718490192640793,0.5002987384796143,40.0,DL,VAEM
VAEM_ld16_lr1e-04_ep200,True,MCAR,0.4,3,3.2720719348068217,7.689205250526593,0.8754964647642544,1.943718194961548,8.0,DL,VAEM
VAEM_ld16_lr1e-03_ep50,True,MCAR,0.4,3,3.290125815324608,7.7898427585872465,0.872216094267386,0.5131950378417969,4.0,DL,VAEM
VAEM_ld16_lr1e-03_ep200,True,MCAR,0.4,3,3.339960947627812,8.053081472320484,0.8634338829915439,1.866663217544556,5.0,DL,VAEM
VAEM_ld32_lr1e-04_ep50,True,MCAR,0.4,3,3.358708812916276,7.798538005305448,0.8719306629052032,0.4598591327667236,22.0,DL,VAEM
VAEM_ld32_lr1e-04_ep200,True,MCAR,0.4,3,3.279342533948568,7.69792990836222,0.8752137653244058,2.0227417945861816,6.0,DL,VAEM
VAEM_ld32_lr1e-03_ep50,True,MCAR,0.4,3,3.289027657718151,7.752250874813733,0.8734464264545944,0.442920446395874,6.0,DL,VAEM
VAEM_ld32_lr1e-03_ep200,True,MCAR,0.4,3,3.386803199851513,8.227956074517339,0.8574383528173881,1.9091200828552248,5.0,DL,VAEM
VAEM_ld64_lr1e-04_ep50,True,MCAR,0.4,3,3.3519729762689514,7.771246060030084,0.8728254832646258,0.5118312835693359,22.0,DL,VAEM
VAEM_ld64_lr1e-04_ep200,True,MCAR,0.4,3,3.283188266135733,7.708655578560458,0.8748657890673035,1.8335833549499512,8.0,DL,VAEM
VAEM_ld64_lr1e-03_ep50,True,MCAR,0.4,3,3.296135232359546,7.797133601650207,0.8719767856143146,0.4978783130645752,10.0,DL,VAEM
VAEM_ld64_lr1e-03_ep200,True,MCAR,0.4,3,3.405473530701617,8.176537614454297,0.8592145888347653,1.908695936203003,8.0,DL,VAEM
VaDER_ld16_lr1e-04_ep50,True,MCAR,0.4,3,3.372549630987036,7.838734289164801,0.8706070357186229,0.5049421787261963,54.0,DL,VaDER
VaDER_ld16_lr1e-04_ep200,True,MCAR,0.4,3,3.322764030233828,7.884538690575834,0.8690904430854148,1.927400827407837,12.0,DL,VaDER
VaDER_ld16_lr1e-03_ep50,True,MCAR,0.4,3,3.3526207469638747,8.01847332115076,0.8646051477277983,0.4179918766021728,12.0,DL,VaDER
VaDER_ld16_lr1e-03_ep200,True,MCAR,0.4,3,3.451208961939727,8.450319175341892,0.8496286836966129,1.8044216632843015,11.0,DL,VaDER
VaDER_ld32_lr1e-04_ep50,True,MCAR,0.4,3,3.380008734534136,7.882672502395801,0.8691524056086518,0.4894556999206543,28.0,DL,VaDER
VaDER_ld32_lr1e-04_ep200,True,MCAR,0.4,3,3.317294069393515,7.815366526970631,0.8713773430413184,1.860344409942627,14.0,DL,VaDER
VaDER_ld32_lr1e-03_ep50,True,MCAR,0.4,3,3.3524844285590243,7.993312047903452,0.8654535291497579,0.4905586242675781,14.0,DL,VaDER
VaDER_ld32_lr1e-03_ep200,True,MCAR,0.4,3,3.495941357884539,8.62927690245423,0.8431922273732991,1.9739844799041748,4.0,DL,VaDER
VaDER_ld64_lr1e-04_ep50,True,MCAR,0.4,3,3.369341888215117,7.823959413289435,0.8710943499242713,0.5612094402313232,29.0,DL,VaDER
VaDER_ld64_lr1e-04_ep200,True,MCAR,0.4,3,3.3154296365572016,7.843194775216405,0.870459736498911,2.1484622955322266,14.0,DL,VaDER
VaDER_ld64_lr1e-03_ep50,True,MCAR,0.4,3,3.3646344238610824,8.086874012574013,0.8622853540378291,0.4972743988037109,17.0,DL,VaDER
VaDER_ld64_lr1e-03_ep200,True,MCAR,0.4,3,3.499250715497697,8.612511806914597,0.8438009327347175,1.9677705764770508,9.0,DL,VaDER
GAIN,True,MCAR,0.4,4,4.404387115224284,9.864591665164143,0.7891345662277991,1.5121982097625732,1397.0,DL,GAIN
VAEM_ld16_lr1e-04_ep50,True,MCAR,0.4,4,3.3436402783676,7.720467681531126,0.8708381113770601,0.5508284568786621,44.0,DL,VAEM
VAEM_ld16_lr1e-04_ep200,True,MCAR,0.4,4,3.2523405951081408,7.60965918066216,0.8745191128922258,2.141952514648437,4.0,DL,VAEM
VAEM_ld16_lr1e-03_ep50,True,MCAR,0.4,4,3.268334574637224,7.637774989044535,0.8735901582489227,0.5269112586975098,5.0,DL,VAEM
VAEM_ld16_lr1e-03_ep200,True,MCAR,0.4,4,3.32050565786928,7.872748890412101,0.8656925922768481,2.004745960235596,7.0,DL,VAEM
VAEM_ld32_lr1e-04_ep50,True,MCAR,0.4,4,3.3455006885754064,7.727466703270265,0.8706038207435858,0.4946799278259277,17.0,DL,VAEM
VAEM_ld32_lr1e-04_ep200,True,MCAR,0.4,4,3.257398596316123,7.629835078027777,0.8738528423953483,2.0098652839660645,5.0,DL,VAEM
VAEM_ld32_lr1e-03_ep50,True,MCAR,0.4,4,3.278725936104799,7.706068464044731,0.8713194541776816,0.3426823616027832,10.0,DL,VAEM
VAEM_ld32_lr1e-03_ep200,True,MCAR,0.4,4,3.366020457467217,8.086268536684637,0.858308601282477,2.0171608924865723,8.0,DL,VAEM
VAEM_ld64_lr1e-04_ep50,True,MCAR,0.4,4,3.346890286205116,7.717572810356695,0.870934954455337,0.6021449565887451,32.0,DL,VAEM
VAEM_ld64_lr1e-04_ep200,True,MCAR,0.4,4,3.2732272771006565,7.670521287556878,0.8725038921059948,2.1109862327575684,9.0,DL,VAEM
VAEM_ld64_lr1e-03_ep50,True,MCAR,0.4,4,3.2924138268743315,7.767236037659797,0.8692685210807908,0.5282480716705322,10.0,DL,VAEM
VAEM_ld64_lr1e-03_ep200,True,MCAR,0.4,4,3.383439305684218,8.068482687715699,0.8589312198137821,2.140164613723755,10.0,DL,VAEM
VaDER_ld16_lr1e-04_ep50,True,MCAR,0.4,4,3.363501644455071,7.806845924950203,0.8679317617302503,0.510777473449707,52.0,DL,VaDER
VaDER_ld16_lr1e-04_ep200,True,MCAR,0.4,4,3.315147527401974,7.847007940610433,0.8665694266357667,1.876770496368408,7.0,DL,VaDER
VaDER_ld16_lr1e-03_ep50,True,MCAR,0.4,4,3.335849111830638,7.972363681007785,0.8622722755570679,0.480938196182251,11.0,DL,VaDER
VaDER_ld16_lr1e-03_ep200,True,MCAR,0.4,4,3.440142421692116,8.364071907512782,0.84840576567941,1.9169166088104248,11.0,DL,VaDER
VaDER_ld32_lr1e-04_ep50,True,MCAR,0.4,4,3.3639436443389257,7.770079391969213,0.8691727897423239,0.5037505626678467,27.0,DL,VaDER
VaDER_ld32_lr1e-04_ep200,True,MCAR,0.4,4,3.30825100686988,7.769194420928894,0.8692025891029882,1.823148488998413,10.0,DL,VaDER
VaDER_ld32_lr1e-03_ep50,True,MCAR,0.4,4,3.3369719246796903,7.902241233781152,0.8646844413686458,0.4956409931182861,13.0,DL,VaDER
VaDER_ld32_lr1e-03_ep200,True,MCAR,0.4,4,3.4699109651805737,8.403244230766854,0.846982486649871,1.826477289199829,10.0,DL,VaDER
VaDER_ld64_lr1e-04_ep50,True,MCAR,0.4,4,3.3478208408328114,7.707395156820963,0.8712751425427416,0.456172227859497,34.0,DL,VaDER
VaDER_ld64_lr1e-04_ep200,True,MCAR,0.4,4,3.3121439653946565,7.794562475002524,0.8683470324725372,2.1714959144592285,10.0,DL,VaDER
VaDER_ld64_lr1e-03_ep50,True,MCAR,0.4,4,3.367846495006072,8.089954938512951,0.8581793821030164,0.5462245941162109,22.0,DL,VaDER
VaDER_ld64_lr1e-03_ep200,True,MCAR,0.4,4,3.4788824036615686,8.450406820308825,0.8452600676457498,2.072176218032837,11.0,DL,VaDER
GAIN,True,MCAR,0.4,5,4.472303661535895,10.041702180151807,0.7816812961151491,1.804105520248413,1407.0,DL,GAIN
VAEM_ld16_lr1e-04_ep50,True,MCAR,0.4,5,3.3727215254411056,7.798329826130406,0.8683322331604634,0.56819748878479,25.0,DL,VAEM
VAEM_ld16_lr1e-04_ep200,True,MCAR,0.4,5,3.287978664612023,7.722015747868901,0.8708966128045754,1.921635627746582,6.0,DL,VAEM
VAEM_ld16_lr1e-03_ep50,True,MCAR,0.4,5,3.304196040879156,7.785283361214216,0.8687724202301742,0.5149116516113281,4.0,DL,VAEM
VAEM_ld16_lr1e-03_ep200,True,MCAR,0.4,5,3.341854949188481,7.926019906245966,0.8639850681571843,1.9330253601074217,7.0,DL,VAEM
VAEM_ld32_lr1e-04_ep50,True,MCAR,0.4,5,3.372787605361744,7.806188737716725,0.8680667181685542,0.5176818370819092,12.0,DL,VAEM
VAEM_ld32_lr1e-04_ep200,True,MCAR,0.4,5,3.2858803612578336,7.709626996596786,0.8713105323791195,1.915180206298828,2.0,DL,VAEM
VAEM_ld32_lr1e-03_ep50,True,MCAR,0.4,5,3.306177792416289,7.783656235547968,0.8688272676750273,0.5206940174102783,6.0,DL,VAEM
VAEM_ld32_lr1e-03_ep200,True,MCAR,0.4,5,3.3836886099203567,8.038802973295413,0.8600866872071345,1.965904951095581,9.0,DL,VAEM
VAEM_ld64_lr1e-04_ep50,True,MCAR,0.4,5,3.3736043995399068,7.815229359084492,0.8677609480738505,0.5108740329742432,25.0,DL,VAEM
VAEM_ld64_lr1e-04_ep200,True,MCAR,0.4,5,3.2998167368476867,7.7691342507969825,0.8693162696000089,1.859811544418335,8.0,DL,VAEM
VAEM_ld64_lr1e-03_ep50,True,MCAR,0.4,5,3.319313910607828,7.826498046762557,0.8673793252630482,0.5039658546447754,12.0,DL,VAEM
VAEM_ld64_lr1e-03_ep200,True,MCAR,0.4,5,3.4201167951312925,8.162386152344125,0.8557517528507322,1.9797148704528809,8.0,DL,VAEM
VaDER_ld16_lr1e-04_ep50,True,MCAR,0.4,5,3.3957963686615846,7.863226761216521,0.8661316621803332,0.5565178394317627,32.0,DL,VaDER
VaDER_ld16_lr1e-04_ep200,True,MCAR,0.4,5,3.334337424635508,7.872644115640918,0.8658108166677545,1.862511157989502,4.0,DL,VaDER
VaDER_ld16_lr1e-03_ep50,True,MCAR,0.4,5,3.3628576421723717,8.0420128304587,0.8599749314114187,0.5069460868835449,16.0,DL,VaDER
VaDER_ld16_lr1e-03_ep200,True,MCAR,0.4,5,3.451733153315464,8.350220451380192,0.8490364314429908,1.857574224472046,6.0,DL,VaDER
VaDER_ld32_lr1e-04_ep50,True,MCAR,0.4,5,3.3933093351421406,7.881266030720897,0.8655167347133745,0.4482901096343994,17.0,DL,VaDER
VaDER_ld32_lr1e-04_ep200,True,MCAR,0.4,5,3.338659498513771,7.86624907438093,0.8660287350216584,1.968295335769653,11.0,DL,VaDER
VaDER_ld32_lr1e-03_ep50,True,MCAR,0.4,5,3.371636746678784,7.99997095739001,0.8614351450501725,0.3888843059539795,21.0,DL,VaDER
VaDER_ld32_lr1e-03_ep200,True,MCAR,0.4,5,3.4946162614871685,8.467525817485035,0.8447651130487874,1.8368980884552,5.0,DL,VaDER
VaDER_ld64_lr1e-04_ep50,True,MCAR,0.4,5,3.3836848154567187,7.851854638155344,0.8665185940093982,0.3507499694824219,29.0,DL,VaDER
VaDER_ld64_lr1e-04_ep200,True,MCAR,0.4,5,3.3416858376585648,7.841589637445508,0.8668673755760812,1.737736701965332,11.0,DL,VaDER
VaDER_ld64_lr1e-03_ep50,True,MCAR,0.4,5,3.3877436181492806,8.144967415063908,0.8563667547077322,0.4684607982635498,14.0,DL,VaDER
VaDER_ld64_lr1e-03_ep200,True,MCAR,0.4,5,3.502777065749976,8.455223188027647,0.8452158727969673,1.897665023803711,8.0,DL,VaDER
GAIN,True,MAR,0.1,1,4.2210327144145,9.540035337891116,0.7889888889250403,1.5543243885040283,515.0,DL,GAIN
VAEM_ld16_lr1e-04_ep50,True,MAR,0.1,1,3.1555376897088765,7.501396420260768,0.8695363300128653,0.5132110118865967,15.0,DL,VAEM
VAEM_ld16_lr1e-04_ep200,True,MAR,0.1,1,3.0332767349667265,7.228513139292517,0.8788556101299444,2.0241711139678955,30.0,DL,VAEM
VAEM_ld16_lr1e-03_ep50,True,MAR,0.1,1,3.0349010624157198,7.295615203289181,0.8765960114402728,0.4985342025756836,26.0,DL,VAEM
VAEM_ld16_lr1e-03_ep200,True,MAR,0.1,1,3.052627957436641,7.378967199206745,0.8737601362545846,1.9768743515014648,25.0,DL,VAEM
VAEM_ld32_lr1e-04_ep50,True,MAR,0.1,1,3.145386955616543,7.435405504642477,0.871821650608422,0.4845452308654785,10.0,DL,VAEM
VAEM_ld32_lr1e-04_ep200,True,MAR,0.1,1,3.025668753596943,7.1964826190859466,0.8799268458450248,1.8205459117889404,27.0,DL,VAEM
VAEM_ld32_lr1e-03_ep50,True,MAR,0.1,1,3.0237677994478305,7.246261929781053,0.8782599672646717,0.5039007663726807,29.0,DL,VAEM
VAEM_ld32_lr1e-03_ep200,True,MAR,0.1,1,3.083875084483977,7.480832999312748,0.8702506242831115,1.9401676654815676,25.0,DL,VAEM
VAEM_ld64_lr1e-04_ep50,True,MAR,0.1,1,3.145903913521304,7.43713541892652,0.8717619999674442,0.5337972640991211,10.0,DL,VAEM
VAEM_ld64_lr1e-04_ep200,True,MAR,0.1,1,3.0244031616832125,7.230425375185232,0.8787915064097597,1.9018418788909912,36.0,DL,VAEM
VAEM_ld64_lr1e-03_ep50,True,MAR,0.1,1,3.0320371857406045,7.225781240813514,0.8789471619134681,0.3711640834808349,38.0,DL,VAEM
VAEM_ld64_lr1e-03_ep200,True,MAR,0.1,1,3.143937742368991,7.758616543508361,0.8604358311025139,1.92798376083374,28.0,DL,VAEM
VaDER_ld16_lr1e-04_ep50,True,MAR,0.1,1,3.1688927933911115,7.540459803385884,0.8681740178196173,0.5063941478729248,19.0,DL,VaDER
VaDER_ld16_lr1e-04_ep200,True,MAR,0.1,1,3.0707545731381933,7.369889451332352,0.8740705506322084,1.949218511581421,30.0,DL,VaDER
VaDER_ld16_lr1e-03_ep50,True,MAR,0.1,1,3.104237378074844,7.562500531830584,0.8674022380629683,0.5269274711608887,39.0,DL,VaDER
VaDER_ld16_lr1e-03_ep200,True,MAR,0.1,1,3.184885845074853,7.917003720324638,0.8546794424351027,1.940274715423584,24.0,DL,VaDER
VaDER_ld32_lr1e-04_ep50,True,MAR,0.1,1,3.1679941424622355,7.463098775989603,0.8708650684232201,0.5412445068359375,10.0,DL,VaDER
VaDER_ld32_lr1e-04_ep200,True,MAR,0.1,1,3.0616396857567514,7.35501571725567,0.8745783333042084,2.1057255268096924,37.0,DL,VaDER
VaDER_ld32_lr1e-03_ep50,True,MAR,0.1,1,3.093001118163288,7.577739235324847,0.8668673213968066,0.5328474044799805,37.0,DL,VaDER
VaDER_ld32_lr1e-03_ep200,True,MAR,0.1,1,3.266277980048625,8.208859589977454,0.843767633229082,2.061912775039673,17.0,DL,VaDER
VaDER_ld64_lr1e-04_ep50,True,MAR,0.1,1,3.153544096440635,7.47060983736878,0.8706050079541517,0.4826056957244873,13.0,DL,VaDER
VaDER_ld64_lr1e-04_ep200,True,MAR,0.1,1,3.0621788814889763,7.282594686220325,0.8770360976777216,2.1139190196990967,32.0,DL,VaDER
VaDER_ld64_lr1e-03_ep50,True,MAR,0.1,1,3.123755014022293,7.668108607698669,0.8636730029858406,0.5546615123748779,45.0,DL,VaDER
VaDER_ld64_lr1e-03_ep200,True,MAR,0.1,1,3.2967854578776827,8.336087076636115,0.8388872752749085,2.0511906147003174,33.0,DL,VaDER
GAIN,True,MAR,0.1,2,4.290102495568553,9.788026390653384,0.7790502078728487,1.5584475994110107,567.0,DL,GAIN
VAEM_ld16_lr1e-04_ep50,True,MAR,0.1,2,3.165569830573092,7.442793077197661,0.8722457890264292,0.5061132907867432,16.0,DL,VAEM
VAEM_ld16_lr1e-04_ep200,True,MAR,0.1,2,3.039593566936555,7.217814725572927,0.8798524846785593,1.943243741989136,35.0,DL,VAEM
VAEM_ld16_lr1e-03_ep50,True,MAR,0.1,2,3.042589774166598,7.274695766090295,0.8779513429701354,0.4984073638916015,32.0,DL,VAEM
VAEM_ld16_lr1e-03_ep200,True,MAR,0.1,2,3.057335950119365,7.294967644998823,0.8772701865471282,1.8954291343688965,21.0,DL,VAEM
VAEM_ld32_lr1e-04_ep50,True,MAR,0.1,2,3.1596293478247333,7.408236087528009,0.8734293640399231,0.5093514919281006,9.0,DL,VAEM
VAEM_ld32_lr1e-04_ep200,True,MAR,0.1,2,3.02272628504407,7.224266353181792,0.8796376015073528,1.9194090366363523,29.0,DL,VAEM
VAEM_ld32_lr1e-03_ep50,True,MAR,0.1,2,3.035720215299276,7.22365553816555,0.8796579540383247,0.4279267787933349,37.0,DL,VAEM
VAEM_ld32_lr1e-03_ep200,True,MAR,0.1,2,3.1003796618177177,7.525855459055728,0.8693783756565449,1.9067437648773196,31.0,DL,VAEM
VAEM_ld64_lr1e-04_ep50,True,MAR,0.1,2,3.159283248303652,7.407863044806361,0.87344211068168,0.4935088157653808,9.0,DL,VAEM
VAEM_ld64_lr1e-04_ep200,True,MAR,0.1,2,3.0408434606079178,7.305971122891283,0.876899664470929,1.963228225708008,39.0,DL,VAEM
VAEM_ld64_lr1e-03_ep50,True,MAR,0.1,2,3.043598904755416,7.2632652082302815,0.8783345859947959,0.5431427955627441,43.0,DL,VAEM
VAEM_ld64_lr1e-03_ep200,True,MAR,0.1,2,3.1168947472617323,7.573367398010039,0.8677238988495963,2.0099151134490967,26.0,DL,VAEM
VaDER_ld16_lr1e-04_ep50,True,MAR,0.1,2,3.1781926447391253,7.477444818609405,0.8710534379539757,0.5035667419433594,20.0,DL,VaDER
VaDER_ld16_lr1e-04_ep200,True,MAR,0.1,2,3.056496175975445,7.390658339543739,0.8740292874920612,1.960972785949707,52.0,DL,VaDER
VaDER_ld16_lr1e-03_ep50,True,MAR,0.1,2,3.092561317489374,7.480243203825579,0.8709569050652474,0.4525234699249267,42.0,DL,VaDER
VaDER_ld16_lr1e-03_ep200,True,MAR,0.1,2,3.171762447476807,7.925464441814616,0.855138566780807,1.9693636894226076,25.0,DL,VaDER
VaDER_ld32_lr1e-04_ep50,True,MAR,0.1,2,3.163209834045189,7.441496608298313,0.8722902924632394,0.4979817867279053,10.0,DL,VaDER
VaDER_ld32_lr1e-04_ep200,True,MAR,0.1,2,3.057234562744338,7.3387484089406465,0.875792639584811,1.908428192138672,48.0,DL,VaDER
VaDER_ld32_lr1e-03_ep50,True,MAR,0.1,2,3.064788076738203,7.450694134094159,0.87197440460105,0.5279052257537842,55.0,DL,VaDER
VaDER_ld32_lr1e-03_ep200,True,MAR,0.1,2,3.2642540625547807,8.24864467343265,0.8430835313660773,2.0321431159973145,29.0,DL,VaDER
VaDER_ld64_lr1e-04_ep50,True,MAR,0.1,2,3.149089832661357,7.42222341777176,0.8729509622782972,0.5207037925720215,11.0,DL,VaDER
VaDER_ld64_lr1e-04_ep200,True,MAR,0.1,2,3.0589741652629896,7.3549349848863645,0.8752441239626639,1.9415109157562256,44.0,DL,VaDER
VaDER_ld64_lr1e-03_ep50,True,MAR,0.1,2,3.120982138077705,7.699907074777958,0.8632666979320702,0.4714860916137695,45.0,DL,VaDER
VaDER_ld64_lr1e-03_ep200,True,MAR,0.1,2,3.2969674831464126,8.370119896583462,0.8384277800467431,2.1515607833862305,35.0,DL,VaDER
GAIN,True,MAR,0.1,3,4.205941162784565,9.59076751203412,0.7838980641479032,1.5311594009399414,529.0,DL,GAIN
VAEM_ld16_lr1e-04_ep50,True,MAR,0.1,3,3.147474511523083,7.447380812030239,0.8696956082354464,0.4815223217010498,11.0,DL,VAEM
VAEM_ld16_lr1e-04_ep200,True,MAR,0.1,3,3.039113628484019,7.237929676537072,0.8769219381083997,1.882429122924805,44.0,DL,VAEM
VAEM_ld16_lr1e-03_ep50,True,MAR,0.1,3,3.048480958553874,7.296338025014035,0.8749275025340993,0.4831879138946533,38.0,DL,VAEM
VAEM_ld16_lr1e-03_ep200,True,MAR,0.1,3,3.066187271006562,7.39047436625171,0.8716793471822648,1.9056947231292725,35.0,DL,VAEM
VAEM_ld32_lr1e-04_ep50,True,MAR,0.1,3,3.145378496582751,7.41417526086538,0.8708549911822923,0.5132522583007812,9.0,DL,VAEM
VAEM_ld32_lr1e-04_ep200,True,MAR,0.1,3,3.053437212181437,7.320707826784096,0.8740906218651672,2.072584629058838,46.0,DL,VAEM
VAEM_ld32_lr1e-03_ep50,True,MAR,0.1,3,3.018794981055971,7.206306682715644,0.8779950611007649,0.5021264553070068,47.0,DL,VAEM
VAEM_ld32_lr1e-03_ep200,True,MAR,0.1,3,3.0825093818061773,7.448443531576919,0.8696584174679066,2.018405675888061,39.0,DL,VAEM
VAEM_ld64_lr1e-04_ep50,True,MAR,0.1,3,3.141630798867649,7.398702760155894,0.8713934492498576,0.5079224109649658,16.0,DL,VAEM
VAEM_ld64_lr1e-04_ep200,True,MAR,0.1,3,3.0362863019450894,7.255337150354963,0.8763292121209427,2.1116316318511963,45.0,DL,VAEM
VAEM_ld64_lr1e-03_ep50,True,MAR,0.1,3,3.034173455145036,7.272877883714447,0.8757305084287043,0.5479702949523926,44.0,DL,VAEM
VAEM_ld64_lr1e-03_ep200,True,MAR,0.1,3,3.100147301495672,7.488499860197591,0.8682527428372557,2.041831493377685,33.0,DL,VAEM
VaDER_ld16_lr1e-04_ep50,True,MAR,0.1,3,3.1515393802661253,7.433581668589537,0.8701780390958523,0.5413925647735596,14.0,DL,VaDER
VaDER_ld16_lr1e-04_ep200,True,MAR,0.1,3,3.0580753691702904,7.333013545818658,0.873666972212226,2.0391266345977783,55.0,DL,VaDER
VaDER_ld16_lr1e-03_ep50,True,MAR,0.1,3,3.072931259484287,7.4295902763261745,0.8703174150467982,0.5219690799713135,57.0,DL,VaDER
VaDER_ld16_lr1e-03_ep200,True,MAR,0.1,3,3.1869541365769734,7.958652169217924,0.8511903897642878,2.0584397315979004,29.0,DL,VaDER
VaDER_ld32_lr1e-04_ep50,True,MAR,0.1,3,3.1629848859702583,7.499991529342338,0.8678480803310391,0.5229008197784424,9.0,DL,VaDER
VaDER_ld32_lr1e-04_ep200,True,MAR,0.1,3,3.0713676154511496,7.390188837902787,0.8716892622363046,1.9153015613555908,57.0,DL,VaDER
VaDER_ld32_lr1e-03_ep50,True,MAR,0.1,3,3.0766508778396893,7.430543011067021,0.8702841531787008,0.4645586013793945,54.0,DL,VaDER
VaDER_ld32_lr1e-03_ep200,True,MAR,0.1,3,3.2630283185751368,8.317246481656248,0.837478405559098,1.9707748889923096,29.0,DL,VaDER
VaDER_ld64_lr1e-04_ep50,True,MAR,0.1,3,3.1515407063507825,7.475919837727185,0.8686950186887807,0.5921614170074463,14.0,DL,VaDER
VaDER_ld64_lr1e-04_ep200,True,MAR,0.1,3,3.053108340047799,7.348615030398737,0.8731288361587313,1.913499116897583,56.0,DL,VaDER
VaDER_ld64_lr1e-03_ep50,True,MAR,0.1,3,3.0776603879978937,7.462376226173562,0.8691703402141155,0.527000904083252,47.0,DL,VaDER
VaDER_ld64_lr1e-03_ep200,True,MAR,0.1,3,3.2659845228246853,8.326672522833208,0.8371098212384174,1.963660717010498,18.0,DL,VaDER
GAIN,True,MAR,0.1,4,4.262233212502817,9.735326228708509,0.7840342880814964,1.6968183517456057,538.0,DL,GAIN
VAEM_ld16_lr1e-04_ep50,True,MAR,0.1,4,3.118174842046688,7.40167173716957,0.8751629700996986,0.4837896823883056,12.0,DL,VAEM
VAEM_ld16_lr1e-04_ep200,True,MAR,0.1,4,3.005052041468077,7.276443391985435,0.8793514527260391,1.9631249904632568,29.0,DL,VAEM
VAEM_ld16_lr1e-03_ep50,True,MAR,0.1,4,3.018824394048833,7.332922792102606,0.8774712475800448,0.348325252532959,55.0,DL,VAEM
VAEM_ld16_lr1e-03_ep200,True,MAR,0.1,4,3.0356565950697614,7.406331475100918,0.8750057377954783,2.008307456970215,17.0,DL,VAEM
VAEM_ld32_lr1e-04_ep50,True,MAR,0.1,4,3.123617074640734,7.416060783101854,0.8746771253244421,0.504070520401001,9.0,DL,VAEM
VAEM_ld32_lr1e-04_ep200,True,MAR,0.1,4,3.011988304695716,7.297101722859597,0.8786654209602331,1.853611707687378,40.0,DL,VAEM
VAEM_ld32_lr1e-03_ep50,True,MAR,0.1,4,3.0160632569529557,7.29044411139798,0.8788867225157613,0.5417568683624268,37.0,DL,VAEM
VAEM_ld32_lr1e-03_ep200,True,MAR,0.1,4,3.0820350949727056,7.592098988420832,0.8686568249042682,1.936087131500244,20.0,DL,VAEM
VAEM_ld64_lr1e-04_ep50,True,MAR,0.1,4,3.114285827635157,7.390963332909583,0.8755239259527567,0.5577433109283447,13.0,DL,VAEM
VAEM_ld64_lr1e-04_ep200,True,MAR,0.1,4,3.020606885244959,7.349832905213727,0.8769054802415938,1.9798352718353271,36.0,DL,VAEM
VAEM_ld64_lr1e-03_ep50,True,MAR,0.1,4,3.0401701810774338,7.426230071710946,0.8743331911762452,0.5382349491119385,38.0,DL,VAEM
VAEM_ld64_lr1e-03_ep200,True,MAR,0.1,4,3.1374382053806267,7.686967526395864,0.8653538686931692,1.908052921295166,17.0,DL,VAEM
VaDER_ld16_lr1e-04_ep50,True,MAR,0.1,4,3.134022217900007,7.473407367744019,0.8727314492883652,0.5024924278259277,16.0,DL,VaDER
VaDER_ld16_lr1e-04_ep200,True,MAR,0.1,4,3.073499760450477,7.501575238266531,0.8717702706080741,2.2177088260650635,39.0,DL,VaDER
VaDER_ld16_lr1e-03_ep50,True,MAR,0.1,4,3.07776558999556,7.535404590218033,0.8706111247643162,0.5806949138641357,60.0,DL,VaDER
VaDER_ld16_lr1e-03_ep200,True,MAR,0.1,4,3.177331762557655,8.025435898451548,0.853235490532619,1.959589958190918,27.0,DL,VaDER
VaDER_ld32_lr1e-04_ep50,True,MAR,0.1,4,3.1422985930962177,7.499234127493688,0.8718502946424277,0.4917073249816894,9.0,DL,VaDER
VaDER_ld32_lr1e-04_ep200,True,MAR,0.1,4,3.0496176801064614,7.341760290890975,0.8771757309775997,1.8157086372375488,55.0,DL,VaDER
VaDER_ld32_lr1e-03_ep50,True,MAR,0.1,4,3.110580020355532,7.631553686216082,0.8672881466249942,0.5225911140441895,57.0,DL,VaDER
VaDER_ld32_lr1e-03_ep200,True,MAR,0.1,4,3.266855305943221,8.331483306212654,0.8418284233151143,1.9919524192810056,27.0,DL,VaDER
VaDER_ld64_lr1e-04_ep50,True,MAR,0.1,4,3.1202495351890494,7.4207642838285,0.874518107437384,0.5368976593017578,14.0,DL,VaDER
VaDER_ld64_lr1e-04_ep200,True,MAR,0.1,4,3.057799687908476,7.433222354985904,0.8740964326613686,1.8299365043640137,51.0,DL,VaDER
VaDER_ld64_lr1e-03_ep50,True,MAR,0.1,4,3.118742066349514,7.710058898355986,0.8645437094728619,0.5192794799804688,50.0,DL,VaDER
VaDER_ld64_lr1e-03_ep200,True,MAR,0.1,4,3.271932535381936,8.290421788679934,0.8433836710624081,1.914546251296997,11.0,DL,VaDER
GAIN,True,MAR,0.1,5,4.286953873473726,9.62494223529526,0.7873212627779048,1.5561237335205078,561.0,DL,GAIN
VAEM_ld16_lr1e-04_ep50,True,MAR,0.1,5,3.1379644284511023,7.28147507924685,0.8782787105161263,0.4986646175384521,7.0,DL,VAEM
VAEM_ld16_lr1e-04_ep200,True,MAR,0.1,5,3.05245423295602,7.15148201263565,0.8825859926450224,1.7800240516662598,25.0,DL,VAEM
VAEM_ld16_lr1e-03_ep50,True,MAR,0.1,5,3.0600682073836376,7.2073929836564705,0.8807429080929338,0.4284911155700683,33.0,DL,VAEM
VAEM_ld16_lr1e-03_ep200,True,MAR,0.1,5,3.0591912174503597,7.248229078834235,0.8793876912138067,1.7158968448638916,23.0,DL,VAEM
VAEM_ld32_lr1e-04_ep50,True,MAR,0.1,5,3.1308060104576607,7.237999594399969,0.879727893236868,0.4395043849945068,8.0,DL,VAEM
VAEM_ld32_lr1e-04_ep200,True,MAR,0.1,5,3.0414820098501854,7.157518261558484,0.8823877010790924,1.941183090209961,37.0,DL,VAEM
VAEM_ld32_lr1e-03_ep50,True,MAR,0.1,5,3.050042713620116,7.173990110467839,0.8818457475342985,0.5261030197143555,32.0,DL,VAEM
VAEM_ld32_lr1e-03_ep200,True,MAR,0.1,5,3.1237305903656107,7.472636743454865,0.8718036820362419,1.880941152572632,26.0,DL,VAEM
VAEM_ld64_lr1e-04_ep50,True,MAR,0.1,5,3.1344536518027453,7.263180059692434,0.878889602063338,0.4866204261779785,9.0,DL,VAEM
VAEM_ld64_lr1e-04_ep200,True,MAR,0.1,5,3.043194169480798,7.142905097325929,0.8828674576918157,1.8860363960266116,33.0,DL,VAEM
VAEM_ld64_lr1e-03_ep50,True,MAR,0.1,5,3.039027602157317,7.1258399093880245,0.8834264742370422,0.4991500377655029,49.0,DL,VAEM
VAEM_ld64_lr1e-03_ep200,True,MAR,0.1,5,3.152278391495094,7.56642969742823,0.8685653684526488,1.932610034942627,25.0,DL,VAEM
VaDER_ld16_lr1e-04_ep50,True,MAR,0.1,5,3.147891589394732,7.329885848386369,0.8766548061070114,0.4664130210876465,13.0,DL,VaDER
VaDER_ld16_lr1e-04_ep200,True,MAR,0.1,5,3.0635695754628154,7.220974584461745,0.8802930288366202,1.737006425857544,42.0,DL,VaDER
VaDER_ld16_lr1e-03_ep50,True,MAR,0.1,5,3.121444584700304,7.493113641392636,0.8711001393178107,0.4649186134338379,47.0,DL,VaDER
VaDER_ld16_lr1e-03_ep200,True,MAR,0.1,5,3.255969121674967,8.087985755050132,0.8498212224333571,1.9677939414978027,28.0,DL,VaDER
VaDER_ld32_lr1e-04_ep50,True,MAR,0.1,5,3.151104979063206,7.338479738532898,0.8763654055697637,0.4737856388092041,7.0,DL,VaDER
VaDER_ld32_lr1e-04_ep200,True,MAR,0.1,5,3.077104872765231,7.273419838271455,0.8785478735537507,1.961460828781128,38.0,DL,VaDER
VaDER_ld32_lr1e-03_ep50,True,MAR,0.1,5,3.1150414096250403,7.416581531620297,0.8737197711540542,0.495767593383789,40.0,DL,VaDER
VaDER_ld32_lr1e-03_ep200,True,MAR,0.1,5,3.341138967093989,8.395178811314802,0.8381965747600304,1.9602222442626955,24.0,DL,VaDER
VaDER_ld64_lr1e-04_ep50,True,MAR,0.1,5,3.1501494305372377,7.36281567741919,0.8755440494066398,0.4939877986907959,16.0,DL,VaDER
VaDER_ld64_lr1e-04_ep200,True,MAR,0.1,5,3.071654342215808,7.203618338484321,0.8808677896778416,1.951368808746338,45.0,DL,VaDER
VaDER_ld64_lr1e-03_ep50,True,MAR,0.1,5,3.127394920256096,7.490300706139166,0.8711968998693154,0.5010888576507568,51.0,DL,VaDER
VaDER_ld64_lr1e-03_ep200,True,MAR,0.1,5,3.3536500448568707,8.386723934017118,0.8385223186802906,1.935008525848389,18.0,DL,VaDER
GAIN,True,MAR,0.2,1,4.337079211189122,9.824889805819245,0.7806203097713572,1.6640613079071045,1057.0,DL,GAIN
VAEM_ld16_lr1e-04_ep50,True,MAR,0.2,1,3.20363431104808,7.57640045366507,0.869543150708965,0.487330675125122,14.0,DL,VAEM
VAEM_ld16_lr1e-04_ep200,True,MAR,0.2,1,3.1573607341085053,7.619125875069738,0.8680676373530294,2.1595287322998047,26.0,DL,VAEM
VAEM_ld16_lr1e-03_ep50,True,MAR,0.2,1,3.1653328810694763,7.661885544237005,0.8665826338457744,0.4928078651428222,19.0,DL,VAEM
VAEM_ld16_lr1e-03_ep200,True,MAR,0.2,1,3.1995414255545365,7.83551820320178,0.860467141790022,1.975832223892212,14.0,DL,VAEM
VAEM_ld32_lr1e-04_ep50,True,MAR,0.2,1,3.2148825736853057,7.617720494435504,0.8681163038510548,0.5047314167022705,10.0,DL,VAEM
VAEM_ld32_lr1e-04_ep200,True,MAR,0.2,1,3.158790698570974,7.645790903316292,0.8671425611019677,2.031770706176758,19.0,DL,VAEM
VAEM_ld32_lr1e-03_ep50,True,MAR,0.2,1,3.1734875182543547,7.709591061966618,0.8649160573805207,0.4837808609008789,27.0,DL,VAEM
VAEM_ld32_lr1e-03_ep200,True,MAR,0.2,1,3.2449735495846235,8.068610910960938,0.8520419533647652,1.985879182815552,18.0,DL,VAEM
VAEM_ld64_lr1e-04_ep50,True,MAR,0.2,1,3.197577441389048,7.572865361160157,0.8696648627124592,0.48750901222229,15.0,DL,VAEM
VAEM_ld64_lr1e-04_ep200,True,MAR,0.2,1,3.15784227278781,7.6461332635100066,0.8671306627601351,1.911864995956421,29.0,DL,VAEM
VAEM_ld64_lr1e-03_ep50,True,MAR,0.2,1,3.1973664784232523,7.776082118768849,0.8625759576438345,0.5082521438598633,29.0,DL,VAEM
VAEM_ld64_lr1e-03_ep200,True,MAR,0.2,1,3.278807244078588,8.112928541240905,0.8504121417472742,1.863574981689453,11.0,DL,VAEM
VaDER_ld16_lr1e-04_ep50,True,MAR,0.2,1,3.228451330754172,7.704176542937761,0.8651057322237716,0.4325413703918457,20.0,DL,VaDER
VaDER_ld16_lr1e-04_ep200,True,MAR,0.2,1,3.204621530240817,7.823733461993328,0.8608865453344973,1.8898940086364744,30.0,DL,VaDER
VaDER_ld16_lr1e-03_ep50,True,MAR,0.2,1,3.248834816127208,8.096516352528273,0.8510167522499069,0.5030519962310791,35.0,DL,VaDER
VaDER_ld16_lr1e-03_ep200,True,MAR,0.2,1,3.3531372666362893,8.534223947968227,0.8344728975396432,1.8983795642852783,15.0,DL,VaDER
VaDER_ld32_lr1e-04_ep50,True,MAR,0.2,1,3.2316779484451708,7.679065387842965,0.8659836535588611,0.5625648498535156,12.0,DL,VaDER
VaDER_ld32_lr1e-04_ep200,True,MAR,0.2,1,3.200725937377572,7.8108365172506335,0.8613448073095062,2.3425724506378174,34.0,DL,VaDER
VaDER_ld32_lr1e-03_ep50,True,MAR,0.2,1,3.256141596129685,8.077130498405557,0.8517293327591465,0.528144121170044,23.0,DL,VaDER
VaDER_ld32_lr1e-03_ep200,True,MAR,0.2,1,3.4086446605604768,8.7124910805532,0.8274854476058712,2.1172261238098145,14.0,DL,VaDER
VaDER_ld64_lr1e-04_ep50,True,MAR,0.2,1,3.2198727896329857,7.675982892387869,0.866091224427094,0.4967803955078125,14.0,DL,VaDER
VaDER_ld64_lr1e-04_ep200,True,MAR,0.2,1,3.208444551680246,7.85366618298278,0.8598200443279878,2.0040414333343506,31.0,DL,VaDER
VaDER_ld64_lr1e-03_ep50,True,MAR,0.2,1,3.2461853172209523,8.020193642396212,0.853812327695184,0.4366378784179687,42.0,DL,VaDER
VaDER_ld64_lr1e-03_ep200,True,MAR,0.2,1,3.4101615513699213,8.681553318448037,0.8287084590267325,1.9528260231018064,13.0,DL,VaDER
GAIN,True,MAR,0.2,2,4.2758110287375874,9.767177587524248,0.7839327988004526,1.565258502960205,1085.0,DL,GAIN
VAEM_ld16_lr1e-04_ep50,True,MAR,0.2,2,3.1724704634348195,7.515415509872511,0.8720746330224852,0.4258260726928711,16.0,DL,VAEM
VAEM_ld16_lr1e-04_ep200,True,MAR,0.2,2,3.125096385597401,7.515075775765109,0.8720861984849642,1.9307856559753416,15.0,DL,VAEM
VAEM_ld16_lr1e-03_ep50,True,MAR,0.2,2,3.144106065478152,7.625482660354779,0.8683001277192469,0.567305326461792,8.0,DL,VAEM
VAEM_ld16_lr1e-03_ep200,True,MAR,0.2,2,3.1732207373242214,7.756153035785098,0.863747833343528,2.081361055374145,10.0,DL,VAEM
VAEM_ld32_lr1e-04_ep50,True,MAR,0.2,2,3.173598562335086,7.522074990197994,0.8718478208365213,0.5229935646057129,10.0,DL,VAEM
VAEM_ld32_lr1e-04_ep200,True,MAR,0.2,2,3.126892935154548,7.56046563836847,0.8705363741911365,1.9741733074188232,27.0,DL,VAEM
VAEM_ld32_lr1e-03_ep50,True,MAR,0.2,2,3.15678898966138,7.652070595577293,0.8673801250309712,0.4835400581359863,22.0,DL,VAEM
VAEM_ld32_lr1e-03_ep200,True,MAR,0.2,2,3.206564712097127,7.961723499770537,0.8564296166102674,2.1872904300689697,10.0,DL,VAEM
VAEM_ld64_lr1e-04_ep50,True,MAR,0.2,2,3.174570185077473,7.55982618610431,0.8705582729237444,0.5422990322113037,10.0,DL,VAEM
VAEM_ld64_lr1e-04_ep200,True,MAR,0.2,2,3.13098494706714,7.610199027064915,0.8688275265679991,1.8963074684143064,26.0,DL,VAEM
VAEM_ld64_lr1e-03_ep50,True,MAR,0.2,2,3.1570049692428563,7.712893810613595,0.8652634625622493,0.5153687000274658,35.0,DL,VAEM
VAEM_ld64_lr1e-03_ep200,True,MAR,0.2,2,3.2471754549397467,7.9487957084276095,0.8568954808386016,1.9018762111663816,15.0,DL,VAEM
VaDER_ld16_lr1e-04_ep50,True,MAR,0.2,2,3.2010634217125,7.646443916032689,0.8675750879966103,0.4989180564880371,18.0,DL,VaDER
VaDER_ld16_lr1e-04_ep200,True,MAR,0.2,2,3.168703161469507,7.763010205332067,0.8635068073580849,2.1597354412078857,33.0,DL,VaDER
VaDER_ld16_lr1e-03_ep50,True,MAR,0.2,2,3.213210777419638,7.969794017266733,0.8561384046506264,0.5197653770446777,19.0,DL,VaDER
VaDER_ld16_lr1e-03_ep200,True,MAR,0.2,2,3.3091583997767127,8.435890840443925,0.8388194695125797,1.9905791282653809,14.0,DL,VaDER
VaDER_ld32_lr1e-04_ep50,True,MAR,0.2,2,3.183793169523613,7.605049070849501,0.8690049999612836,0.5303010940551758,14.0,DL,VaDER
VaDER_ld32_lr1e-04_ep200,True,MAR,0.2,2,3.190935212080769,7.834521543275775,0.8609805274973775,2.1319475173950195,41.0,DL,VaDER
VaDER_ld32_lr1e-03_ep50,True,MAR,0.2,2,3.208858890221423,7.89350008739588,0.8588795624678166,0.5916476249694824,34.0,DL,VaDER
VaDER_ld32_lr1e-03_ep200,True,MAR,0.2,2,3.3595129192481545,8.5644518775718,0.8338693267753186,1.921543836593628,22.0,DL,VaDER
VaDER_ld64_lr1e-04_ep50,True,MAR,0.2,2,3.187663929298718,7.5985900611467265,0.869227415009647,0.5336306095123291,17.0,DL,VaDER
VaDER_ld64_lr1e-04_ep200,True,MAR,0.2,2,3.1793253578929463,7.782653953916247,0.8628151606307805,1.9144227504730225,31.0,DL,VaDER
VaDER_ld64_lr1e-03_ep50,True,MAR,0.2,2,3.234599284930664,8.07463001308568,0.8523287532813721,0.4955036640167236,39.0,DL,VaDER
VaDER_ld64_lr1e-03_ep200,True,MAR,0.2,2,3.369666683002376,8.580993702684095,0.8332269602824751,1.982543706893921,13.0,DL,VaDER
GAIN,True,MAR,0.2,3,4.218012371838433,9.494066255982002,0.7862125603351388,1.7037153244018557,1087.0,DL,GAIN
VAEM_ld16_lr1e-04_ep50,True,MAR,0.2,3,3.1193254892493614,7.236985491302973,0.8757795570062091,0.368849515914917,8.0,DL,VAEM
VAEM_ld16_lr1e-04_ep200,True,MAR,0.2,3,3.0769313802881144,7.212209772460589,0.8766286350170882,2.082118034362793,14.0,DL,VAEM
VAEM_ld16_lr1e-03_ep50,True,MAR,0.2,3,3.0851665530172085,7.284601526907131,0.8741395527102578,0.4452388286590576,11.0,DL,VAEM
VAEM_ld16_lr1e-03_ep200,True,MAR,0.2,3,3.118231536666469,7.422580971985724,0.8693264897219694,1.9601740837097168,8.0,DL,VAEM
VAEM_ld32_lr1e-04_ep50,True,MAR,0.2,3,3.12474091412997,7.242614436340398,0.8755862439262262,0.4967002868652344,4.0,DL,VAEM
VAEM_ld32_lr1e-04_ep200,True,MAR,0.2,3,3.0738218332461944,7.220521313748999,0.8763441183214176,1.8787031173706052,13.0,DL,VAEM
VAEM_ld32_lr1e-03_ep50,True,MAR,0.2,3,3.0842981391687627,7.290139010847365,0.8739481310927945,0.5333089828491211,20.0,DL,VAEM
VAEM_ld32_lr1e-03_ep200,True,MAR,0.2,3,3.15697606963249,7.547340934161287,0.8648968088547462,2.0364949703216557,21.0,DL,VAEM
VAEM_ld64_lr1e-04_ep50,True,MAR,0.2,3,3.1192449230975523,7.239654960816621,0.8756878989963296,0.5744965076446533,14.0,DL,VAEM
VAEM_ld64_lr1e-04_ep200,True,MAR,0.2,3,3.0761432896755707,7.252681841508004,0.875240127417997,2.0354459285736084,21.0,DL,VAEM
VAEM_ld64_lr1e-03_ep50,True,MAR,0.2,3,3.1105219017865338,7.399278031191997,0.8701456918638608,0.4421901702880859,16.0,DL,VAEM
VAEM_ld64_lr1e-03_ep200,True,MAR,0.2,3,3.196611764157462,7.655257131944116,0.8610056217076086,1.7974584102630615,13.0,DL,VAEM
VaDER_ld16_lr1e-04_ep50,True,MAR,0.2,3,3.142127824103149,7.329595074375149,0.8725799899684168,0.4976670742034912,13.0,DL,VaDER
VaDER_ld16_lr1e-04_ep200,True,MAR,0.2,3,3.1194211732456183,7.407508079111848,0.8698566632523282,1.9785737991333008,30.0,DL,VaDER
VaDER_ld16_lr1e-03_ep50,True,MAR,0.2,3,3.160641071047203,7.653053460281593,0.8610856330988291,0.4999256134033203,33.0,DL,VaDER
VaDER_ld16_lr1e-03_ep200,True,MAR,0.2,3,3.2541382090211037,7.988076702852928,0.8486570752624295,2.026702404022217,18.0,DL,VaDER
VaDER_ld32_lr1e-04_ep50,True,MAR,0.2,3,3.149525671941104,7.35035018862931,0.8718573412539035,0.5439164638519287,9.0,DL,VaDER
VaDER_ld32_lr1e-04_ep200,True,MAR,0.2,3,3.1321818764985583,7.485573317860063,0.8670991352892596,2.005303382873535,37.0,DL,VaDER
VaDER_ld32_lr1e-03_ep50,True,MAR,0.2,3,3.1610832197994023,7.598566348033341,0.8630566367640014,0.531400203704834,27.0,DL,VaDER
VaDER_ld32_lr1e-03_ep200,True,MAR,0.2,3,3.300513077892813,8.212442051560394,0.8400359813555512,2.003635883331299,13.0,DL,VaDER
VaDER_ld64_lr1e-04_ep50,True,MAR,0.2,3,3.1378999582606317,7.325638057888202,0.8727175328950592,0.4833085536956787,16.0,DL,VaDER
VaDER_ld64_lr1e-04_ep200,True,MAR,0.2,3,3.1173654555755608,7.389859948424695,0.8704760484985732,2.0375447273254395,37.0,DL,VaDER
VaDER_ld64_lr1e-03_ep50,True,MAR,0.2,3,3.1841625401813567,7.708805120216841,0.8590543089338376,0.4977505207061767,40.0,DL,VaDER
VaDER_ld64_lr1e-03_ep200,True,MAR,0.2,3,3.309489689314664,8.18333135281552,0.8411680224884599,2.04262638092041,8.0,DL,VaDER
GAIN,True,MAR,0.2,4,4.331824615622322,9.817239937527338,0.7716216545427064,1.6281187534332275,1080.0,DL,GAIN
VAEM_ld16_lr1e-04_ep50,True,MAR,0.2,4,3.158550088265592,7.385791722013072,0.8707381925617015,0.4552586078643799,13.0,DL,VAEM
VAEM_ld16_lr1e-04_ep200,True,MAR,0.2,4,3.1062968136032167,7.403159250955608,0.8701295651452603,1.9897706508636477,24.0,DL,VAEM
VAEM_ld16_lr1e-03_ep50,True,MAR,0.2,4,3.134912063078153,7.516878723523235,0.8661090576451859,0.5382497310638428,25.0,DL,VAEM
VAEM_ld16_lr1e-03_ep200,True,MAR,0.2,4,3.1712751290073102,7.640161729681028,0.8616811991141624,1.8040275573730469,9.0,DL,VAEM
VAEM_ld32_lr1e-04_ep50,True,MAR,0.2,4,3.161650291027142,7.414785559698538,0.8697213341874269,0.4740259647369385,8.0,DL,VAEM
VAEM_ld32_lr1e-04_ep200,True,MAR,0.2,4,3.115120085749332,7.427381967407517,0.8692783174344726,1.866206169128418,19.0,DL,VAEM
VAEM_ld32_lr1e-03_ep50,True,MAR,0.2,4,3.1419532917993678,7.528652217497305,0.8656893092973961,0.47658371925354,15.0,DL,VAEM
VAEM_ld32_lr1e-03_ep200,True,MAR,0.2,4,3.2052860422122285,7.749101362875709,0.8577085533220732,1.984154224395752,17.0,DL,VAEM
VAEM_ld64_lr1e-04_ep50,True,MAR,0.2,4,3.153650856358404,7.352540340599543,0.8718994650602189,0.5096311569213867,8.0,DL,VAEM
VAEM_ld64_lr1e-04_ep200,True,MAR,0.2,4,3.122244851269388,7.443738454316449,0.8687019362008941,1.910386085510254,23.0,DL,VAEM
VAEM_ld64_lr1e-03_ep50,True,MAR,0.2,4,3.1626127614108728,7.616358598696427,0.8625417284690928,0.5024235248565674,19.0,DL,VAEM
VAEM_ld64_lr1e-03_ep200,True,MAR,0.2,4,3.261909908806392,7.980029882728727,0.8491014221916263,1.9456346035003664,12.0,DL,VAEM
VaDER_ld16_lr1e-04_ep50,True,MAR,0.2,4,3.1832155489149443,7.451545931647099,0.868426363849111,0.4291789531707763,22.0,DL,VaDER
VaDER_ld16_lr1e-04_ep200,True,MAR,0.2,4,3.1711095256327377,7.621469412887539,0.8623571889983281,2.0121750831604004,30.0,DL,VaDER
VaDER_ld16_lr1e-03_ep50,True,MAR,0.2,4,3.2213371371871213,7.851177370926572,0.8539351593885562,0.5213072299957275,25.0,DL,VaDER
VaDER_ld16_lr1e-03_ep200,True,MAR,0.2,4,3.2912254266786176,8.173219389232672,0.8417067395602894,1.969846248626709,17.0,DL,VaDER
VaDER_ld32_lr1e-04_ep50,True,MAR,0.2,4,3.188207382229672,7.53294006514872,0.865536275855987,0.4723291397094726,12.0,DL,VaDER
VaDER_ld32_lr1e-04_ep200,True,MAR,0.2,4,3.170062450098058,7.685988861172718,0.8600168981159005,1.903557538986206,30.0,DL,VaDER
VaDER_ld32_lr1e-03_ep50,True,MAR,0.2,4,3.211838502353617,7.831411644343717,0.8546696845142416,0.5605106353759766,21.0,DL,VaDER
VaDER_ld32_lr1e-03_ep200,True,MAR,0.2,4,3.357085158439502,8.371799266875112,0.8339213811397425,1.9596941471099851,13.0,DL,VaDER
VaDER_ld64_lr1e-04_ep50,True,MAR,0.2,4,3.178036889156552,7.4419313386273505,0.8687656788999134,0.5017743110656738,14.0,DL,VaDER
VaDER_ld64_lr1e-04_ep200,True,MAR,0.2,4,3.2018071533224366,7.742901423957647,0.8579361527093865,1.97491455078125,32.0,DL,VaDER
VaDER_ld64_lr1e-03_ep50,True,MAR,0.2,4,3.255884057004971,7.983660905556697,0.8489640691131378,0.5024704933166504,23.0,DL,VaDER
VaDER_ld64_lr1e-03_ep200,True,MAR,0.2,4,3.372842436923677,8.36100496245258,0.8343493769357804,1.8929643630981443,11.0,DL,VaDER
GAIN,True,MAR,0.2,5,4.292451830648965,9.603899309443694,0.7836359908116883,1.5864427089691162,1136.0,DL,GAIN
VAEM_ld16_lr1e-04_ep50,True,MAR,0.2,5,3.180453133914257,7.257933185676252,0.8764292291656673,0.4990949630737304,10.0,DL,VAEM
VAEM_ld16_lr1e-04_ep200,True,MAR,0.2,5,3.1407196917503986,7.26235656464618,0.876278561778961,2.0792012214660645,19.0,DL,VAEM
VAEM_ld16_lr1e-03_ep50,True,MAR,0.2,5,3.1681024636027124,7.406053405653012,0.871334087927685,0.4908497333526611,10.0,DL,VAEM
VAEM_ld16_lr1e-03_ep200,True,MAR,0.2,5,3.2070001406410267,7.535819153588226,0.8667857269362012,1.9704279899597168,7.0,DL,VAEM
VAEM_ld32_lr1e-04_ep50,True,MAR,0.2,5,3.178798674370148,7.267481210394229,0.8761038933400823,0.4831314086914062,2.0,DL,VAEM
VAEM_ld32_lr1e-04_ep200,True,MAR,0.2,5,3.1503354514213395,7.345066486341834,0.8734444234672136,1.971563577651977,22.0,DL,VAEM
VAEM_ld32_lr1e-03_ep50,True,MAR,0.2,5,3.182071946342526,7.468630496494485,0.8691505892225201,0.4974308013916015,16.0,DL,VAEM
VAEM_ld32_lr1e-03_ep200,True,MAR,0.2,5,3.2483909521153795,7.749447586897066,0.8591258480749911,2.0318052768707275,16.0,DL,VAEM
VAEM_ld64_lr1e-04_ep50,True,MAR,0.2,5,3.17525230419095,7.267658895972032,0.8760978348943063,0.4807207584381103,7.0,DL,VAEM
VAEM_ld64_lr1e-04_ep200,True,MAR,0.2,5,3.151483370727319,7.318682941866072,0.8743519681046634,2.025809526443481,22.0,DL,VAEM
VAEM_ld64_lr1e-03_ep50,True,MAR,0.2,5,3.1953193091655043,7.563620447324718,0.8658010003586782,0.580439567565918,29.0,DL,VAEM
VAEM_ld64_lr1e-03_ep200,True,MAR,0.2,5,3.296755585247735,7.892880511192237,0.8538627669066496,1.935330867767334,8.0,DL,VAEM
VaDER_ld16_lr1e-04_ep50,True,MAR,0.2,5,3.206743869001192,7.374967509166984,0.8724119362548429,0.4898602962493896,14.0,DL,VaDER
VaDER_ld16_lr1e-04_ep200,True,MAR,0.2,5,3.2050447623029736,7.619354035408633,0.8638159858307177,2.15189528465271,34.0,DL,VaDER
VaDER_ld16_lr1e-03_ep50,True,MAR,0.2,5,3.2658426283783024,7.887035005708259,0.8540791466344032,0.4643619060516357,30.0,DL,VaDER
VaDER_ld16_lr1e-03_ep200,True,MAR,0.2,5,3.330617855340452,8.081899403790498,0.8467795600989022,1.9073288440704343,8.0,DL,VaDER
VaDER_ld32_lr1e-04_ep50,True,MAR,0.2,5,3.202315615956514,7.369536311380036,0.872599788160475,0.548438310623169,6.0,DL,VaDER
VaDER_ld32_lr1e-04_ep200,True,MAR,0.2,5,3.212699618745448,7.554030461839909,0.8661410889681361,2.1274421215057373,34.0,DL,VaDER
VaDER_ld32_lr1e-03_ep50,True,MAR,0.2,5,3.247756102761998,7.751734444719927,0.8590426920339307,0.5937912464141846,23.0,DL,VaDER
VaDER_ld32_lr1e-03_ep200,True,MAR,0.2,5,3.4039770468958284,8.345791110229767,0.8366102362501326,2.0958077907562256,6.0,DL,VaDER
VaDER_ld64_lr1e-04_ep50,True,MAR,0.2,5,3.200158587370056,7.352372051710042,0.8731925483255225,0.5000019073486328,11.0,DL,VaDER
VaDER_ld64_lr1e-04_ep200,True,MAR,0.2,5,3.2216675220237945,7.626640201490365,0.863555403693534,2.017897129058838,33.0,DL,VaDER
VaDER_ld64_lr1e-03_ep50,True,MAR,0.2,5,3.2844607189630626,7.915041347714091,0.8530409960137848,0.511183500289917,32.0,DL,VaDER
VaDER_ld64_lr1e-03_ep200,True,MAR,0.2,5,3.41444377581448,8.307288014204804,0.8381143477162591,1.8237192630767824,8.0,DL,VaDER
GAIN,True,MAR,0.3,1,4.332355959800745,9.749400262888468,0.7758879864157391,1.650033712387085,1593.0,DL,GAIN
VAEM_ld16_lr1e-04_ep50,True,MAR,0.3,1,3.215540802621277,7.545906417691519,0.8657444754106047,0.5068175792694092,9.0,DL,VAEM
VAEM_ld16_lr1e-04_ep200,True,MAR,0.3,1,3.200500562628016,7.621861985015685,0.8630280947065773,2.0071189403533936,6.0,DL,VAEM
VAEM_ld16_lr1e-03_ep50,True,MAR,0.3,1,3.230601093157253,7.782011932142407,0.8572115363332317,0.4950811862945556,5.0,DL,VAEM
VAEM_ld16_lr1e-03_ep200,True,MAR,0.3,1,3.274454004415943,7.96995759048207,0.8502311976227022,2.026981830596924,5.0,DL,VAEM
VAEM_ld32_lr1e-04_ep50,True,MAR,0.3,1,3.220858056277012,7.549860531200671,0.8656037366731069,0.4453697204589844,5.0,DL,VAEM
VAEM_ld32_lr1e-04_ep200,True,MAR,0.3,1,3.225697079118467,7.722647970421238,0.8593817098372504,2.189678430557251,9.0,DL,VAEM
VAEM_ld32_lr1e-03_ep50,True,MAR,0.3,1,3.2425614692471934,7.856313680315836,0.8544718640278411,0.425624132156372,7.0,DL,VAEM
VAEM_ld32_lr1e-03_ep200,True,MAR,0.3,1,3.311373066203043,8.129631523672025,0.8441700040832942,2.018528461456299,5.0,DL,VAEM
VAEM_ld64_lr1e-04_ep50,True,MAR,0.3,1,3.221946219370288,7.54864075306915,0.8656471600925151,0.5126712322235107,6.0,DL,VAEM
VAEM_ld64_lr1e-04_ep200,True,MAR,0.3,1,3.225818617368961,7.747542362596451,0.8584736666174179,1.938809156417847,12.0,DL,VAEM
VAEM_ld64_lr1e-03_ep50,True,MAR,0.3,1,3.264378240556605,7.962215680172591,0.8505220231289201,0.5435965061187744,7.0,DL,VAEM
VAEM_ld64_lr1e-03_ep200,True,MAR,0.3,1,3.345594908505113,8.243870140763217,0.8397597476564724,1.868513345718384,8.0,DL,VAEM
VaDER_ld16_lr1e-04_ep50,True,MAR,0.3,1,3.2537880776007397,7.660611537573215,0.8616318238281461,0.5698032379150391,15.0,DL,VaDER
VaDER_ld16_lr1e-04_ep200,True,MAR,0.3,1,3.259122664247286,7.884454671178194,0.8534274453042876,2.0786869525909424,9.0,DL,VaDER
VaDER_ld16_lr1e-03_ep50,True,MAR,0.3,1,3.3092657335555864,8.152555809903895,0.8432899326875978,0.4962019920349121,10.0,DL,VaDER
VaDER_ld16_lr1e-03_ep200,True,MAR,0.3,1,3.371334646601148,8.366226261092235,0.8349678538283369,2.029658317565918,10.0,DL,VaDER
VaDER_ld32_lr1e-04_ep50,True,MAR,0.3,1,3.257235258572728,7.711475690759901,0.8597882777591791,0.4632797241210937,9.0,DL,VaDER
VaDER_ld32_lr1e-04_ep200,True,MAR,0.3,1,3.290417080015792,8.02553552583337,0.8481351102649386,1.918210744857788,17.0,DL,VaDER
VaDER_ld32_lr1e-03_ep50,True,MAR,0.3,1,3.308037928793324,8.099777064323609,0.8453124120969193,0.5017337799072266,15.0,DL,VaDER
VaDER_ld32_lr1e-03_ep200,True,MAR,0.3,1,3.4096558731308413,8.438541007889265,0.8321025630091462,2.002524137496948,7.0,DL,VaDER
VaDER_ld64_lr1e-04_ep50,True,MAR,0.3,1,3.24171970742395,7.664554367682174,0.8614893541034236,0.5387849807739258,7.0,DL,VaDER
VaDER_ld64_lr1e-04_ep200,True,MAR,0.3,1,3.290995545016397,8.024040635174437,0.8481916797639037,1.9748077392578125,16.0,DL,VaDER
VaDER_ld64_lr1e-03_ep50,True,MAR,0.3,1,3.333140351101042,8.219223362955391,0.8407164590164673,0.431990385055542,15.0,DL,VaDER
VaDER_ld64_lr1e-03_ep200,True,MAR,0.3,1,3.420150956738751,8.43395854556388,0.8322848634271686,1.9071311950683596,8.0,DL,VaDER
GAIN,True,MAR,0.3,2,4.285407432708652,9.646782505580315,0.7828195951262802,1.6773920059204102,1675.0,DL,GAIN
VAEM_ld16_lr1e-04_ep50,True,MAR,0.3,2,3.2099550445556635,7.532182842481736,0.8675971382657335,0.5150132179260254,5.0,DL,VAEM
VAEM_ld16_lr1e-04_ep200,True,MAR,0.3,2,3.201627509962921,7.642286843325157,0.8636979672212296,2.2014052867889404,5.0,DL,VAEM
VAEM_ld16_lr1e-03_ep50,True,MAR,0.3,2,3.224719135803328,7.736862257075671,0.8603035421885634,0.4471762180328369,7.0,DL,VAEM
VAEM_ld16_lr1e-03_ep200,True,MAR,0.3,2,3.269712746763476,7.9106054675440465,0.853958893628485,1.964057207107544,4.0,DL,VAEM
VAEM_ld32_lr1e-04_ep50,True,MAR,0.3,2,3.201576521685215,7.518149064329869,0.8680900581622313,0.5208206176757812,10.0,DL,VAEM
VAEM_ld32_lr1e-04_ep200,True,MAR,0.3,2,3.2081634459399844,7.689163081551813,0.862020740991011,2.1283929347991943,5.0,DL,VAEM
VAEM_ld32_lr1e-03_ep50,True,MAR,0.3,2,3.2380997793251063,7.83875898445457,0.8565996249177915,0.463355541229248,7.0,DL,VAEM
VAEM_ld32_lr1e-03_ep200,True,MAR,0.3,2,3.3146656438480724,8.158292860012208,0.8446703918589782,1.9933819770812988,5.0,DL,VAEM
VAEM_ld64_lr1e-04_ep50,True,MAR,0.3,2,3.2036483378065106,7.538652503242127,0.8673695894927163,0.4542093276977539,8.0,DL,VAEM
VAEM_ld64_lr1e-04_ep200,True,MAR,0.3,2,3.2231574277718167,7.750004057008748,0.8598285635646312,1.9691028594970703,7.0,DL,VAEM
VAEM_ld64_lr1e-03_ep50,True,MAR,0.3,2,3.2736270992513514,8.037953020818547,0.8492190097195352,0.5571906566619873,9.0,DL,VAEM
VAEM_ld64_lr1e-03_ep200,True,MAR,0.3,2,3.3484349186767326,8.225762836045613,0.842090582370741,2.067344665527344,7.0,DL,VAEM
VaDER_ld16_lr1e-04_ep50,True,MAR,0.3,2,3.231665591863284,7.635551814029835,0.863938103110861,0.5443634986877441,14.0,DL,VaDER
VaDER_ld16_lr1e-04_ep200,True,MAR,0.3,2,3.264743711546181,7.941969945060422,0.8527985314912049,1.978843688964844,8.0,DL,VaDER
VaDER_ld16_lr1e-03_ep50,True,MAR,0.3,2,3.311546849265975,8.194691967803381,0.8432812601129627,0.5199277400970459,11.0,DL,VaDER
VaDER_ld16_lr1e-03_ep200,True,MAR,0.3,2,3.374042138458404,8.367029374384702,0.8366202408354231,2.0283443927764893,4.0,DL,VaDER
VaDER_ld32_lr1e-04_ep50,True,MAR,0.3,2,3.228402760202618,7.642640339917415,0.8636853575352972,0.5581672191619873,7.0,DL,VaDER
VaDER_ld32_lr1e-04_ep200,True,MAR,0.3,2,3.275629083584592,7.968618390043142,0.8518090361016725,1.9041805267333984,13.0,DL,VaDER
VaDER_ld32_lr1e-03_ep50,True,MAR,0.3,2,3.3161468271065755,8.130281579492364,0.8457352008361309,0.50380539894104,8.0,DL,VaDER
VaDER_ld32_lr1e-03_ep200,True,MAR,0.3,2,3.409427876592533,8.486215353166116,0.8319324917388723,2.120192289352417,8.0,DL,VaDER
VaDER_ld64_lr1e-04_ep50,True,MAR,0.3,2,3.220061011279654,7.592815778472987,0.8654569124108535,0.4292140007019043,12.0,DL,VaDER
VaDER_ld64_lr1e-04_ep200,True,MAR,0.3,2,3.2889948321847085,8.043484279450443,0.8490114206454678,2.13633131980896,13.0,DL,VaDER
VaDER_ld64_lr1e-03_ep50,True,MAR,0.3,2,3.330851859546596,8.211171562221228,0.842650300912072,0.5081586837768555,13.0,DL,VaDER
VaDER_ld64_lr1e-03_ep200,True,MAR,0.3,2,3.426899394155793,8.496209018667951,0.8315364142476688,2.0304512977600098,8.0,DL,VaDER
GAIN,True,MAR,0.3,3,4.200366337666867,9.386510244149166,0.7891305083185511,1.608001708984375,1637.0,DL,GAIN
VAEM_ld16_lr1e-04_ep50,True,MAR,0.3,3,3.171063588454148,7.3883170674003695,0.8693538897953662,0.4988045692443847,2.0,DL,VAEM
VAEM_ld16_lr1e-04_ep200,True,MAR,0.3,3,3.1630026682696126,7.453796550352637,0.8670279073780824,2.1718220710754395,5.0,DL,VAEM
VAEM_ld16_lr1e-03_ep50,True,MAR,0.3,3,3.1812407137737053,7.552360423328018,0.8634879936352793,0.5581238269805908,2.0,DL,VAEM
VAEM_ld16_lr1e-03_ep200,True,MAR,0.3,3,3.2112617041691136,7.642597858685693,0.8602063479432178,2.0460784435272217,5.0,DL,VAEM
VAEM_ld32_lr1e-04_ep50,True,MAR,0.3,3,3.1616560562225837,7.3593937475908495,0.870374778002116,0.4898731708526611,5.0,DL,VAEM
VAEM_ld32_lr1e-04_ep200,True,MAR,0.3,3,3.1741854858103147,7.529882955054013,0.8642993633108085,1.989654302597046,3.0,DL,VAEM
VAEM_ld32_lr1e-03_ep50,True,MAR,0.3,3,3.193254663775092,7.58941343194337,0.862145211151801,0.4837439060211181,3.0,DL,VAEM
VAEM_ld32_lr1e-03_ep200,True,MAR,0.3,3,3.261431680376897,7.875138901562901,0.8515699343889049,1.91541600227356,2.0,DL,VAEM
VAEM_ld64_lr1e-04_ep50,True,MAR,0.3,3,3.1666615334175714,7.385840362473287,0.8694414652548825,0.5320332050323486,3.0,DL,VAEM
VAEM_ld64_lr1e-04_ep200,True,MAR,0.3,3,3.174069895485484,7.507242643460262,0.865114166389104,2.022723913192749,3.0,DL,VAEM
VAEM_ld64_lr1e-03_ep50,True,MAR,0.3,3,3.2323157111345866,7.819061740175375,0.8536762849675981,0.4918906688690185,6.0,DL,VAEM
VAEM_ld64_lr1e-03_ep200,True,MAR,0.3,3,3.307576420960891,8.072324946680922,0.8440437780228246,2.011146783828736,8.0,DL,VAEM
VaDER_ld16_lr1e-04_ep50,True,MAR,0.3,3,3.191976297171846,7.469431205934751,0.8664694930926461,0.4901711940765381,11.0,DL,VaDER
VaDER_ld16_lr1e-04_ep200,True,MAR,0.3,3,3.2323826235027244,7.73100130589624,0.8569536016696965,1.6211469173431396,7.0,DL,VaDER
VaDER_ld16_lr1e-03_ep50,True,MAR,0.3,3,3.267640739824038,7.910346633641464,0.8502397819058061,0.4983413219451904,7.0,DL,VaDER
VaDER_ld16_lr1e-03_ep200,True,MAR,0.3,3,3.329597813642948,8.187103998484716,0.8395772161400817,1.9597513675689695,10.0,DL,VaDER
VaDER_ld32_lr1e-04_ep50,True,MAR,0.3,3,3.1934364058453832,7.481713334749458,0.8660299985140217,0.5074045658111572,5.0,DL,VaDER
VaDER_ld32_lr1e-04_ep200,True,MAR,0.3,3,3.228135339489073,7.731319687928623,0.8569418194078602,2.071622133255005,5.0,DL,VaDER
VaDER_ld32_lr1e-03_ep50,True,MAR,0.3,3,3.271924678548104,7.89735740989136,0.8507312071119166,0.4937078952789306,9.0,DL,VaDER
VaDER_ld32_lr1e-03_ep200,True,MAR,0.3,3,3.3605364978086727,8.289736663310396,0.8355299200123996,1.9141154289245603,6.0,DL,VaDER
VaDER_ld64_lr1e-04_ep50,True,MAR,0.3,3,3.1854980243958875,7.441145597913972,0.8674788979656254,0.468341588973999,5.0,DL,VaDER
VaDER_ld64_lr1e-04_ep200,True,MAR,0.3,3,3.234970104941345,7.763376101055871,0.8557530341392265,1.784339427947998,9.0,DL,VaDER
VaDER_ld64_lr1e-03_ep50,True,MAR,0.3,3,3.28647334976992,8.021309394007636,0.8460087762356991,0.3731429576873779,12.0,DL,VaDER
VaDER_ld64_lr1e-03_ep200,True,MAR,0.3,3,3.376440965017117,8.27987842659531,0.8359208663025808,1.8816897869110107,8.0,DL,VaDER
GAIN,True,MAR,0.3,4,4.30652637358166,9.675279658100743,0.7745224688960186,1.4626080989837646,1676.0,DL,GAIN
VAEM_ld16_lr1e-04_ep50,True,MAR,0.3,4,3.1740381978320698,7.418259835153316,0.8674498269333217,0.5459263324737549,7.0,DL,VAEM
VAEM_ld16_lr1e-04_ep200,True,MAR,0.3,4,3.168151491523502,7.536584195982723,0.8631876421703485,2.004430294036865,3.0,DL,VAEM
VAEM_ld16_lr1e-03_ep50,True,MAR,0.3,4,3.1912416039089373,7.633570630999665,0.859643776707123,0.4972574710845947,3.0,DL,VAEM
VAEM_ld16_lr1e-03_ep200,True,MAR,0.3,4,3.2316417132331203,7.767540736605983,0.8546740079895903,2.1507275104522705,3.0,DL,VAEM
VAEM_ld32_lr1e-04_ep50,True,MAR,0.3,4,3.1752052859893083,7.457723003795491,0.8660358125109284,0.4177358150482178,7.0,DL,VAEM
VAEM_ld32_lr1e-04_ep200,True,MAR,0.3,4,3.179427378087188,7.572997157076635,0.861862432350159,1.900459051132202,6.0,DL,VAEM
VAEM_ld32_lr1e-03_ep50,True,MAR,0.3,4,3.211891456901498,7.736276852702804,0.855841510428202,0.5606553554534912,6.0,DL,VAEM
VAEM_ld32_lr1e-03_ep200,True,MAR,0.3,4,3.2792345353171224,7.995578422922545,0.8460158600629235,1.9164698123931885,8.0,DL,VAEM
VAEM_ld64_lr1e-04_ep50,True,MAR,0.3,4,3.172042130931492,7.429218361282876,0.8670579217019577,0.5063419342041016,8.0,DL,VAEM
VAEM_ld64_lr1e-04_ep200,True,MAR,0.3,4,3.188881607266356,7.601532348240319,0.8608194613385918,2.182424068450928,5.0,DL,VAEM
VAEM_ld64_lr1e-03_ep50,True,MAR,0.3,4,3.239408612496216,7.867757413115997,0.8508998299756233,0.4997179508209228,11.0,DL,VAEM
VAEM_ld64_lr1e-03_ep200,True,MAR,0.3,4,3.328679596087637,8.222305698187633,0.8371591142868112,1.9248714447021484,11.0,DL,VAEM
VaDER_ld16_lr1e-04_ep50,True,MAR,0.3,4,3.2008055087915785,7.52111279655947,0.8637487733082863,0.4557046890258789,26.0,DL,VaDER
VaDER_ld16_lr1e-04_ep200,True,MAR,0.3,4,3.2316344898836173,7.797158035780951,0.8535636516169494,1.966139554977417,10.0,DL,VaDER
VaDER_ld16_lr1e-03_ep50,True,MAR,0.3,4,3.2734646971237997,7.978429906309501,0.8466756667033917,0.5263228416442871,11.0,DL,VaDER
VaDER_ld16_lr1e-03_ep200,True,MAR,0.3,4,3.356783227979081,8.305909648790125,0.8338307643600238,2.0685079097747803,4.0,DL,VaDER
VaDER_ld32_lr1e-04_ep50,True,MAR,0.3,4,3.2041437202878367,7.569187785390889,0.8620013694127291,0.5175290107727051,11.0,DL,VaDER
VaDER_ld32_lr1e-04_ep200,True,MAR,0.3,4,3.244666126376499,7.881194205684948,0.8503901195947228,2.0907018184661865,14.0,DL,VaDER
VaDER_ld32_lr1e-03_ep50,True,MAR,0.3,4,3.2833199844875005,8.019240097739988,0.8451031271314352,0.5064716339111328,8.0,DL,VaDER
VaDER_ld32_lr1e-03_ep200,True,MAR,0.3,4,3.372615845478685,8.326280212602507,0.8330146919404332,2.037008762359619,8.0,DL,VaDER
VaDER_ld64_lr1e-04_ep50,True,MAR,0.3,4,3.193664911254549,7.498281973734049,0.8645747165678108,0.4570040702819824,17.0,DL,VaDER
VaDER_ld64_lr1e-04_ep200,True,MAR,0.3,4,3.2663464874638835,7.942046522691744,0.848070863153789,1.9030206203460691,6.0,DL,VaDER
VaDER_ld64_lr1e-03_ep50,True,MAR,0.3,4,3.3034070980678685,8.09105643428994,0.8423163451188377,0.520984411239624,12.0,DL,VaDER
VaDER_ld64_lr1e-03_ep200,True,MAR,0.3,4,3.390162060821201,8.350519497558082,0.8320410287893569,2.118784189224243,8.0,DL,VaDER
GAIN,True,MAR,0.3,5,4.283172113160171,9.6267689295295,0.7844174120018663,1.687091588973999,1710.0,DL,GAIN
VAEM_ld16_lr1e-04_ep50,True,MAR,0.3,5,3.2229295024129145,7.599646199192527,0.8656494853538945,0.5461986064910889,3.0,DL,VAEM
VAEM_ld16_lr1e-04_ep200,True,MAR,0.3,5,3.232000505828882,7.712303822988655,0.8616367208272051,1.9233882427215576,4.0,DL,VAEM
VAEM_ld16_lr1e-03_ep50,True,MAR,0.3,5,3.253068367909248,7.84939889607315,0.8566738662685787,0.4422481060028076,7.0,DL,VAEM
VAEM_ld16_lr1e-03_ep200,True,MAR,0.3,5,3.304738342739688,8.01875454639239,0.8504224464072861,1.7908964157104492,4.0,DL,VAEM
VAEM_ld32_lr1e-04_ep50,True,MAR,0.3,5,3.2149552377510706,7.603068555916628,0.865528453688682,0.4393274784088135,5.0,DL,VAEM
VAEM_ld32_lr1e-04_ep200,True,MAR,0.3,5,3.240637682999926,7.798805548254444,0.8585155307640348,1.7945199012756348,10.0,DL,VAEM
VAEM_ld32_lr1e-03_ep50,True,MAR,0.3,5,3.2712884613037105,7.903124849186144,0.8547051331025747,0.4856405258178711,7.0,DL,VAEM
VAEM_ld32_lr1e-03_ep200,True,MAR,0.3,5,3.3463529708040287,8.27454907225549,0.8407273310129921,1.865253210067749,7.0,DL,VAEM
VAEM_ld64_lr1e-04_ep50,True,MAR,0.3,5,3.221241866020368,7.606402940165652,0.8654104807616008,0.4503958225250244,4.0,DL,VAEM
VAEM_ld64_lr1e-04_ep200,True,MAR,0.3,5,3.259691794809947,7.869856416766921,0.8559258043393452,1.873507022857666,8.0,DL,VAEM
VAEM_ld64_lr1e-03_ep50,True,MAR,0.3,5,3.315718049268899,8.220217268460427,0.8428120757086294,0.454150915145874,5.0,DL,VAEM
VAEM_ld64_lr1e-03_ep200,True,MAR,0.3,5,3.389879666867139,8.405473831097778,0.8356472456356601,2.0128066539764404,6.0,DL,VAEM
VaDER_ld16_lr1e-04_ep50,True,MAR,0.3,5,3.246293583415383,7.687023145248272,0.8625423346419432,0.5301580429077148,10.0,DL,VaDER
VaDER_ld16_lr1e-04_ep200,True,MAR,0.3,5,3.316643190132676,8.146246387837513,0.845628306388746,1.8110291957855225,8.0,DL,VaDER
VaDER_ld16_lr1e-03_ep50,True,MAR,0.3,5,3.3477223640219718,8.289573804073854,0.8401483987425677,0.4817507266998291,8.0,DL,VaDER
VaDER_ld16_lr1e-03_ep200,True,MAR,0.3,5,3.407433974658525,8.487223443573733,0.832434788896265,1.9098412990570068,5.0,DL,VaDER
VaDER_ld32_lr1e-04_ep50,True,MAR,0.3,5,3.25455073460258,7.765252156221134,0.8597303505294601,0.4784092903137207,4.0,DL,VaDER
VaDER_ld32_lr1e-04_ep200,True,MAR,0.3,5,3.3012041584236287,8.031552374731744,0.8499446177328803,1.857311725616455,11.0,DL,VaDER
VaDER_ld32_lr1e-03_ep50,True,MAR,0.3,5,3.349551126618619,8.28099686464208,0.8404790136213448,0.4615628719329834,14.0,DL,VaDER
VaDER_ld32_lr1e-03_ep200,True,MAR,0.3,5,3.439974672468508,8.579234505734966,0.8287819036847703,1.7320160865783691,9.0,DL,VaDER
VaDER_ld64_lr1e-04_ep50,True,MAR,0.3,5,3.24948924684413,7.709587271248238,0.8617341767412368,0.4672672748565674,10.0,DL,VaDER
VaDER_ld64_lr1e-04_ep200,True,MAR,0.3,5,3.323960278615337,8.16829850025024,0.8447913983357238,1.85202431678772,10.0,DL,VaDER
VaDER_ld64_lr1e-03_ep50,True,MAR,0.3,5,3.3651600182049526,8.350279143722144,0.8377986092185603,0.4807319641113281,7.0,DL,VaDER
VaDER_ld64_lr1e-03_ep200,True,MAR,0.3,5,3.454969558017845,8.573281911080237,0.8290194163317197,1.9562890529632568,5.0,DL,VaDER
GAIN,True,MAR,0.4,1,4.306855479291127,9.594721494216332,0.7825387994707729,1.5660929679870603,2160.0,DL,GAIN
VAEM_ld16_lr1e-04_ep50,True,MAR,0.4,1,3.259797998866898,7.727244333876992,0.8589521973324548,0.4965672492980957,3.0,DL,VAEM
VAEM_ld16_lr1e-04_ep200,True,MAR,0.4,1,3.2940057669810336,8.004373521857492,0.8486537276991007,1.8589835166931152,2.0,DL,VAEM
VAEM_ld16_lr1e-03_ep50,True,MAR,0.4,1,3.3110357528313337,8.067402846382299,0.8462608331028758,0.369140625,2.0,DL,VAEM
VAEM_ld16_lr1e-03_ep200,True,MAR,0.4,1,3.3493451993607706,8.201442019989203,0.8411096677047035,1.9386208057403564,2.0,DL,VAEM
VAEM_ld32_lr1e-04_ep50,True,MAR,0.4,1,3.2747883924491643,7.798516371587418,0.8563382965471849,0.513678789138794,3.0,DL,VAEM
VAEM_ld32_lr1e-04_ep200,True,MAR,0.4,1,3.3145005794152027,8.07975587711545,0.8457896532941535,1.9511387348175049,2.0,DL,VAEM
VAEM_ld32_lr1e-03_ep50,True,MAR,0.4,1,3.3331745786683307,8.17262924647118,0.8422241130562254,0.4617266654968261,2.0,DL,VAEM
VAEM_ld32_lr1e-03_ep200,True,MAR,0.4,1,3.388966777544758,8.407041255683376,0.8330434766457595,1.8051190376281736,4.0,DL,VAEM
VAEM_ld64_lr1e-04_ep50,True,MAR,0.4,1,3.273905179593145,7.798974677118331,0.856321410543536,0.4698960781097412,2.0,DL,VAEM
VAEM_ld64_lr1e-04_ep200,True,MAR,0.4,1,3.3246406708571663,8.112524456910506,0.8445362735590529,1.9487967491149905,3.0,DL,VAEM
VAEM_ld64_lr1e-03_ep50,True,MAR,0.4,1,3.3612118317128985,8.318473329627672,0.8365427107531949,0.4570901393890381,2.0,DL,VAEM
VAEM_ld64_lr1e-03_ep200,True,MAR,0.4,1,3.4086427803008417,8.434037626691607,0.8319695061925405,1.923192024230957,2.0,DL,VAEM
VaDER_ld16_lr1e-04_ep50,True,MAR,0.4,1,3.3085567494617267,7.913439736524064,0.8520729371931406,0.4673118591308594,6.0,DL,VaDER
VaDER_ld16_lr1e-04_ep200,True,MAR,0.4,1,3.3561831413945185,8.254197199039572,0.8390589924362036,1.752702713012695,2.0,DL,VaDER
VaDER_ld16_lr1e-03_ep50,True,MAR,0.4,1,3.3845110817918647,8.379225740793322,0.8341464328434297,0.4289355278015136,2.0,DL,VaDER
VaDER_ld16_lr1e-03_ep200,True,MAR,0.4,1,3.4275649358984146,8.51297026887376,0.8288096544406711,1.9456584453582764,5.0,DL,VaDER
VaDER_ld32_lr1e-04_ep50,True,MAR,0.4,1,3.30580979571094,7.924083976659375,0.8516747209441682,0.4571328163146972,2.0,DL,VaDER
VaDER_ld32_lr1e-04_ep200,True,MAR,0.4,1,3.361176732324519,8.287929627973332,0.8377408692618317,1.980357646942139,2.0,DL,VaDER
VaDER_ld32_lr1e-03_ep50,True,MAR,0.4,1,3.3831022725637028,8.371303658384093,0.8344598948638842,0.5334336757659912,6.0,DL,VaDER
VaDER_ld32_lr1e-03_ep200,True,MAR,0.4,1,3.444933753884027,8.538789701802111,0.8277696553834557,1.9461071491241453,6.0,DL,VaDER
VaDER_ld64_lr1e-04_ep50,True,MAR,0.4,1,3.30455062832962,7.917764412476003,0.8519112094389063,0.4559743404388428,3.0,DL,VaDER
VaDER_ld64_lr1e-04_ep200,True,MAR,0.4,1,3.3785634305635406,8.363878509565527,0.8347534249634463,1.979675054550171,2.0,DL,VaDER
VaDER_ld64_lr1e-03_ep50,True,MAR,0.4,1,3.399387142852842,8.42696308243662,0.8322512788511028,0.4315061569213867,5.0,DL,VaDER
VaDER_ld64_lr1e-03_ep200,True,MAR,0.4,1,3.450442556984729,8.544133444381723,0.8275540176534739,2.0134871006011963,6.0,DL,VaDER
GAIN,True,MAR,0.4,2,4.28082109343859,9.567411983437534,0.7841801336756143,1.5551908016204834,2287.0,DL,GAIN
VAEM_ld16_lr1e-04_ep50,True,MAR,0.4,2,3.249134993439717,7.742947210748253,0.858643733907944,0.4514806270599365,3.0,DL,VAEM
VAEM_ld16_lr1e-04_ep200,True,MAR,0.4,2,3.2820883771395457,7.973836005453194,0.8500877691387183,1.7782182693481443,2.0,DL,VAEM
VAEM_ld16_lr1e-03_ep50,True,MAR,0.4,2,3.30085609415436,8.053738211519416,0.8470683108482133,0.5225522518157959,2.0,DL,VAEM
VAEM_ld16_lr1e-03_ep200,True,MAR,0.4,2,3.336360960799202,8.177234081252493,0.8423422486005108,1.9456703662872317,4.0,DL,VAEM
VAEM_ld32_lr1e-04_ep50,True,MAR,0.4,2,3.2507562197340363,7.758664996942263,0.8580692594643357,0.5150816440582275,2.0,DL,VAEM
VAEM_ld32_lr1e-04_ep200,True,MAR,0.4,2,3.295410542158984,8.03021787136367,0.8479602576343017,2.1811447143554688,2.0,DL,VAEM
VAEM_ld32_lr1e-03_ep50,True,MAR,0.4,2,3.323946546227441,8.148709940082034,0.8434402258672675,0.5117218494415283,2.0,DL,VAEM
VAEM_ld32_lr1e-03_ep200,True,MAR,0.4,2,3.384656301725683,8.410102592933242,0.8332349433058229,1.9240334033966064,3.0,DL,VAEM
VAEM_ld64_lr1e-04_ep50,True,MAR,0.4,2,3.2526463690921243,7.767100382029446,0.8577604714743395,0.5576977729797363,2.0,DL,VAEM
VAEM_ld64_lr1e-04_ep200,True,MAR,0.4,2,3.314152167999123,8.108757903196409,0.8449716458077194,2.0362489223480225,2.0,DL,VAEM
VAEM_ld64_lr1e-03_ep50,True,MAR,0.4,2,3.3608351651342336,8.357255039409152,0.8353242008684316,0.5703516006469727,3.0,DL,VAEM
VAEM_ld64_lr1e-03_ep200,True,MAR,0.4,2,3.4055218649155745,8.44866266837324,0.8317022117221706,1.931440830230713,2.0,DL,VAEM
VaDER_ld16_lr1e-04_ep50,True,MAR,0.4,2,3.2801203614153005,7.852841998924588,0.8546027518607962,0.5099942684173584,10.0,DL,VaDER
VaDER_ld16_lr1e-04_ep200,True,MAR,0.4,2,3.351331905175744,8.295731033259406,0.8377398797009761,2.2203269004821777,3.0,DL,VaDER
VaDER_ld16_lr1e-03_ep50,True,MAR,0.4,2,3.378219200600651,8.373617933202054,0.8346787232596412,0.5932190418243408,3.0,DL,VaDER
VaDER_ld16_lr1e-03_ep200,True,MAR,0.4,2,3.421913930688446,8.502609943770496,0.8295460849510877,1.9943034648895264,5.0,DL,VaDER
VaDER_ld32_lr1e-04_ep50,True,MAR,0.4,2,3.283495106859909,7.887229953157121,0.8533265613195691,0.477294921875,2.0,DL,VaDER
VaDER_ld32_lr1e-04_ep200,True,MAR,0.4,2,3.355182090842543,8.286737700381787,0.8380914986923236,2.15936017036438,5.0,DL,VaDER
VaDER_ld32_lr1e-03_ep50,True,MAR,0.4,2,3.3783363228355925,8.349211686076485,0.8356410293567125,0.5123505592346191,2.0,DL,VaDER
VaDER_ld32_lr1e-03_ep200,True,MAR,0.4,2,3.438939037251481,8.537845165695337,0.8281304193844602,1.9827003479003904,3.0,DL,VaDER
VaDER_ld64_lr1e-04_ep50,True,MAR,0.4,2,3.2838564700771498,7.878034022702036,0.8536683828334891,0.5161271095275879,5.0,DL,VaDER
VaDER_ld64_lr1e-04_ep200,True,MAR,0.4,2,3.369771629222585,8.33493657312566,0.8362025762924951,2.187201738357544,5.0,DL,VaDER
VaDER_ld64_lr1e-03_ep50,True,MAR,0.4,2,3.388003830540043,8.385179877418436,0.8342218705562949,0.5791201591491699,3.0,DL,VaDER
VaDER_ld64_lr1e-03_ep200,True,MAR,0.4,2,3.444229838797563,8.553039314695463,0.8275181488101652,1.9343180656433103,2.0,DL,VaDER
GAIN,True,MAR,0.4,3,4.2322383750767765,9.410508153861583,0.7902619068778001,1.7239911556243896,2178.0,DL,GAIN
VAEM_ld16_lr1e-04_ep50,True,MAR,0.4,3,3.2437000993948706,7.668068926166337,0.8607410294203764,0.3888611793518066,4.0,DL,VAEM
VAEM_ld16_lr1e-04_ep200,True,MAR,0.4,3,3.273770936410518,7.89647102685225,0.8523215052685464,1.8175013065338133,2.0,DL,VAEM
VAEM_ld16_lr1e-03_ep50,True,MAR,0.4,3,3.2821653280039977,7.918956817851101,0.8514792567043499,0.5265407562255859,2.0,DL,VAEM
VAEM_ld16_lr1e-03_ep200,True,MAR,0.4,3,3.3347830722435945,8.182795316910447,0.8414177627826185,1.9415509700775144,2.0,DL,VAEM
VAEM_ld32_lr1e-04_ep50,True,MAR,0.4,3,3.2404139403003547,7.704300693774187,0.8594219179252726,0.458409309387207,2.0,DL,VAEM
VAEM_ld32_lr1e-04_ep200,True,MAR,0.4,3,3.283646893306104,7.915345030957075,0.8516147045812227,2.161299467086792,2.0,DL,VAEM
VAEM_ld32_lr1e-03_ep50,True,MAR,0.4,3,3.311999037886775,8.039931420041164,0.8469068168603449,0.4854297637939453,3.0,DL,VAEM
VAEM_ld32_lr1e-03_ep200,True,MAR,0.4,3,3.37001260257805,8.306277294328867,0.8365954989161247,1.934636116027832,3.0,DL,VAEM
VAEM_ld64_lr1e-04_ep50,True,MAR,0.4,3,3.2359690197726496,7.667022512057234,0.8607790344540055,0.5111129283905029,2.0,DL,VAEM
VAEM_ld64_lr1e-04_ep200,True,MAR,0.4,3,3.3017107651888025,7.991825391207452,0.8487333677983814,2.061493158340454,2.0,DL,VAEM
VAEM_ld64_lr1e-03_ep50,True,MAR,0.4,3,3.3416656326750287,8.205225039117659,0.8405471970785441,0.4784581661224365,2.0,DL,VAEM
VAEM_ld64_lr1e-03_ep200,True,MAR,0.4,3,3.3955181712920424,8.371201265924913,0.8340310938001436,1.9053537845611568,3.0,DL,VAEM
VaDER_ld16_lr1e-04_ep50,True,MAR,0.4,3,3.269950278971846,7.78665697262213,0.8564003932375857,0.5802407264709473,12.0,DL,VaDER
VaDER_ld16_lr1e-04_ep200,True,MAR,0.4,3,3.341926650710098,8.209295793214233,0.8403889432437551,2.249591112136841,2.0,DL,VaDER
VaDER_ld16_lr1e-03_ep50,True,MAR,0.4,3,3.3607240128070246,8.252692275379607,0.8386969914974916,0.5388000011444092,4.0,DL,VaDER
VaDER_ld16_lr1e-03_ep200,True,MAR,0.4,3,3.404474036429485,8.392979691446076,0.8331664047015853,2.145781755447388,5.0,DL,VaDER
VaDER_ld32_lr1e-04_ep50,True,MAR,0.4,3,3.271622738688755,7.802117619767603,0.855829584239787,0.4782633781433105,5.0,DL,VaDER
VaDER_ld32_lr1e-04_ep200,True,MAR,0.4,3,3.346324918095213,8.194860122622748,0.840949787163965,1.8059282302856443,3.0,DL,VaDER
VaDER_ld32_lr1e-03_ep50,True,MAR,0.4,3,3.373478724215416,8.307934636769408,0.836530284567276,0.4846415519714355,4.0,DL,VaDER
VaDER_ld32_lr1e-03_ep200,True,MAR,0.4,3,3.424046107277956,8.45094585920773,0.8308539721877167,1.9577281475067136,4.0,DL,VaDER
VaDER_ld64_lr1e-04_ep50,True,MAR,0.4,3,3.266358095525451,7.785002965096148,0.8564613923557487,0.5195357799530029,4.0,DL,VaDER
VaDER_ld64_lr1e-04_ep200,True,MAR,0.4,3,3.344120563860172,8.17906966134021,0.8415621360122305,1.9635217189788816,3.0,DL,VaDER
VaDER_ld64_lr1e-03_ep50,True,MAR,0.4,3,3.380942715526873,8.325278743322942,0.835847035171318,0.6035981178283691,3.0,DL,VaDER
VaDER_ld64_lr1e-03_ep200,True,MAR,0.4,3,3.428847605757873,8.461875702031374,0.8304161667533657,1.9701428413391116,2.0,DL,VaDER
GAIN,True,MAR,0.4,4,4.336963593312646,9.714870816300277,0.7753576009226016,1.345726728439331,2266.0,DL,GAIN
VAEM_ld16_lr1e-04_ep50,True,MAR,0.4,4,3.2635428223910736,7.730303007833067,0.8577636157767492,0.6077845096588135,5.0,DL,VAEM
VAEM_ld16_lr1e-04_ep200,True,MAR,0.4,4,3.295280218839385,7.954294430984738,0.8494013795026154,2.04653000831604,4.0,DL,VAEM
VAEM_ld16_lr1e-03_ep50,True,MAR,0.4,4,3.3088372248365543,8.01846003072711,0.846961885570813,0.5364203453063965,3.0,DL,VAEM
VAEM_ld16_lr1e-03_ep200,True,MAR,0.4,4,3.348993201106011,8.13360201257486,0.8425351931891214,2.0261616706848145,4.0,DL,VAEM
VAEM_ld32_lr1e-04_ep50,True,MAR,0.4,4,3.262400501533281,7.720992566221981,0.8581060308308157,0.5972995758056641,3.0,DL,VAEM
VAEM_ld32_lr1e-04_ep200,True,MAR,0.4,4,3.306334960004014,7.969872192606862,0.8488109345211113,2.070886611938477,3.0,DL,VAEM
VAEM_ld32_lr1e-03_ep50,True,MAR,0.4,4,3.334125111216163,8.128688116688698,0.8427253996759606,0.5593166351318359,3.0,DL,VAEM
VAEM_ld32_lr1e-03_ep200,True,MAR,0.4,4,3.385054446000807,8.325264161223012,0.8350266802200748,2.003016233444214,3.0,DL,VAEM
VAEM_ld64_lr1e-04_ep50,True,MAR,0.4,4,3.2679728891593927,7.73063669872622,0.8577513357896774,0.4901373386383056,4.0,DL,VAEM
VAEM_ld64_lr1e-04_ep200,True,MAR,0.4,4,3.3286529714406776,8.091101853994319,0.8441764819591905,1.8485047817230225,3.0,DL,VAEM
VAEM_ld64_lr1e-03_ep50,True,MAR,0.4,4,3.3603581419632023,8.255191651379505,0.8377921047287,0.5601167678833008,3.0,DL,VAEM
VAEM_ld64_lr1e-03_ep200,True,MAR,0.4,4,3.410778070779898,8.402260498048982,0.8319610525230301,2.083216667175293,3.0,DL,VAEM
VaDER_ld16_lr1e-04_ep50,True,MAR,0.4,4,3.297915656538261,7.806943036308072,0.854929305644817,0.5288190841674805,7.0,DL,VaDER
VaDER_ld16_lr1e-04_ep200,True,MAR,0.4,4,3.361529957657772,8.262506180784149,0.8375045281081213,1.9105350971221924,4.0,DL,VaDER
VaDER_ld16_lr1e-03_ep50,True,MAR,0.4,4,3.3812568607922286,8.34031225020812,0.8344297557829833,0.5654985904693604,4.0,DL,VaDER
VaDER_ld16_lr1e-03_ep200,True,MAR,0.4,4,3.4236365834317253,8.471471881931537,0.8291812985567737,1.7662436962127686,5.0,DL,VaDER
VaDER_ld32_lr1e-04_ep50,True,MAR,0.4,4,3.296969671366881,7.852887630276197,0.8532167718594981,0.344944953918457,7.0,DL,VaDER
VaDER_ld32_lr1e-04_ep200,True,MAR,0.4,4,3.367550112046373,8.255391022810311,0.8377842696566505,1.964761734008789,3.0,DL,VaDER
VaDER_ld32_lr1e-03_ep50,True,MAR,0.4,4,3.388630923346004,8.296587549155086,0.8361612335465103,0.4980790615081787,4.0,DL,VaDER
VaDER_ld32_lr1e-03_ep200,True,MAR,0.4,4,3.438838053671225,8.492467289594847,0.828333546822605,2.061874866485596,4.0,DL,VaDER
VaDER_ld64_lr1e-04_ep50,True,MAR,0.4,4,3.291954000804414,7.825448074227201,0.8542407594853417,0.4778940677642822,5.0,DL,VaDER
VaDER_ld64_lr1e-04_ep200,True,MAR,0.4,4,3.380064895593674,8.30211657519059,0.8359427893620079,1.6152801513671875,5.0,DL,VaDER
VaDER_ld64_lr1e-03_ep50,True,MAR,0.4,4,3.387769226010262,8.30072751829651,0.8359976827697998,0.5236761569976807,4.0,DL,VaDER
VaDER_ld64_lr1e-03_ep200,True,MAR,0.4,4,3.440816455838914,8.4755044056476,0.8290186362897765,2.1095950603485107,7.0,DL,VaDER
GAIN,True,MAR,0.4,5,4.25204206140933,9.567156331868516,0.7889001885696681,1.6452105045318604,2289.0,DL,GAIN
VAEM_ld16_lr1e-04_ep50,True,MAR,0.4,5,3.279066592171953,7.966540738840001,0.8536267664917531,0.5134367942810059,2.0,DL,VAEM
VAEM_ld16_lr1e-04_ep200,True,MAR,0.4,5,3.318306910431794,8.215659488229537,0.8443292685754208,2.0129311084747314,3.0,DL,VAEM
VAEM_ld16_lr1e-03_ep50,True,MAR,0.4,5,3.3347631093015604,8.262449185298452,0.842551072283293,0.3783295154571533,3.0,DL,VAEM
VAEM_ld16_lr1e-03_ep200,True,MAR,0.4,5,3.387996529479737,8.482625710875984,0.8340479149918704,1.876979112625122,2.0,DL,VAEM
VAEM_ld32_lr1e-04_ep50,True,MAR,0.4,5,3.2844663630498547,7.989356858608421,0.8527871419341199,0.4469563961029053,3.0,DL,VAEM
VAEM_ld32_lr1e-04_ep200,True,MAR,0.4,5,3.334331809951853,8.262249661584116,0.842558676424599,1.7178761959075928,3.0,DL,VAEM
VAEM_ld32_lr1e-03_ep50,True,MAR,0.4,5,3.36149375276819,8.41589088909059,0.8366488122203118,0.5554139614105225,3.0,DL,VAEM
VAEM_ld32_lr1e-03_ep200,True,MAR,0.4,5,3.4269641053447235,8.670384125614389,0.8266200867856157,1.9133760929107664,2.0,DL,VAEM
VAEM_ld64_lr1e-04_ep50,True,MAR,0.4,5,3.2818502092912283,7.983908147226553,0.8529878706956333,0.436739444732666,3.0,DL,VAEM
VAEM_ld64_lr1e-04_ep200,True,MAR,0.4,5,3.3608861732898,8.40043670160746,0.8372481883455213,1.860841989517212,3.0,DL,VAEM
VAEM_ld64_lr1e-03_ep50,True,MAR,0.4,5,3.4012613651747867,8.594704549094503,0.8296335757864752,0.3197336196899414,3.0,DL,VAEM
VAEM_ld64_lr1e-03_ep200,True,MAR,0.4,5,3.4440309584027275,8.697936871382371,0.8255164025836137,1.860626220703125,4.0,DL,VAEM
VaDER_ld16_lr1e-04_ep50,True,MAR,0.4,5,3.3203501370123143,8.1157921949447,0.8480908474594662,0.4720401763916015,7.0,DL,VaDER
VaDER_ld16_lr1e-04_ep200,True,MAR,0.4,5,3.3974923340900034,8.549415664831853,0.8314243009194011,2.1965043544769287,4.0,DL,VaDER
VaDER_ld16_lr1e-03_ep50,True,MAR,0.4,5,3.4156074175785083,8.604268700669321,0.829254198718738,0.3697538375854492,2.0,DL,VaDER
VaDER_ld16_lr1e-03_ep200,True,MAR,0.4,5,3.4550518853130807,8.739312620030578,0.823852430826881,2.3633623123168945,6.0,DL,VaDER
VaDER_ld32_lr1e-04_ep50,True,MAR,0.4,5,3.317752618834118,8.118168258103589,0.8480018854532245,0.5110599994659424,2.0,DL,VaDER
VaDER_ld32_lr1e-04_ep200,True,MAR,0.4,5,3.4091879864240338,8.553008625440878,0.8312825805627461,1.683234930038452,4.0,DL,VaDER
VaDER_ld32_lr1e-03_ep50,True,MAR,0.4,5,3.428789632143188,8.655138504473948,0.8272292779159132,0.3405051231384277,3.0,DL,VaDER
VaDER_ld32_lr1e-03_ep200,True,MAR,0.4,5,3.470757273765696,8.755457168842252,0.823201018086027,1.761878490447998,3.0,DL,VaDER
VaDER_ld64_lr1e-04_ep50,True,MAR,0.4,5,3.316458938396781,8.095314170966173,0.8488564842722435,0.5467808246612549,2.0,DL,VaDER
VaDER_ld64_lr1e-04_ep200,True,MAR,0.4,5,3.4053583674989247,8.589191276368428,0.8298520766771845,2.033586025238037,5.0,DL,VaDER
VaDER_ld64_lr1e-03_ep50,True,MAR,0.4,5,3.427648781024124,8.661742593743607,0.826965520478738,0.5331387519836426,4.0,DL,VaDER
VaDER_ld64_lr1e-03_ep200,True,MAR,0.4,5,3.4754136340477304,8.767802590814618,0.82270208426769,1.863701581954956,3.0,DL,VaDER
GAIN,True,MNAR,0.1,1,4.860221027225902,10.302398191260616,0.5904400778851969,1.570204734802246,603.0,DL,GAIN
VAEM_ld16_lr1e-04_ep50,True,MNAR,0.1,1,3.2136512377529978,6.899024340822053,0.8163393389461715,0.5437443256378174,10.0,DL,VAEM
VAEM_ld16_lr1e-04_ep200,True,MNAR,0.1,1,3.161699041769373,6.83462505999962,0.8197521147771065,2.010039091110229,30.0,DL,VAEM
VAEM_ld16_lr1e-03_ep50,True,MNAR,0.1,1,3.143714539737196,6.813706813440852,0.8208537698550914,0.4902522563934326,35.0,DL,VAEM
VAEM_ld16_lr1e-03_ep200,True,MNAR,0.1,1,3.1064201460395995,6.779508384383824,0.8226475496913416,2.119372606277466,21.0,DL,VAEM
VAEM_ld32_lr1e-04_ep50,True,MNAR,0.1,1,3.2225336329947725,6.936614996757794,0.8143324657841406,0.5025334358215332,5.0,DL,VAEM
VAEM_ld32_lr1e-04_ep200,True,MNAR,0.1,1,3.1462033312595428,6.784731570686284,0.8223741665249062,1.8400537967681885,41.0,DL,VAEM
VAEM_ld32_lr1e-03_ep50,True,MNAR,0.1,1,3.136084574732157,6.818198482845416,0.8206175017311228,0.4464154243469238,48.0,DL,VAEM
VAEM_ld32_lr1e-03_ep200,True,MNAR,0.1,1,3.093839452881384,6.775890983801169,0.8228367621417867,1.961441993713379,24.0,DL,VAEM
VAEM_ld64_lr1e-04_ep50,True,MNAR,0.1,1,3.2168866673604333,6.90424127122969,0.8160614714951218,0.4120097160339355,4.0,DL,VAEM
VAEM_ld64_lr1e-04_ep200,True,MNAR,0.1,1,3.162287159370712,6.852248246108904,0.8188213724524096,1.9063606262207031,25.0,DL,VAEM
VAEM_ld64_lr1e-03_ep50,True,MNAR,0.1,1,3.1286512721211506,6.807148020521035,0.821198491911886,0.526968240737915,30.0,DL,VAEM
VAEM_ld64_lr1e-03_ep200,True,MNAR,0.1,1,3.1024086885480395,6.8442352306611385,0.8192448650725472,1.856155633926392,29.0,DL,VAEM
VaDER_ld16_lr1e-04_ep50,True,MNAR,0.1,1,3.229622819536971,6.933792699308338,0.8144835199818591,0.4854891300201416,8.0,DL,VaDER
VaDER_ld16_lr1e-04_ep200,True,MNAR,0.1,1,3.162742442025986,6.853035342502979,0.8187797472136259,1.9035117626190183,40.0,DL,VaDER
VaDER_ld16_lr1e-03_ep50,True,MNAR,0.1,1,3.1359630296473657,6.856772235341173,0.8185820580827947,0.4553184509277344,42.0,DL,VaDER
VaDER_ld16_lr1e-03_ep200,True,MNAR,0.1,1,3.1138093276050096,6.914578628727146,0.8155102561728926,2.080514669418335,32.0,DL,VaDER
VaDER_ld32_lr1e-04_ep50,True,MNAR,0.1,1,3.220865752192454,6.917051210895253,0.8153782893140494,0.4656746387481689,4.0,DL,VaDER
VaDER_ld32_lr1e-04_ep200,True,MNAR,0.1,1,3.16628267843019,6.898250220005339,0.816380552763472,2.108022451400757,41.0,DL,VaDER
VaDER_ld32_lr1e-03_ep50,True,MNAR,0.1,1,3.1418372715230083,6.874028281989885,0.8176677807501692,0.4538898468017578,33.0,DL,VaDER
VaDER_ld32_lr1e-03_ep200,True,MNAR,0.1,1,3.1072978028607574,6.877403238535742,0.8174886967095578,1.9558839797973635,23.0,DL,VaDER
VaDER_ld64_lr1e-04_ep50,True,MNAR,0.1,1,3.219479605968728,6.9082139853076,0.8158497334094493,0.520200252532959,6.0,DL,VaDER
VaDER_ld64_lr1e-04_ep200,True,MNAR,0.1,1,3.15654627479582,6.840146358428989,0.8194607734555084,2.0521514415740967,42.0,DL,VaDER
VaDER_ld64_lr1e-03_ep50,True,MNAR,0.1,1,3.133204123268979,6.823817876014101,0.8203216945084424,0.4115855693817138,41.0,DL,VaDER
VaDER_ld64_lr1e-03_ep200,True,MNAR,0.1,1,3.1226142591630914,6.979452010996063,0.8120322080867133,2.116993188858032,13.0,DL,VaDER
GAIN,True,MNAR,0.1,2,4.760305939503015,10.178622600161098,0.6023213578901268,1.726151466369629,623.0,DL,GAIN
VAEM_ld16_lr1e-04_ep50,True,MNAR,0.1,2,3.140361122905386,6.72475188679011,0.8264171662132129,0.4765710830688476,4.0,DL,VAEM
VAEM_ld16_lr1e-04_ep200,True,MNAR,0.1,2,3.053253565727686,6.579010963304089,0.8338595190351877,1.941563844680786,25.0,DL,VAEM
VAEM_ld16_lr1e-03_ep50,True,MNAR,0.1,2,3.0247645831029883,6.529774208647245,0.8363369759415273,0.5049872398376465,27.0,DL,VAEM
VAEM_ld16_lr1e-03_ep200,True,MNAR,0.1,2,2.9967426643556943,6.5277967399806665,0.8364360879434047,1.8969666957855225,9.0,DL,VAEM
VAEM_ld32_lr1e-04_ep50,True,MNAR,0.1,2,3.137410551120339,6.735738740770446,0.8258495059611025,0.5508983135223389,3.0,DL,VAEM
VAEM_ld32_lr1e-04_ep200,True,MNAR,0.1,2,3.038293845876804,6.539051517894818,0.8358715904463816,1.9682130813598635,45.0,DL,VAEM
VAEM_ld32_lr1e-03_ep50,True,MNAR,0.1,2,3.0144682336297453,6.51617673763351,0.8370178834544277,0.5302238464355469,38.0,DL,VAEM
VAEM_ld32_lr1e-03_ep200,True,MNAR,0.1,2,2.9793154098621604,6.498777138791874,0.8378871162668056,1.9786298274993896,9.0,DL,VAEM
VAEM_ld64_lr1e-04_ep50,True,MNAR,0.1,2,3.12808657574584,6.69114906126596,0.8281475796679376,0.482820987701416,3.0,DL,VAEM
VAEM_ld64_lr1e-04_ep200,True,MNAR,0.1,2,3.046336364778899,6.577802622649075,0.8339205421472766,1.896606206893921,31.0,DL,VAEM
VAEM_ld64_lr1e-03_ep50,True,MNAR,0.1,2,3.0173709631542667,6.568684491977448,0.8343806607317275,0.5961813926696777,42.0,DL,VAEM
VAEM_ld64_lr1e-03_ep200,True,MNAR,0.1,2,2.979405134756969,6.514242633892556,0.837114620406859,2.011671543121338,22.0,DL,VAEM
VaDER_ld16_lr1e-04_ep50,True,MNAR,0.1,2,3.153647954128678,6.775479487346413,0.8237884737780861,0.4977924823760986,8.0,DL,VaDER
VaDER_ld16_lr1e-04_ep200,True,MNAR,0.1,2,3.0535175580970995,6.6490358189840295,0.8303040067157628,2.064151763916016,42.0,DL,VaDER
VaDER_ld16_lr1e-03_ep50,True,MNAR,0.1,2,3.026395977290481,6.684810472891311,0.8284730202733732,0.5533859729766846,34.0,DL,VaDER
VaDER_ld16_lr1e-03_ep200,True,MNAR,0.1,2,2.995988324035744,6.661015680843857,0.8296919582843355,2.0109703540802,24.0,DL,VaDER
VaDER_ld32_lr1e-04_ep50,True,MNAR,0.1,2,3.137433675150495,6.719212558613744,0.8267030165406337,0.5343508720397949,5.0,DL,VaDER
VaDER_ld32_lr1e-04_ep200,True,MNAR,0.1,2,3.0443620322761027,6.630756606187884,0.831235764476046,2.047871351242065,44.0,DL,VaDER
VaDER_ld32_lr1e-03_ep50,True,MNAR,0.1,2,3.0180968895109155,6.6863836003027854,0.8283922803497745,0.4551210403442383,42.0,DL,VaDER
VaDER_ld32_lr1e-03_ep200,True,MNAR,0.1,2,2.996606520011394,6.716723744549517,0.826831372084649,1.921391248703003,27.0,DL,VaDER
VaDER_ld64_lr1e-04_ep50,True,MNAR,0.1,2,3.1370977821726966,6.749457001755908,0.8251394206009928,0.491926908493042,3.0,DL,VaDER
VaDER_ld64_lr1e-04_ep200,True,MNAR,0.1,2,3.0555092457359136,6.687056312643658,0.8283577479493023,1.9038686752319336,40.0,DL,VaDER
VaDER_ld64_lr1e-03_ep50,True,MNAR,0.1,2,3.0301839948706366,6.61221520922774,0.832178266192737,0.5724189281463623,36.0,DL,VaDER
VaDER_ld64_lr1e-03_ep200,True,MNAR,0.1,2,3.0111739748129893,6.734876497751626,0.8258940891738671,1.9077768325805664,21.0,DL,VaDER
GAIN,True,MNAR,0.1,3,4.756469050428675,10.09426916152045,0.5756576964264104,1.7388637065887451,617.0,DL,GAIN
VAEM_ld16_lr1e-04_ep50,True,MNAR,0.1,3,3.131473402308906,6.610584040646289,0.8180105429064226,0.499429702758789,6.0,DL,VAEM
VAEM_ld16_lr1e-04_ep200,True,MNAR,0.1,3,3.029539383300946,6.392441936174072,0.8298232788632038,1.9413120746612549,37.0,DL,VAEM
VAEM_ld16_lr1e-03_ep50,True,MNAR,0.1,3,3.0127647650673435,6.374391175245049,0.8307830004500139,0.506511926651001,20.0,DL,VAEM
VAEM_ld16_lr1e-03_ep200,True,MNAR,0.1,3,2.9824944433949,6.352965235255341,0.831918650849602,1.8548195362091064,18.0,DL,VAEM
VAEM_ld32_lr1e-04_ep50,True,MNAR,0.1,3,3.127664727174009,6.568160201801291,0.8203389052237574,0.3595867156982422,4.0,DL,VAEM
VAEM_ld32_lr1e-04_ep200,True,MNAR,0.1,3,3.033982098495328,6.426561583274103,0.8280017948445193,1.870021104812622,35.0,DL,VAEM
VAEM_ld32_lr1e-03_ep50,True,MNAR,0.1,3,2.995890254226165,6.404751591411402,0.8291672435835405,0.4670071601867676,25.0,DL,VAEM
VAEM_ld32_lr1e-03_ep200,True,MNAR,0.1,3,2.983268331730033,6.422593597556305,0.8282141247870904,1.4068434238433838,22.0,DL,VAEM
VAEM_ld64_lr1e-04_ep50,True,MNAR,0.1,3,3.138441812788024,6.607730341829869,0.8181676337166917,0.4058670997619629,7.0,DL,VAEM
VAEM_ld64_lr1e-04_ep200,True,MNAR,0.1,3,3.0377458736895537,6.451290416420181,0.8266755808033577,1.9602479934692385,32.0,DL,VAEM
VAEM_ld64_lr1e-03_ep50,True,MNAR,0.1,3,3.0038899383145856,6.44243350665403,0.8271511647153403,0.5355920791625977,40.0,DL,VAEM
VAEM_ld64_lr1e-03_ep200,True,MNAR,0.1,3,2.972736352410571,6.410353122352805,0.8288682957115873,1.940429925918579,27.0,DL,VAEM
VaDER_ld16_lr1e-04_ep50,True,MNAR,0.1,3,3.1396968068507483,6.598026366597304,0.8187013120104655,0.4430544376373291,10.0,DL,VaDER
VaDER_ld16_lr1e-04_ep200,True,MNAR,0.1,3,3.044258133699283,6.50488818713255,0.8237836345289626,1.6236565113067627,45.0,DL,VaDER
VaDER_ld16_lr1e-03_ep50,True,MNAR,0.1,3,3.0121801182450025,6.473721688975129,0.8254681800605613,0.3646695613861084,44.0,DL,VaDER
VaDER_ld16_lr1e-03_ep200,True,MNAR,0.1,3,2.9919736823070107,6.462360324035775,0.8260802482913427,1.8133103847503664,28.0,DL,VaDER
VaDER_ld32_lr1e-04_ep50,True,MNAR,0.1,3,3.1399333345572344,6.623233875789036,0.8173133762811946,0.4789929389953613,4.0,DL,VaDER
VaDER_ld32_lr1e-04_ep200,True,MNAR,0.1,3,3.0389295906846225,6.486839683305286,0.8247601400178777,1.9906744956970213,52.0,DL,VaDER
VaDER_ld32_lr1e-03_ep50,True,MNAR,0.1,3,3.0057150949428237,6.440900555427084,0.8272334123038381,0.4399783611297607,33.0,DL,VaDER
VaDER_ld32_lr1e-03_ep200,True,MNAR,0.1,3,2.9939613386677277,6.477639265020678,0.8252568801026218,1.9115641117095947,22.0,DL,VaDER
VaDER_ld64_lr1e-04_ep50,True,MNAR,0.1,3,3.141591094052788,6.5936885393738205,0.8189396208076974,0.42067551612854,10.0,DL,VaDER
VaDER_ld64_lr1e-04_ep200,True,MNAR,0.1,3,3.0387284503108623,6.487037825621206,0.8247494343541966,1.789299488067627,48.0,DL,VaDER
VaDER_ld64_lr1e-03_ep50,True,MNAR,0.1,3,3.024736651856621,6.489276713717823,0.8246284441194813,0.4169421195983886,48.0,DL,VaDER
VaDER_ld64_lr1e-03_ep200,True,MNAR,0.1,3,3.00136161044152,6.504029926596788,0.823830131738615,1.942943811416626,15.0,DL,VaDER
GAIN,True,MNAR,0.1,4,4.597946395087535,9.544412529804868,0.6262047312959161,1.753931760787964,626.0,DL,GAIN
VAEM_ld16_lr1e-04_ep50,True,MNAR,0.1,4,3.04626345289116,6.269428896457074,0.8387159731337226,0.497767686843872,9.0,DL,VAEM
VAEM_ld16_lr1e-04_ep200,True,MNAR,0.1,4,2.945374537603019,6.113400047757151,0.846643909821133,2.0446646213531494,33.0,DL,VAEM
VAEM_ld16_lr1e-03_ep50,True,MNAR,0.1,4,2.94009096091096,6.143385966324663,0.8451358125403856,0.5510735511779785,31.0,DL,VAEM
VAEM_ld16_lr1e-03_ep200,True,MNAR,0.1,4,2.8955295462491826,6.04368195901489,0.8501217547585032,2.0968685150146484,24.0,DL,VAEM
VAEM_ld32_lr1e-04_ep50,True,MNAR,0.1,4,3.034859436158354,6.239783296858332,0.8402376610564501,0.4933304786682129,5.0,DL,VAEM
VAEM_ld32_lr1e-04_ep200,True,MNAR,0.1,4,2.9520175485715536,6.155388503940459,0.8445300947784481,2.0120885372161865,32.0,DL,VAEM
VAEM_ld32_lr1e-03_ep50,True,MNAR,0.1,4,2.9193156171484884,6.080126236303441,0.8483087297489975,0.5105359554290771,37.0,DL,VAEM
VAEM_ld32_lr1e-03_ep200,True,MNAR,0.1,4,2.8828815270660195,6.058809109293136,0.8493705345059991,1.98260235786438,29.0,DL,VAEM
VAEM_ld64_lr1e-04_ep50,True,MNAR,0.1,4,3.0433219870208963,6.268360707573032,0.8387709277813566,0.4864439964294433,10.0,DL,VAEM
VAEM_ld64_lr1e-04_ep200,True,MNAR,0.1,4,2.943875534216678,6.124322826339834,0.8460954192831075,1.9430434703826904,29.0,DL,VAEM
VAEM_ld64_lr1e-03_ep50,True,MNAR,0.1,4,2.9106996943443564,6.090784299429808,0.8477764539091308,0.5648987293243408,47.0,DL,VAEM
VAEM_ld64_lr1e-03_ep200,True,MNAR,0.1,4,2.88579937965472,6.04127042578242,0.8502413389000928,2.1315884590148926,28.0,DL,VAEM
VaDER_ld16_lr1e-04_ep50,True,MNAR,0.1,4,3.0634769609666543,6.29157326232786,0.837574612382317,0.5983457565307617,12.0,DL,VaDER
VaDER_ld16_lr1e-04_ep200,True,MNAR,0.1,4,2.9443576581127298,6.133462240719515,0.8456357285316696,2.03604507446289,43.0,DL,VaDER
VaDER_ld16_lr1e-03_ep50,True,MNAR,0.1,4,2.926884934918396,6.14534896197984,0.845036829244536,0.5987710952758789,35.0,DL,VaDER
VaDER_ld16_lr1e-03_ep200,True,MNAR,0.1,4,2.897900348271735,6.100805543254763,0.8472751312114006,2.0777580738067627,23.0,DL,VaDER
VaDER_ld32_lr1e-04_ep50,True,MNAR,0.1,4,3.0516019801974488,6.300566357710698,0.8371099429266606,0.5015871524810791,12.0,DL,VaDER
VaDER_ld32_lr1e-04_ep200,True,MNAR,0.1,4,2.9383740531560663,6.118502905415691,0.8463877901848118,1.989809513092041,44.0,DL,VaDER
VaDER_ld32_lr1e-03_ep50,True,MNAR,0.1,4,2.9207841650867072,6.106581246018939,0.8469858215507113,0.5233397483825684,37.0,DL,VaDER
VaDER_ld32_lr1e-03_ep200,True,MNAR,0.1,4,2.894483048827328,6.103175976887751,0.84715642737984,2.0560009479522705,30.0,DL,VaDER
VaDER_ld64_lr1e-04_ep50,True,MNAR,0.1,4,3.05650016091468,6.299980991371016,0.8371402087541153,0.4956650733947754,13.0,DL,VaDER
VaDER_ld64_lr1e-04_ep200,True,MNAR,0.1,4,2.941223616443185,6.162289848209123,0.8441812775337055,2.064113140106201,47.0,DL,VaDER
VaDER_ld64_lr1e-03_ep50,True,MNAR,0.1,4,2.9181305328850744,6.1043618491944125,0.8470970253341485,0.5684351921081543,35.0,DL,VaDER
VaDER_ld64_lr1e-03_ep200,True,MNAR,0.1,4,2.9000806409104545,6.111764748348407,0.8467259425950772,1.985835075378418,12.0,DL,VaDER
GAIN,True,MNAR,0.1,5,4.780064734391488,9.772381487732368,0.6239743758574423,1.543637990951538,619.0,DL,GAIN
VAEM_ld16_lr1e-04_ep50,True,MNAR,0.1,5,3.167549274709536,6.426454461044952,0.8373854188207832,0.5888073444366455,10.0,DL,VAEM
VAEM_ld16_lr1e-04_ep200,True,MNAR,0.1,5,3.049814593890119,6.232392019675688,0.8470582195253529,1.931976079940796,38.0,DL,VAEM
VAEM_ld16_lr1e-03_ep50,True,MNAR,0.1,5,3.02623528602775,6.184137181725581,0.8494173811323257,0.5025331974029541,24.0,DL,VAEM
VAEM_ld16_lr1e-03_ep200,True,MNAR,0.1,5,2.993863396778756,6.144450837743478,0.8513438901605246,1.9535033702850344,16.0,DL,VAEM
VAEM_ld32_lr1e-04_ep50,True,MNAR,0.1,5,3.164678541923793,6.4131161157540895,0.8380597435254394,0.4544792175292969,10.0,DL,VAEM
VAEM_ld32_lr1e-04_ep200,True,MNAR,0.1,5,3.04115679453675,6.224572985212269,0.847441734201412,1.761439561843872,35.0,DL,VAEM
VAEM_ld32_lr1e-03_ep50,True,MNAR,0.1,5,3.019706092519481,6.189842292402158,0.8491394161539284,0.4045383930206299,36.0,DL,VAEM
VAEM_ld32_lr1e-03_ep200,True,MNAR,0.1,5,2.99621278422682,6.161752484897713,0.8505055347853165,1.4521987438201904,25.0,DL,VAEM
VAEM_ld64_lr1e-04_ep50,True,MNAR,0.1,5,3.1542004425564807,6.392306376940743,0.8391089891269453,0.5130615234375,15.0,DL,VAEM
VAEM_ld64_lr1e-04_ep200,True,MNAR,0.1,5,3.0409768778575472,6.217668379839617,0.8477799968927022,1.9276368618011477,36.0,DL,VAEM
VAEM_ld64_lr1e-03_ep50,True,MNAR,0.1,5,3.01322605746242,6.16404998408472,0.8503940316226033,0.5367827415466309,32.0,DL,VAEM
VAEM_ld64_lr1e-03_ep200,True,MNAR,0.1,5,2.987043065923881,6.143548895649475,0.8513875293288775,2.1189041137695312,22.0,DL,VAEM
VaDER_ld16_lr1e-04_ep50,True,MNAR,0.1,5,3.164453997689779,6.404036416102768,0.8385179694450888,0.4844319820404053,14.0,DL,VaDER
VaDER_ld16_lr1e-04_ep200,True,MNAR,0.1,5,3.0296883491948314,6.192400497813005,0.8490146917765347,1.9160797595977783,41.0,DL,VaDER
VaDER_ld16_lr1e-03_ep50,True,MNAR,0.1,5,3.0243399849543744,6.206960521085517,0.8483038417395568,0.4851381778717041,51.0,DL,VaDER
VaDER_ld16_lr1e-03_ep200,True,MNAR,0.1,5,2.9845424669358485,6.139270853723034,0.8515944289670883,1.984635829925537,19.0,DL,VaDER
VaDER_ld32_lr1e-04_ep50,True,MNAR,0.1,5,3.167036340816907,6.405435759985149,0.8384473909645552,0.4543867111206054,14.0,DL,VaDER
VaDER_ld32_lr1e-04_ep200,True,MNAR,0.1,5,3.045391939408743,6.220657561270943,0.8476336003484907,1.959195613861084,43.0,DL,VaDER
VaDER_ld32_lr1e-03_ep50,True,MNAR,0.1,5,3.0242330756624254,6.232354528407983,0.8470600595777663,0.4898605346679687,47.0,DL,VaDER
VaDER_ld32_lr1e-03_ep200,True,MNAR,0.1,5,2.9956411940543792,6.2195802506088,0.8476863702467389,2.0171475410461426,23.0,DL,VaDER
VaDER_ld64_lr1e-04_ep50,True,MNAR,0.1,5,3.152104326164947,6.370567592028037,0.8402014360917414,0.6043503284454346,16.0,DL,VaDER
VaDER_ld64_lr1e-04_ep200,True,MNAR,0.1,5,3.032834537492576,6.176982952941423,0.849765587948055,2.4333295822143555,52.0,DL,VaDER
VaDER_ld64_lr1e-03_ep50,True,MNAR,0.1,5,3.041604260426415,6.2980479086877175,0.8438188788734635,0.5028815269470215,38.0,DL,VaDER
VaDER_ld64_lr1e-03_ep200,True,MNAR,0.1,5,3.007324866847889,6.235338922362035,0.8469135524065,1.950427770614624,20.0,DL,VaDER
GAIN,True,MNAR,0.2,1,5.25401022575868,11.044587887335666,0.5294016087881229,1.5616416931152344,1326.0,DL,GAIN
VAEM_ld16_lr1e-04_ep50,True,MNAR,0.2,1,3.549646679094616,7.457606384775831,0.7854392285125338,0.5051162242889404,9.0,DL,VAEM
VAEM_ld16_lr1e-04_ep200,True,MNAR,0.2,1,3.439470451142624,7.296088413354251,0.7946325628368242,1.898820638656616,19.0,DL,VAEM
VAEM_ld16_lr1e-03_ep50,True,MNAR,0.2,1,3.42315023394527,7.266510929121995,0.7962942587043194,0.4339866638183594,18.0,DL,VAEM
VAEM_ld16_lr1e-03_ep200,True,MNAR,0.2,1,3.394151669399996,7.245829375821538,0.7974521612656893,1.9194481372833248,11.0,DL,VAEM
VAEM_ld32_lr1e-04_ep50,True,MNAR,0.2,1,3.543972573008616,7.438201808166816,0.7865543434924817,0.3979501724243164,10.0,DL,VAEM
VAEM_ld32_lr1e-04_ep200,True,MNAR,0.2,1,3.425883856602073,7.261024677064994,0.796601740290315,1.6124403476715088,23.0,DL,VAEM
VAEM_ld32_lr1e-03_ep50,True,MNAR,0.2,1,3.4134125750353617,7.263165223776481,0.7964817991881336,0.4008340835571289,25.0,DL,VAEM
VAEM_ld32_lr1e-03_ep200,True,MNAR,0.2,1,3.394060796326927,7.266577255342947,0.7962905399749869,1.8137485980987549,11.0,DL,VAEM
VAEM_ld64_lr1e-04_ep50,True,MNAR,0.2,1,3.5444471596341285,7.437400396164178,0.7866003354406235,0.5040271282196045,13.0,DL,VAEM
VAEM_ld64_lr1e-04_ep200,True,MNAR,0.2,1,3.42870455250866,7.263246520950975,0.7964772431724649,1.968844413757324,20.0,DL,VAEM
VAEM_ld64_lr1e-03_ep50,True,MNAR,0.2,1,3.4097390827043474,7.257684493471913,0.796788829935584,0.4444208145141601,19.0,DL,VAEM
VAEM_ld64_lr1e-03_ep200,True,MNAR,0.2,1,3.3911872172873907,7.265260323063906,0.7963643704028226,1.8111333847045896,14.0,DL,VAEM
VaDER_ld16_lr1e-04_ep50,True,MNAR,0.2,1,3.5555962351042694,7.472815594293348,0.7845631760145784,0.5152027606964111,21.0,DL,VaDER
VaDER_ld16_lr1e-04_ep200,True,MNAR,0.2,1,3.4413743498849585,7.313193192000961,0.7936685169053304,1.9700944423675537,31.0,DL,VaDER
VaDER_ld16_lr1e-03_ep50,True,MNAR,0.2,1,3.4139020020484963,7.27478457937898,0.7958301158528366,0.4988837242126465,14.0,DL,VaDER
VaDER_ld16_lr1e-03_ep200,True,MNAR,0.2,1,3.398952150734253,7.339336607041851,0.792190680577176,1.8514654636383057,15.0,DL,VaDER
VaDER_ld32_lr1e-04_ep50,True,MNAR,0.2,1,3.554597500495425,7.462315778859224,0.7851681575495782,0.4553320407867431,15.0,DL,VaDER
VaDER_ld32_lr1e-04_ep200,True,MNAR,0.2,1,3.4395208448764656,7.30982842132634,0.793858337792777,1.9010930061340328,20.0,DL,VaDER
VaDER_ld32_lr1e-03_ep50,True,MNAR,0.2,1,3.418040995714513,7.291735814677646,0.7948775202317315,0.4931657314300537,18.0,DL,VaDER
VaDER_ld32_lr1e-03_ep200,True,MNAR,0.2,1,3.4001139225500934,7.349075295569107,0.7916388233606705,2.052591562271118,11.0,DL,VaDER
VaDER_ld64_lr1e-04_ep50,True,MNAR,0.2,1,3.549467245007759,7.454983897824363,0.785590103702252,0.4654176235198974,16.0,DL,VaDER
VaDER_ld64_lr1e-04_ep200,True,MNAR,0.2,1,3.441994555541492,7.3412447747485565,0.7920826090710857,1.5774283409118652,26.0,DL,VaDER
VaDER_ld64_lr1e-03_ep50,True,MNAR,0.2,1,3.416172484688492,7.302430881644981,0.7942753570219014,0.5020933151245117,20.0,DL,VaDER
VaDER_ld64_lr1e-03_ep200,True,MNAR,0.2,1,3.403279182739158,7.348847928759437,0.7916517157808043,1.9803988933563232,5.0,DL,VaDER
GAIN,True,MNAR,0.2,2,5.085692694509018,10.751613801570072,0.5467559043787898,1.5509119033813477,1263.0,DL,GAIN
VAEM_ld16_lr1e-04_ep50,True,MNAR,0.2,2,3.386288395383445,7.09849712426416,0.8024315173111136,0.5329523086547852,6.0,DL,VAEM
VAEM_ld16_lr1e-04_ep200,True,MNAR,0.2,2,3.272130920712195,6.925785817846816,0.8119285138002036,2.0047552585601807,9.0,DL,VAEM
VAEM_ld16_lr1e-03_ep50,True,MNAR,0.2,2,3.25876305033284,6.922092426724949,0.8121290502768935,0.5108942985534668,10.0,DL,VAEM
VAEM_ld16_lr1e-03_ep200,True,MNAR,0.2,2,3.2300332276257264,6.865314952166683,0.8151983798394944,2.173819303512573,9.0,DL,VAEM
VAEM_ld32_lr1e-04_ep50,True,MNAR,0.2,2,3.3814496211759497,7.093784828537041,0.8026937396042771,0.4240453243255615,12.0,DL,VAEM
VAEM_ld32_lr1e-04_ep200,True,MNAR,0.2,2,3.269166686406382,6.92810397486447,0.8118025924358455,1.6437044143676758,13.0,DL,VAEM
VAEM_ld32_lr1e-03_ep50,True,MNAR,0.2,2,3.2449490249030823,6.884747741826632,0.8141507094457201,0.4935665130615234,16.0,DL,VAEM
VAEM_ld32_lr1e-03_ep200,True,MNAR,0.2,2,3.229312368223637,6.920495643292694,0.8122157161578952,1.9784579277038572,10.0,DL,VAEM
VAEM_ld64_lr1e-04_ep50,True,MNAR,0.2,2,3.377154988793168,7.093449356306041,0.8027124007866645,0.5834977626800537,6.0,DL,VAEM
VAEM_ld64_lr1e-04_ep200,True,MNAR,0.2,2,3.2640430433730128,6.924753103156168,0.8119845968819688,1.902071952819824,19.0,DL,VAEM
VAEM_ld64_lr1e-03_ep50,True,MNAR,0.2,2,3.2473922795426198,6.913313838890543,0.8126052634647901,0.5279428958892822,20.0,DL,VAEM
VAEM_ld64_lr1e-03_ep200,True,MNAR,0.2,2,3.235638944977357,7.003492779361422,0.8076845331478131,2.060057640075684,9.0,DL,VAEM
VaDER_ld16_lr1e-04_ep50,True,MNAR,0.2,2,3.389715754673424,7.107036644572448,0.8019558800434614,0.5035765171051025,10.0,DL,VaDER
VaDER_ld16_lr1e-04_ep200,True,MNAR,0.2,2,3.2735688869943145,6.965432837858038,0.8097691006564759,2.008016347885132,16.0,DL,VaDER
VaDER_ld16_lr1e-03_ep50,True,MNAR,0.2,2,3.2599702306325016,7.010613464698266,0.8072932672082231,0.5969674587249756,13.0,DL,VaDER
VaDER_ld16_lr1e-03_ep200,True,MNAR,0.2,2,3.2436368958402224,7.002698891505568,0.8077281308968265,1.9297616481781008,11.0,DL,VaDER
VaDER_ld32_lr1e-04_ep50,True,MNAR,0.2,2,3.377373232342545,7.069817086983679,0.8040247629347852,0.5181279182434082,8.0,DL,VaDER
VaDER_ld32_lr1e-04_ep200,True,MNAR,0.2,2,3.279254535146784,6.9740951525684,0.8092956585617466,1.983626365661621,19.0,DL,VaDER
VaDER_ld32_lr1e-03_ep50,True,MNAR,0.2,2,3.2550642009547874,6.980905774175297,0.8089230082708423,0.534614086151123,11.0,DL,VaDER
VaDER_ld32_lr1e-03_ep200,True,MNAR,0.2,2,3.243079576162764,7.017864653894436,0.8068944217610698,1.932578563690185,10.0,DL,VaDER
VaDER_ld64_lr1e-04_ep50,True,MNAR,0.2,2,3.384952299139681,7.118277649429682,0.8013289026976774,0.6383905410766602,13.0,DL,VaDER
VaDER_ld64_lr1e-04_ep200,True,MNAR,0.2,2,3.273270007558351,6.946515032862258,0.8108010147149154,1.340595006942749,19.0,DL,VaDER
VaDER_ld64_lr1e-03_ep50,True,MNAR,0.2,2,3.2611372149992066,6.992632715914477,0.8082805040188363,0.3141381740570068,15.0,DL,VaDER
VaDER_ld64_lr1e-03_ep200,True,MNAR,0.2,2,3.236147811539776,6.978048804419263,0.8090793746501453,1.2049601078033447,9.0,DL,VaDER
GAIN,True,MNAR,0.2,3,5.051764879347699,10.607037353129536,0.5398839937206967,1.7527925968170166,1281.0,DL,GAIN
VAEM_ld16_lr1e-04_ep50,True,MNAR,0.2,3,3.390173244636,7.0917197822927545,0.794324634039872,0.472872257232666,8.0,DL,VAEM
VAEM_ld16_lr1e-04_ep200,True,MNAR,0.2,3,3.281740716145262,6.923491671571552,0.8039668613880366,1.983804702758789,8.0,DL,VAEM
VAEM_ld16_lr1e-03_ep50,True,MNAR,0.2,3,3.2665394808678654,6.909817175948983,0.804740461519495,0.5650022029876709,9.0,DL,VAEM
VAEM_ld16_lr1e-03_ep200,True,MNAR,0.2,3,3.2424102592861908,6.866020518457445,0.8072078533889688,2.2190659046173096,8.0,DL,VAEM
VAEM_ld32_lr1e-04_ep50,True,MNAR,0.2,3,3.38997765959449,7.086625084826996,0.7946200426032016,0.600841760635376,7.0,DL,VAEM
VAEM_ld32_lr1e-04_ep200,True,MNAR,0.2,3,3.2780947719545317,6.944867384623534,0.802754520275514,1.99351167678833,12.0,DL,VAEM
VAEM_ld32_lr1e-03_ep50,True,MNAR,0.2,3,3.260469278175057,6.915966283773811,0.8043927804825912,0.5492584705352783,9.0,DL,VAEM
VAEM_ld32_lr1e-03_ep200,True,MNAR,0.2,3,3.2403251415948287,6.903284327306124,0.8051095010971051,1.7562689781188965,10.0,DL,VAEM
VAEM_ld64_lr1e-04_ep50,True,MNAR,0.2,3,3.38382348204908,7.059360201253077,0.7961973487456693,0.5145580768585205,11.0,DL,VAEM
VAEM_ld64_lr1e-04_ep200,True,MNAR,0.2,3,3.2821002179232464,6.954838201598656,0.8021877390043641,1.8676798343658447,18.0,DL,VAEM
VAEM_ld64_lr1e-03_ep50,True,MNAR,0.2,3,3.250943387025488,6.909378210508336,0.8047652695468606,0.4148025512695312,13.0,DL,VAEM
VAEM_ld64_lr1e-03_ep200,True,MNAR,0.2,3,3.2326159648041037,6.897773912622416,0.8054205121448734,1.8573431968688965,15.0,DL,VAEM
VaDER_ld16_lr1e-04_ep50,True,MNAR,0.2,3,3.3953667817362487,7.071936693213036,0.7954705390980655,0.4919095039367676,12.0,DL,VaDER
VaDER_ld16_lr1e-04_ep200,True,MNAR,0.2,3,3.2845133782436435,6.978275881628986,0.8008522449491423,1.8471624851226809,18.0,DL,VaDER
VaDER_ld16_lr1e-03_ep50,True,MNAR,0.2,3,3.256074780654344,6.9058535146120015,0.8049644097618975,0.4717929363250732,17.0,DL,VaDER
VaDER_ld16_lr1e-03_ep200,True,MNAR,0.2,3,3.243888279435499,6.9491342627547725,0.8025120733227434,2.0897605419158936,11.0,DL,VaDER
VaDER_ld32_lr1e-04_ep50,True,MNAR,0.2,3,3.3938106182870924,7.084388962826567,0.7947496338201241,0.4945557117462158,11.0,DL,VaDER
VaDER_ld32_lr1e-04_ep200,True,MNAR,0.2,3,3.286006267692634,6.956761863478138,0.8020782967657593,2.0842273235321045,13.0,DL,VaDER
VaDER_ld32_lr1e-03_ep50,True,MNAR,0.2,3,3.2638833668225424,6.958141886591787,0.8019997649367949,0.5018630027770996,12.0,DL,VaDER
VaDER_ld32_lr1e-03_ep200,True,MNAR,0.2,3,3.2471219627542345,6.955484444261407,0.8021509759172131,2.0298373699188232,7.0,DL,VaDER
VaDER_ld64_lr1e-04_ep50,True,MNAR,0.2,3,3.3976380309589,7.086958325091733,0.794600726643988,0.5531153678894043,14.0,DL,VaDER
VaDER_ld64_lr1e-04_ep200,True,MNAR,0.2,3,3.282659821234731,6.95805617299658,0.8020046430228546,2.0819122791290283,25.0,DL,VaDER
VaDER_ld64_lr1e-03_ep50,True,MNAR,0.2,3,3.267744579343181,6.954826813866766,0.8021883867925896,0.5195021629333496,15.0,DL,VaDER
VaDER_ld64_lr1e-03_ep200,True,MNAR,0.2,3,3.251062605112452,6.958785354798082,0.801963142301246,2.062929630279541,10.0,DL,VaDER
GAIN,True,MNAR,0.2,4,4.986978858332995,10.319012324377782,0.5597203046858426,1.5388896465301514,1328.0,DL,GAIN
VAEM_ld16_lr1e-04_ep50,True,MNAR,0.2,4,3.338651377657837,6.832543696921992,0.8069733690298599,0.5002801418304443,6.0,DL,VAEM
VAEM_ld16_lr1e-04_ep200,True,MNAR,0.2,4,3.226902638286551,6.672780437881552,0.8158947958637597,1.8688926696777344,14.0,DL,VAEM
VAEM_ld16_lr1e-03_ep50,True,MNAR,0.2,4,3.20996393632987,6.642441549866735,0.8175651188786025,0.5022194385528564,8.0,DL,VAEM
VAEM_ld16_lr1e-03_ep200,True,MNAR,0.2,4,3.1899680027747253,6.628490586128513,0.8183306415077911,1.7718653678894043,13.0,DL,VAEM
VAEM_ld32_lr1e-04_ep50,True,MNAR,0.2,4,3.327648658818569,6.820421878436388,0.8076576700172925,0.4708447456359863,7.0,DL,VAEM
VAEM_ld32_lr1e-04_ep200,True,MNAR,0.2,4,3.224253725862284,6.676980240911408,0.815662973784032,1.79331374168396,11.0,DL,VAEM
VAEM_ld32_lr1e-03_ep50,True,MNAR,0.2,4,3.2093063252500698,6.647030692771057,0.81731294986999,0.4751505851745605,15.0,DL,VAEM
VAEM_ld32_lr1e-03_ep200,True,MNAR,0.2,4,3.183829828116043,6.631188617802144,0.8181827196148184,1.9203987121582031,12.0,DL,VAEM
VAEM_ld64_lr1e-04_ep50,True,MNAR,0.2,4,3.330665347162725,6.823819161144562,0.8074660091422432,0.501753568649292,7.0,DL,VAEM
VAEM_ld64_lr1e-04_ep200,True,MNAR,0.2,4,3.222584730411925,6.677957601889881,0.8156090041762775,1.9796464443206787,16.0,DL,VAEM
VAEM_ld64_lr1e-03_ep50,True,MNAR,0.2,4,3.1966034050419583,6.620114973223054,0.8187894581505102,0.460871934890747,26.0,DL,VAEM
VAEM_ld64_lr1e-03_ep200,True,MNAR,0.2,4,3.179908107284854,6.619664721235562,0.8188141065538566,1.904259204864502,8.0,DL,VAEM
VaDER_ld16_lr1e-04_ep50,True,MNAR,0.2,4,3.350493192821324,6.847855374176586,0.8061072572854382,0.4797627925872803,12.0,DL,VaDER
VaDER_ld16_lr1e-04_ep200,True,MNAR,0.2,4,3.224242027842572,6.667849659621609,0.8161667803981734,1.98887038230896,21.0,DL,VaDER
VaDER_ld16_lr1e-03_ep50,True,MNAR,0.2,4,3.2101419429572533,6.640240907704685,0.817685980276937,0.513826847076416,19.0,DL,VaDER
VaDER_ld16_lr1e-03_ep200,True,MNAR,0.2,4,3.185717635750608,6.649717069858324,0.8171652552077725,1.99578070640564,9.0,DL,VaDER
VaDER_ld32_lr1e-04_ep50,True,MNAR,0.2,4,3.345131699228085,6.866507630318732,0.8050495648304777,0.4721567630767822,14.0,DL,VaDER
VaDER_ld32_lr1e-04_ep200,True,MNAR,0.2,4,3.221313455964178,6.643901506594652,0.8174849145439169,1.964080810546875,21.0,DL,VaDER
VaDER_ld32_lr1e-03_ep50,True,MNAR,0.2,4,3.211270067615904,6.670242628943014,0.816034807958914,0.4974162578582763,20.0,DL,VaDER
VaDER_ld32_lr1e-03_ep200,True,MNAR,0.2,4,3.190126955769095,6.655174386180541,0.8168650329696054,2.0164437294006348,10.0,DL,VaDER
VaDER_ld64_lr1e-04_ep50,True,MNAR,0.2,4,3.340901586494153,6.843948827675919,0.8063284170266563,0.4743156433105469,11.0,DL,VaDER
VaDER_ld64_lr1e-04_ep200,True,MNAR,0.2,4,3.236768522327158,6.706416953370813,0.8140340226070024,1.2152760028839111,22.0,DL,VaDER
VaDER_ld64_lr1e-03_ep50,True,MNAR,0.2,4,3.2113906651341795,6.657868984502809,0.8167167047524064,0.3180406093597412,15.0,DL,VaDER
VaDER_ld64_lr1e-03_ep200,True,MNAR,0.2,4,3.1966944572406857,6.674004775959826,0.8158272295192514,1.2108917236328125,11.0,DL,VaDER
GAIN,True,MNAR,0.2,5,5.158244925522667,10.615572186521536,0.5638191567310264,1.6358048915863037,1317.0,DL,GAIN
VAEM_ld16_lr1e-04_ep50,True,MNAR,0.2,5,3.471089981450335,7.085178449559327,0.8056961714563722,0.5869863033294678,8.0,DL,VAEM
VAEM_ld16_lr1e-04_ep200,True,MNAR,0.2,5,3.3615849667102458,6.902572537926979,0.8155826697889319,1.934567928314209,11.0,DL,VAEM
VAEM_ld16_lr1e-03_ep50,True,MNAR,0.2,5,3.348714971540104,6.88397124321705,0.8165752791117329,0.4950172901153564,8.0,DL,VAEM
VAEM_ld16_lr1e-03_ep200,True,MNAR,0.2,5,3.3182882564166154,6.852392061337373,0.8182542857578705,2.1256115436553955,12.0,DL,VAEM
VAEM_ld32_lr1e-04_ep50,True,MNAR,0.2,5,3.4703524456190467,7.073144134110635,0.8063556686719588,0.4938180446624756,8.0,DL,VAEM
VAEM_ld32_lr1e-04_ep200,True,MNAR,0.2,5,3.3617230309995363,6.901876861780101,0.8156198409369055,1.86604905128479,23.0,DL,VAEM
VAEM_ld32_lr1e-03_ep50,True,MNAR,0.2,5,3.3427946590698383,6.917814365877888,0.8147673330193062,0.4861645698547363,18.0,DL,VAEM
VAEM_ld32_lr1e-03_ep200,True,MNAR,0.2,5,3.319153345931144,6.864128178157767,0.8176311995410291,1.8871448040008545,18.0,DL,VAEM
VAEM_ld64_lr1e-04_ep50,True,MNAR,0.2,5,3.465752582534628,7.0766546986292855,0.8061634006773187,0.4893879890441894,11.0,DL,VAEM
VAEM_ld64_lr1e-04_ep200,True,MNAR,0.2,5,3.347223042165868,6.887706744950704,0.8163761587953366,2.111363410949707,18.0,DL,VAEM
VAEM_ld64_lr1e-03_ep50,True,MNAR,0.2,5,3.34120477911622,6.901986773229214,0.8156139684322987,0.5489475727081299,15.0,DL,VAEM
VAEM_ld64_lr1e-03_ep200,True,MNAR,0.2,5,3.323072132314034,6.910518036305096,0.8151578626809448,2.1789228916168213,11.0,DL,VAEM
VaDER_ld16_lr1e-04_ep50,True,MNAR,0.2,5,3.478021021576066,7.079175587702954,0.806025276770082,0.5019006729125977,15.0,DL,VaDER
VaDER_ld16_lr1e-04_ep200,True,MNAR,0.2,5,3.362294517101145,6.956020636019615,0.8127156468099453,1.9152867794036863,23.0,DL,VaDER
VaDER_ld16_lr1e-03_ep50,True,MNAR,0.2,5,3.339206037103428,6.901440566585568,0.815643151012231,0.5682249069213867,19.0,DL,VaDER
VaDER_ld16_lr1e-03_ep200,True,MNAR,0.2,5,3.328965249307003,6.9051125402072,0.8154469213788617,2.110990285873413,16.0,DL,VaDER
VaDER_ld32_lr1e-04_ep50,True,MNAR,0.2,5,3.4697095402288625,7.067664183117563,0.8066556061130156,0.5069713592529297,14.0,DL,VaDER
VaDER_ld32_lr1e-04_ep200,True,MNAR,0.2,5,3.3607846035544955,6.933493861769533,0.8139267073234251,1.9966354370117188,19.0,DL,VaDER
VaDER_ld32_lr1e-03_ep50,True,MNAR,0.2,5,3.338846696973801,6.904717651420918,0.8154680291759987,0.4490928649902344,17.0,DL,VaDER
VaDER_ld32_lr1e-03_ep200,True,MNAR,0.2,5,3.3343027798858538,6.946398084690333,0.8132334448152534,1.660818099975586,8.0,DL,VaDER
VaDER_ld64_lr1e-04_ep50,True,MNAR,0.2,5,3.4712117208327444,7.077183172166181,0.8061344487664164,0.4239702224731445,13.0,DL,VaDER
VaDER_ld64_lr1e-04_ep200,True,MNAR,0.2,5,3.367420813025144,6.940630823574319,0.81354344269705,1.643526554107666,29.0,DL,VaDER
VaDER_ld64_lr1e-03_ep50,True,MNAR,0.2,5,3.349965907126091,6.929088509361057,0.814163083970191,0.4231255054473877,12.0,DL,VaDER
VaDER_ld64_lr1e-03_ep200,True,MNAR,0.2,5,3.3305948675081254,6.946546152224631,0.8132254826000991,1.645604133605957,8.0,DL,VaDER
GAIN,True,MNAR,0.3,1,5.626007692912098,11.663077791739004,0.4660580921142357,1.570998191833496,2159.0,DL,GAIN
VAEM_ld16_lr1e-04_ep50,True,MNAR,0.3,1,3.905688672987532,8.08523793751322,0.7434019955624648,0.5027565956115723,10.0,DL,VAEM
VAEM_ld16_lr1e-04_ep200,True,MNAR,0.3,1,3.7851349363762257,7.8855314135346815,0.7559214601058347,1.6986641883850098,4.0,DL,VAEM
VAEM_ld16_lr1e-03_ep50,True,MNAR,0.3,1,3.783708163426084,7.903688831236061,0.7547961235380982,0.3768939971923828,8.0,DL,VAEM
VAEM_ld16_lr1e-03_ep200,True,MNAR,0.3,1,3.756397907819616,7.863070212656252,0.7573099497133293,1.861664056777954,7.0,DL,VAEM
VAEM_ld32_lr1e-04_ep50,True,MNAR,0.3,1,3.899485715720292,8.074378777725657,0.7440907984254583,0.4839706420898437,15.0,DL,VAEM
VAEM_ld32_lr1e-04_ep200,True,MNAR,0.3,1,3.7868026280599816,7.899322886216533,0.7550669466903366,1.838623046875,10.0,DL,VAEM
VAEM_ld32_lr1e-03_ep50,True,MNAR,0.3,1,3.773229673437808,7.898088827628294,0.7551434692308543,0.5813922882080078,11.0,DL,VAEM
VAEM_ld32_lr1e-03_ep200,True,MNAR,0.3,1,3.7529157358245846,7.876277333348329,0.7564940016119481,1.911139965057373,10.0,DL,VAEM
VAEM_ld64_lr1e-04_ep50,True,MNAR,0.3,1,3.898715278271813,8.081214332676643,0.7436573231314134,0.3748843669891357,21.0,DL,VAEM
VAEM_ld64_lr1e-04_ep200,True,MNAR,0.3,1,3.782969617704569,7.89827024155151,0.755132220713651,1.9521546363830569,14.0,DL,VAEM
VAEM_ld64_lr1e-03_ep50,True,MNAR,0.3,1,3.7666612346759862,7.883656652436275,0.7560375041699225,0.4877276420593261,16.0,DL,VAEM
VAEM_ld64_lr1e-03_ep200,True,MNAR,0.3,1,3.7553612262994647,7.895987595368178,0.755273736695079,1.973820447921753,10.0,DL,VAEM
VaDER_ld16_lr1e-04_ep50,True,MNAR,0.3,1,3.912859181837737,8.089750883989392,0.7431154644167877,0.474827766418457,24.0,DL,VaDER
VaDER_ld16_lr1e-04_ep200,True,MNAR,0.3,1,3.796992809901273,7.946250872767229,0.7521481250678342,1.896803855895996,19.0,DL,VaDER
VaDER_ld16_lr1e-03_ep50,True,MNAR,0.3,1,3.7756809120639785,7.916732116850551,0.7539861465069404,0.5022516250610352,14.0,DL,VaDER
VaDER_ld16_lr1e-03_ep200,True,MNAR,0.3,1,3.772871057818838,7.978575318811358,0.7501275571351563,2.057350873947144,6.0,DL,VaDER
VaDER_ld32_lr1e-04_ep50,True,MNAR,0.3,1,3.9055785032452,8.073223080317428,0.7441640504844276,0.5731956958770752,15.0,DL,VaDER
VaDER_ld32_lr1e-04_ep200,True,MNAR,0.3,1,3.7919685517032,7.935929845439439,0.7527915542079479,1.7749335765838623,10.0,DL,VaDER
VaDER_ld32_lr1e-03_ep50,True,MNAR,0.3,1,3.774950169488609,7.909340199218252,0.7544453423301212,0.5406110286712646,7.0,DL,VaDER
VaDER_ld32_lr1e-03_ep200,True,MNAR,0.3,1,3.768255517095093,7.959387449887501,0.751327960530951,1.4321091175079346,7.0,DL,VaDER
VaDER_ld64_lr1e-04_ep50,True,MNAR,0.3,1,3.908127117966134,8.074265110527618,0.7440980035066043,0.3227615356445312,20.0,DL,VaDER
VaDER_ld64_lr1e-04_ep200,True,MNAR,0.3,1,3.7971933476551785,7.933591790290328,0.752937196079441,1.249307632446289,11.0,DL,VaDER
VaDER_ld64_lr1e-03_ep50,True,MNAR,0.3,1,3.779035235466437,7.92095569292754,0.7537235797357956,0.3264040946960449,8.0,DL,VaDER
VaDER_ld64_lr1e-03_ep200,True,MNAR,0.3,1,3.771921209234789,7.979568296137311,0.7500653572811646,1.2528491020202637,4.0,DL,VaDER
GAIN,True,MNAR,0.3,2,5.585164245628009,11.616098152647735,0.4733052081056483,1.5079481601715088,2022.0,DL,GAIN
VAEM_ld16_lr1e-04_ep50,True,MNAR,0.3,2,3.81872517818873,7.873187758122771,0.7580421621649032,0.4875929355621338,6.0,DL,VAEM
VAEM_ld16_lr1e-04_ep200,True,MNAR,0.3,2,3.712397632357417,7.7200554565050306,0.7673627164630551,2.116018533706665,5.0,DL,VAEM
VAEM_ld16_lr1e-03_ep50,True,MNAR,0.3,2,3.697434663560776,7.687119185627597,0.7693434949431391,0.5755038261413574,5.0,DL,VAEM
VAEM_ld16_lr1e-03_ep200,True,MNAR,0.3,2,3.675435649270464,7.663604980097291,0.7707524516730141,2.001579523086548,6.0,DL,VAEM
VAEM_ld32_lr1e-04_ep50,True,MNAR,0.3,2,3.811751908876496,7.881427911765823,0.7575354263497698,0.5685667991638184,6.0,DL,VAEM
VAEM_ld32_lr1e-04_ep200,True,MNAR,0.3,2,3.705334852800153,7.714566844692409,0.7676933881418271,1.9110138416290283,9.0,DL,VAEM
VAEM_ld32_lr1e-03_ep50,True,MNAR,0.3,2,3.68717791235776,7.6692279848414096,0.7704159173748178,0.5158617496490479,6.0,DL,VAEM
VAEM_ld32_lr1e-03_ep200,True,MNAR,0.3,2,3.678955066535098,7.751120333417752,0.765486722502803,2.1637041568756104,6.0,DL,VAEM
VAEM_ld64_lr1e-04_ep50,True,MNAR,0.3,2,3.814038042613638,7.873602605473603,0.7580166634176169,0.5149734020233154,10.0,DL,VAEM
VAEM_ld64_lr1e-04_ep200,True,MNAR,0.3,2,3.7049153328383047,7.698037469232389,0.7686878106631729,1.9414076805114744,7.0,DL,VAEM
VAEM_ld64_lr1e-03_ep50,True,MNAR,0.3,2,3.690867263179638,7.716848540268312,0.7675559516882589,0.5223450660705566,9.0,DL,VAEM
VAEM_ld64_lr1e-03_ep200,True,MNAR,0.3,2,3.670634734113186,7.668704904701779,0.770447233898158,2.0577666759490967,7.0,DL,VAEM
VaDER_ld16_lr1e-04_ep50,True,MNAR,0.3,2,3.833953367846678,7.914164233305253,0.7555170401552838,0.5054178237915039,6.0,DL,VaDER
VaDER_ld16_lr1e-04_ep200,True,MNAR,0.3,2,3.718367441972714,7.774853604844152,0.7640484044323231,2.024627447128296,13.0,DL,VaDER
VaDER_ld16_lr1e-03_ep50,True,MNAR,0.3,2,3.697035867405033,7.747502513574663,0.765705588615458,0.5173907279968262,8.0,DL,VaDER
VaDER_ld16_lr1e-03_ep200,True,MNAR,0.3,2,3.688588445333264,7.781440144914373,0.7636484578854139,1.9343299865722656,9.0,DL,VaDER
VaDER_ld32_lr1e-04_ep50,True,MNAR,0.3,2,3.824797489195789,7.901734782143294,0.7562843739283891,0.446927547454834,12.0,DL,VaDER
VaDER_ld32_lr1e-04_ep200,True,MNAR,0.3,2,3.716939391908613,7.752384377652651,0.7654102279278678,1.670362949371338,8.0,DL,VaDER
VaDER_ld32_lr1e-03_ep50,True,MNAR,0.3,2,3.6916163833353295,7.716116297756137,0.7676000622698502,0.4243679046630859,6.0,DL,VaDER
VaDER_ld32_lr1e-03_ep200,True,MNAR,0.3,2,3.687661075329888,7.801360581485138,0.7624367920936654,1.6459314823150637,7.0,DL,VaDER
VaDER_ld64_lr1e-04_ep50,True,MNAR,0.3,2,3.824345672475394,7.883390723002158,0.7574146432997679,0.4235529899597168,12.0,DL,VaDER
VaDER_ld64_lr1e-04_ep200,True,MNAR,0.3,2,3.7167252034339966,7.749730091232515,0.7655708396365677,1.6437382698059082,18.0,DL,VaDER
VaDER_ld64_lr1e-03_ep50,True,MNAR,0.3,2,3.6971280865026266,7.731545877400708,0.766669693046008,0.4241456985473633,3.0,DL,VaDER
VaDER_ld64_lr1e-03_ep200,True,MNAR,0.3,2,3.6911696491350647,7.814978776934912,0.7616066789719197,1.646703004837036,4.0,DL,VaDER
GAIN,True,MNAR,0.3,3,5.554862723558252,11.427460875816816,0.4742123214913951,1.6035683155059814,2079.0,DL,GAIN
VAEM_ld16_lr1e-04_ep50,True,MNAR,0.3,3,3.824183961354459,7.827677232348998,0.7532956895990894,0.4191243648529053,6.0,DL,VAEM
VAEM_ld16_lr1e-04_ep200,True,MNAR,0.3,3,3.717362894375236,7.648968981845044,0.7644317704815453,1.75380277633667,6.0,DL,VAEM
VAEM_ld16_lr1e-03_ep50,True,MNAR,0.3,3,3.7046103254847615,7.652603517744976,0.7642078489037416,0.4511792659759521,5.0,DL,VAEM
VAEM_ld16_lr1e-03_ep200,True,MNAR,0.3,3,3.685724825911097,7.642754024490652,0.7648144238087623,1.9884109497070312,4.0,DL,VAEM
VAEM_ld32_lr1e-04_ep50,True,MNAR,0.3,3,3.823418896674577,7.845574733713135,0.7521662514886355,0.5178568363189697,10.0,DL,VAEM
VAEM_ld32_lr1e-04_ep200,True,MNAR,0.3,3,3.713199069571973,7.664996771577425,0.7634435081863544,1.924467086791992,10.0,DL,VAEM
VAEM_ld32_lr1e-03_ep50,True,MNAR,0.3,3,3.700554767025896,7.67021279963247,0.7631214453952072,0.520230770111084,6.0,DL,VAEM
VAEM_ld32_lr1e-03_ep200,True,MNAR,0.3,3,3.692484900857554,7.671897220298285,0.7630173943200353,1.9791877269744875,7.0,DL,VAEM
VAEM_ld64_lr1e-04_ep50,True,MNAR,0.3,3,3.8241682349948647,7.830979348113608,0.7530875006311081,0.4635224342346191,11.0,DL,VAEM
VAEM_ld64_lr1e-04_ep200,True,MNAR,0.3,3,3.714248598489783,7.677636850866729,0.7626626707428232,1.8640758991241453,10.0,DL,VAEM
VAEM_ld64_lr1e-03_ep50,True,MNAR,0.3,3,3.697751213949799,7.675321546803575,0.7628057942682845,0.4471035003662109,10.0,DL,VAEM
VAEM_ld64_lr1e-03_ep200,True,MNAR,0.3,3,3.685904186450273,7.658948367128761,0.7638166915982433,1.9579277038574217,8.0,DL,VAEM
VaDER_ld16_lr1e-04_ep50,True,MNAR,0.3,3,3.831790658153885,7.8309318024325565,0.7530904988735455,0.516460657119751,14.0,DL,VaDER
VaDER_ld16_lr1e-04_ep200,True,MNAR,0.3,3,3.722299975375548,7.679818744194251,0.7625277546670035,2.035785436630249,9.0,DL,VaDER
VaDER_ld16_lr1e-03_ep50,True,MNAR,0.3,3,3.706183798313739,7.674171761725013,0.7628768536837149,0.455317735671997,9.0,DL,VaDER
VaDER_ld16_lr1e-03_ep200,True,MNAR,0.3,3,3.697710857081387,7.674403449135713,0.7628625357146093,1.633296012878418,9.0,DL,VaDER
VaDER_ld32_lr1e-04_ep50,True,MNAR,0.3,3,3.825582607041377,7.820607583677209,0.7537411155260234,0.4193263053894043,16.0,DL,VaDER
VaDER_ld32_lr1e-04_ep200,True,MNAR,0.3,3,3.721507605837573,7.700616483811109,0.7612398145228124,1.7711479663848877,9.0,DL,VaDER
VaDER_ld32_lr1e-03_ep50,True,MNAR,0.3,3,3.70668021117396,7.693837480374065,0.7616600000230416,0.4937543869018554,5.0,DL,VaDER
VaDER_ld32_lr1e-03_ep200,True,MNAR,0.3,3,3.699363706699748,7.691385737760625,0.7618118761786727,1.6246049404144287,7.0,DL,VaDER
VaDER_ld64_lr1e-04_ep50,True,MNAR,0.3,3,3.827872419011921,7.834937673158798,0.7528378238282918,0.4499468803405761,11.0,DL,VaDER
VaDER_ld64_lr1e-04_ep200,True,MNAR,0.3,3,3.720075673472182,7.697449484037822,0.7614361619100272,1.6190106868743896,10.0,DL,VaDER
VaDER_ld64_lr1e-03_ep50,True,MNAR,0.3,3,3.713900600714228,7.698311205145741,0.7613827449951721,0.4143116474151611,9.0,DL,VaDER
VaDER_ld64_lr1e-03_ep200,True,MNAR,0.3,3,3.7018132486263142,7.716163731061589,0.7602747461022386,1.624267578125,8.0,DL,VaDER
GAIN,True,MNAR,0.3,4,5.498748186263219,11.317855354170144,0.4809409150881586,1.6131181716918943,2064.0,DL,GAIN
VAEM_ld16_lr1e-04_ep50,True,MNAR,0.3,4,3.76164436747081,7.647094789829597,0.7630364947873854,0.510199785232544,5.0,DL,VAEM
VAEM_ld16_lr1e-04_ep200,True,MNAR,0.3,4,3.6644106068360314,7.510667637057322,0.7714161168160345,1.9542407989501955,5.0,DL,VAEM
VAEM_ld16_lr1e-03_ep50,True,MNAR,0.3,4,3.652043223280301,7.484949592163324,0.7729788715196622,0.5087954998016357,5.0,DL,VAEM
VAEM_ld16_lr1e-03_ep200,True,MNAR,0.3,4,3.6291371207996495,7.455925112659004,0.7747361030300142,2.058581829071045,4.0,DL,VAEM
VAEM_ld32_lr1e-04_ep50,True,MNAR,0.3,4,3.755336766136401,7.653202012854243,0.7626578498506259,0.5049343109130859,9.0,DL,VAEM
VAEM_ld32_lr1e-04_ep200,True,MNAR,0.3,4,3.65823606442544,7.502522272588866,0.7719116491733932,1.8234572410583496,5.0,DL,VAEM
VAEM_ld32_lr1e-03_ep50,True,MNAR,0.3,4,3.63984159344821,7.472454829540223,0.7737361799030132,0.4824161529541015,7.0,DL,VAEM
VAEM_ld32_lr1e-03_ep200,True,MNAR,0.3,4,3.628715039535232,7.489746582739939,0.7726877894841131,1.8155858516693115,8.0,DL,VAEM
VAEM_ld64_lr1e-04_ep50,True,MNAR,0.3,4,3.758938129127852,7.649687727351638,0.7628757708131038,0.5189764499664307,10.0,DL,VAEM
VAEM_ld64_lr1e-04_ep200,True,MNAR,0.3,4,3.652440471608378,7.491089086208722,0.77260629279322,1.925270795822144,9.0,DL,VAEM
VAEM_ld64_lr1e-03_ep50,True,MNAR,0.3,4,3.643840575282444,7.489660843399068,0.772692993795723,0.5266883373260498,10.0,DL,VAEM
VAEM_ld64_lr1e-03_ep200,True,MNAR,0.3,4,3.626168477988161,7.490054968399011,0.772669070220854,1.913957357406616,10.0,DL,VAEM
VaDER_ld16_lr1e-04_ep50,True,MNAR,0.3,4,3.7678191313747793,7.644233033847996,0.7632138182963002,0.5258324146270752,12.0,DL,VaDER
VaDER_ld16_lr1e-04_ep200,True,MNAR,0.3,4,3.6631339601162103,7.508089775008382,0.7715730020947935,1.9083590507507324,11.0,DL,VaDER
VaDER_ld16_lr1e-03_ep50,True,MNAR,0.3,4,3.651303461391199,7.507126196881205,0.7716316303587859,0.5185141563415527,11.0,DL,VaDER
VaDER_ld16_lr1e-03_ep200,True,MNAR,0.3,4,3.635348851507857,7.490634238945018,0.7726339059384597,1.870470762252808,9.0,DL,VaDER
VaDER_ld32_lr1e-04_ep50,True,MNAR,0.3,4,3.7651646195197968,7.657161934144775,0.7624121750645072,0.3609275817871094,10.0,DL,VaDER
VaDER_ld32_lr1e-04_ep200,True,MNAR,0.3,4,3.661220425892166,7.490749203752292,0.7726269267431233,1.6479954719543457,9.0,DL,VaDER
VaDER_ld32_lr1e-03_ep50,True,MNAR,0.3,4,3.645653251565887,7.4948066534449085,0.7723805415986583,0.4216091632843017,7.0,DL,VaDER
VaDER_ld32_lr1e-03_ep200,True,MNAR,0.3,4,3.631865190668774,7.474898406517527,0.7735881740668236,2.079345703125,6.0,DL,VaDER
VaDER_ld64_lr1e-04_ep50,True,MNAR,0.3,4,3.766746513784757,7.662822038050407,0.7620607997615159,0.4887433052062988,12.0,DL,VaDER
VaDER_ld64_lr1e-04_ep200,True,MNAR,0.3,4,3.66615153981134,7.518652641829306,0.7709298181952711,1.932194709777832,11.0,DL,VaDER
VaDER_ld64_lr1e-03_ep50,True,MNAR,0.3,4,3.645945517398411,7.497813695626955,0.7721978554659255,0.4858036041259765,13.0,DL,VaDER
VaDER_ld64_lr1e-03_ep200,True,MNAR,0.3,4,3.633123324438545,7.509553677280478,0.7714839175444341,1.8936235904693604,8.0,DL,VaDER
GAIN,True,MNAR,0.3,5,5.599459674048436,11.475614657686284,0.4827896404662569,1.6232616901397705,2084.0,DL,GAIN
VAEM_ld16_lr1e-04_ep50,True,MNAR,0.3,5,3.843978757124672,7.80678408450812,0.7606355566601645,0.5042319297790527,9.0,DL,VAEM
VAEM_ld16_lr1e-04_ep200,True,MNAR,0.3,5,3.74048053601808,7.65875114784055,0.7696271904644381,1.933863639831543,6.0,DL,VAEM
VAEM_ld16_lr1e-03_ep50,True,MNAR,0.3,5,3.7323617856743065,7.656134949049481,0.7697845524452707,0.4969267845153808,6.0,DL,VAEM
VAEM_ld16_lr1e-03_ep200,True,MNAR,0.3,5,3.708450600694222,7.621425391847853,0.7718672124789078,1.9040074348449707,6.0,DL,VAEM
VAEM_ld32_lr1e-04_ep50,True,MNAR,0.3,5,3.839309252348816,7.819910296400839,0.7598299522571916,0.4131245613098144,11.0,DL,VAEM
VAEM_ld32_lr1e-04_ep200,True,MNAR,0.3,5,3.741624448839824,7.669502729906096,0.7689799280915368,1.8650074005126955,6.0,DL,VAEM
VAEM_ld32_lr1e-03_ep50,True,MNAR,0.3,5,3.7247059351513374,7.650827896225818,0.7701036017043402,0.5022029876708984,7.0,DL,VAEM
VAEM_ld32_lr1e-03_ep200,True,MNAR,0.3,5,3.709909038077439,7.639200446086497,0.7708018470962755,2.0027947425842285,8.0,DL,VAEM
VAEM_ld64_lr1e-04_ep50,True,MNAR,0.3,5,3.8413090889210415,7.820705135023778,0.7597811265995,0.4889116287231445,9.0,DL,VAEM
VAEM_ld64_lr1e-04_ep200,True,MNAR,0.3,5,3.73306446377425,7.648367997308855,0.770251410803009,1.9521658420562744,8.0,DL,VAEM
VAEM_ld64_lr1e-03_ep50,True,MNAR,0.3,5,3.7204992811322697,7.632390863642476,0.7712102793938269,0.5105359554290771,10.0,DL,VAEM
VAEM_ld64_lr1e-03_ep200,True,MNAR,0.3,5,3.710095645128693,7.65677291654373,0.7697461842366761,1.8843395709991453,9.0,DL,VAEM
VaDER_ld16_lr1e-04_ep50,True,MNAR,0.3,5,3.857772571071955,7.8428464018358515,0.7584190296894657,0.3936562538146972,13.0,DL,VaDER
VaDER_ld16_lr1e-04_ep200,True,MNAR,0.3,5,3.739749239003172,7.665237740399091,0.7692367959111265,1.9635841846466064,12.0,DL,VaDER
VaDER_ld16_lr1e-03_ep50,True,MNAR,0.3,5,3.725723813192976,7.6626348737199645,0.7693934887352978,0.479628324508667,15.0,DL,VaDER
VaDER_ld16_lr1e-03_ep200,True,MNAR,0.3,5,3.725115063258511,7.7201425928295855,0.7659191176489245,1.8040850162506104,10.0,DL,VaDER
VaDER_ld32_lr1e-04_ep50,True,MNAR,0.3,5,3.845989240844717,7.811827396452442,0.7603261899669644,0.4648115634918213,19.0,DL,VaDER
VaDER_ld32_lr1e-04_ep200,True,MNAR,0.3,5,3.754719834872295,7.728664548562795,0.7654020474269447,1.9511816501617432,12.0,DL,VaDER
VaDER_ld32_lr1e-03_ep50,True,MNAR,0.3,5,3.7350581841393447,7.684320761419433,0.7680863708893441,0.3836433887481689,10.0,DL,VaDER
VaDER_ld32_lr1e-03_ep200,True,MNAR,0.3,5,3.725892854263948,7.70722628957956,0.7667017276596391,1.449577569961548,8.0,DL,VaDER
VaDER_ld64_lr1e-04_ep50,True,MNAR,0.3,5,3.845665399882492,7.81886230650358,0.7598943210053076,0.4275417327880859,16.0,DL,VaDER
VaDER_ld64_lr1e-04_ep200,True,MNAR,0.3,5,3.747710155248616,7.685966505167117,0.7679870228043387,1.247405767440796,8.0,DL,VaDER
VaDER_ld64_lr1e-03_ep50,True,MNAR,0.3,5,3.733733205134232,7.697711118413421,0.7672774218478386,0.3133182525634765,12.0,DL,VaDER
VaDER_ld64_lr1e-03_ep200,True,MNAR,0.3,5,3.7241942924819553,7.709548675530327,0.7665611089103993,1.2020840644836426,9.0,DL,VaDER
GAIN,True,MNAR,0.4,1,6.177237777777561,12.55264366129822,0.3760002149879078,1.557453155517578,3133.0,DL,GAIN
VAEM_ld16_lr1e-04_ep50,True,MNAR,0.4,1,4.418623426852317,8.903280928050027,0.6860834641255583,0.5526604652404785,24.0,DL,VAEM
VAEM_ld16_lr1e-04_ep200,True,MNAR,0.4,1,4.322683337910327,8.756976691767075,0.6963156395010637,1.924524545669556,5.0,DL,VAEM
VAEM_ld16_lr1e-03_ep50,True,MNAR,0.4,1,4.314906914444256,8.757897296747853,0.6962517845793896,0.4958951473236084,9.0,DL,VAEM
VAEM_ld16_lr1e-03_ep200,True,MNAR,0.4,1,4.298924196912845,8.732694476190769,0.6979974768540287,2.053694248199463,8.0,DL,VAEM
VAEM_ld32_lr1e-04_ep50,True,MNAR,0.4,1,4.417302633358236,8.908750493310427,0.685697648066806,0.565485954284668,19.0,DL,VAEM
VAEM_ld32_lr1e-04_ep200,True,MNAR,0.4,1,4.3220284455114895,8.770172309107028,0.6953997247979384,2.312772274017334,14.0,DL,VAEM
VAEM_ld32_lr1e-03_ep50,True,MNAR,0.4,1,4.3141851832624685,8.761777911818395,0.6959825439136333,0.4861288070678711,15.0,DL,VAEM
VAEM_ld32_lr1e-03_ep200,True,MNAR,0.4,1,4.299063944886188,8.760865321582585,0.6960458709954336,1.8491792678833008,7.0,DL,VAEM
VAEM_ld64_lr1e-04_ep50,True,MNAR,0.4,1,4.425133089808408,8.925797730811544,0.6844936378744053,0.4136919975280761,17.0,DL,VAEM
VAEM_ld64_lr1e-04_ep200,True,MNAR,0.4,1,4.318778754012436,8.768844408305684,0.6954919574962228,1.8851237297058103,10.0,DL,VAEM
VAEM_ld64_lr1e-03_ep50,True,MNAR,0.4,1,4.308688859236098,8.772195421197495,0.6952591775987991,0.500709056854248,16.0,DL,VAEM
VAEM_ld64_lr1e-03_ep200,True,MNAR,0.4,1,4.303521119630886,8.765617567063321,0.6957160276864189,1.7895255088806152,22.0,DL,VAEM
VaDER_ld16_lr1e-04_ep50,True,MNAR,0.4,1,4.435158028578959,8.927148416470677,0.6843981434043637,0.4693183898925781,19.0,DL,VaDER
VaDER_ld16_lr1e-04_ep200,True,MNAR,0.4,1,4.332404034592018,8.791103700750456,0.6939440371003471,2.105720996856689,20.0,DL,VaDER
VaDER_ld16_lr1e-03_ep50,True,MNAR,0.4,1,4.314882046112769,8.785503025948525,0.6943338798227663,0.5373213291168213,11.0,DL,VaDER
VaDER_ld16_lr1e-03_ep200,True,MNAR,0.4,1,4.314162471471396,8.823492389264127,0.6916847049046327,2.0643463134765625,8.0,DL,VaDER
VaDER_ld32_lr1e-04_ep50,True,MNAR,0.4,1,4.429863318307444,8.918068151365143,0.6850398468781769,0.4903476238250732,25.0,DL,VaDER
VaDER_ld32_lr1e-04_ep200,True,MNAR,0.4,1,4.329594197110899,8.806038396416847,0.6929032723917015,1.849055290222168,21.0,DL,VaDER
VaDER_ld32_lr1e-03_ep50,True,MNAR,0.4,1,4.314723122205571,8.776159896193406,0.6949836683760133,0.4302852153778076,6.0,DL,VaDER
VaDER_ld32_lr1e-03_ep200,True,MNAR,0.4,1,4.314075607058293,8.821080272736404,0.6918532528520955,1.425478458404541,6.0,DL,VaDER
VaDER_ld64_lr1e-04_ep50,True,MNAR,0.4,1,4.437228106069105,8.931600869289424,0.6840832493898976,0.4298849105834961,26.0,DL,VaDER
VaDER_ld64_lr1e-04_ep200,True,MNAR,0.4,1,4.332623659009623,8.803891534284993,0.6930529910142049,1.92411470413208,14.0,DL,VaDER
VaDER_ld64_lr1e-03_ep50,True,MNAR,0.4,1,4.325558085832163,8.819333305497748,0.6919752943593522,0.4143576622009277,8.0,DL,VaDER
VaDER_ld64_lr1e-03_ep200,True,MNAR,0.4,1,4.314550369690691,8.81063802057762,0.6925823793033556,1.331672430038452,6.0,DL,VaDER
GAIN,True,MNAR,0.4,2,6.24142665629092,12.777846834686576,0.3647029803123454,1.7223901748657229,2950.0,DL,GAIN
VAEM_ld16_lr1e-04_ep50,True,MNAR,0.4,2,4.436904787700327,8.986661159377775,0.6857623661969359,0.5036046504974365,4.0,DL,VAEM
VAEM_ld16_lr1e-04_ep200,True,MNAR,0.4,2,4.340367853049411,8.828275882266555,0.6967413100118178,1.9739391803741453,4.0,DL,VAEM
VAEM_ld16_lr1e-03_ep50,True,MNAR,0.4,2,4.330214577281581,8.822895752575702,0.6971108213292201,0.4349534511566162,8.0,DL,VAEM
VAEM_ld16_lr1e-03_ep200,True,MNAR,0.4,2,4.314486230624124,8.795036606327418,0.6990206051217986,1.9019813537597656,3.0,DL,VAEM
VAEM_ld32_lr1e-04_ep50,True,MNAR,0.4,2,4.434688705341645,8.996773705715341,0.6850547551035655,0.5028924942016602,7.0,DL,VAEM
VAEM_ld32_lr1e-04_ep200,True,MNAR,0.4,2,4.3396987624425405,8.849735698535435,0.6952651926942046,1.5622525215148926,7.0,DL,VAEM
VAEM_ld32_lr1e-03_ep50,True,MNAR,0.4,2,4.321949769450192,8.820642971145617,0.6972654771301421,0.505286455154419,3.0,DL,VAEM
VAEM_ld32_lr1e-03_ep200,True,MNAR,0.4,2,4.312223198397906,8.814695741759424,0.6976735708927149,1.9141497611999512,5.0,DL,VAEM
VAEM_ld64_lr1e-04_ep50,True,MNAR,0.4,2,4.436210953584189,8.995236069060764,0.685162400351789,0.4522042274475097,10.0,DL,VAEM
VAEM_ld64_lr1e-04_ep200,True,MNAR,0.4,2,4.337217200082364,8.844368291915924,0.69563472680624,1.948171138763428,7.0,DL,VAEM
VAEM_ld64_lr1e-03_ep50,True,MNAR,0.4,2,4.324284856746837,8.832952610237802,0.6964199258425887,0.4681761264801025,8.0,DL,VAEM
VAEM_ld64_lr1e-03_ep200,True,MNAR,0.4,2,4.311388667214337,8.823637954163658,0.6970598597648472,1.9217941761016848,5.0,DL,VAEM
VaDER_ld16_lr1e-04_ep50,True,MNAR,0.4,2,4.446017290317487,8.994321798773399,0.6852263969011214,0.5373475551605225,5.0,DL,VaDER
VaDER_ld16_lr1e-04_ep200,True,MNAR,0.4,2,4.347704700614582,8.864504882393215,0.6942472097598233,1.854146957397461,10.0,DL,VaDER
VaDER_ld16_lr1e-03_ep50,True,MNAR,0.4,2,4.328750523765764,8.86252372810007,0.6943838616701933,0.5072929859161377,12.0,DL,VaDER
VaDER_ld16_lr1e-03_ep200,True,MNAR,0.4,2,4.327083208224894,8.863657250940449,0.6943056796449203,1.8778998851776123,7.0,DL,VaDER
VaDER_ld32_lr1e-04_ep50,True,MNAR,0.4,2,4.441950171767008,8.991986487639808,0.6853898330968324,0.5082650184631348,10.0,DL,VaDER
VaDER_ld32_lr1e-04_ep200,True,MNAR,0.4,2,4.345083185843265,8.874869874566134,0.6935317771214566,1.973041296005249,14.0,DL,VaDER
VaDER_ld32_lr1e-03_ep50,True,MNAR,0.4,2,4.336939505419469,8.894975297124445,0.6921416378546318,0.4789440631866455,7.0,DL,VaDER
VaDER_ld32_lr1e-03_ep200,True,MNAR,0.4,2,4.3269834587253095,8.892511515188486,0.692312159030882,1.4491348266601562,2.0,DL,VaDER
VaDER_ld64_lr1e-04_ep50,True,MNAR,0.4,2,4.445912788579213,8.998555518654348,0.6849299928051996,0.5118820667266846,6.0,DL,VaDER
VaDER_ld64_lr1e-04_ep200,True,MNAR,0.4,2,4.35135459502354,8.899242187612487,0.6918462097196411,2.015833616256714,11.0,DL,VaDER
VaDER_ld64_lr1e-03_ep50,True,MNAR,0.4,2,4.338560412898586,8.893355701901847,0.6922537372192465,0.5274233818054199,7.0,DL,VaDER
VaDER_ld64_lr1e-03_ep200,True,MNAR,0.4,2,4.326710595977924,8.891606588542093,0.692374778181486,1.2848114967346191,4.0,DL,VaDER
GAIN,True,MNAR,0.4,3,6.103763443074168,12.404670323592777,0.3873729042920542,1.5562360286712646,2894.0,DL,GAIN
VAEM_ld16_lr1e-04_ep50,True,MNAR,0.4,3,4.348272142574247,8.782304951271385,0.692926192216192,0.4740774631500244,10.0,DL,VAEM
VAEM_ld16_lr1e-04_ep200,True,MNAR,0.4,3,4.253907288288203,8.645739523140774,0.7024019767752088,1.844817876815796,6.0,DL,VAEM
VAEM_ld16_lr1e-03_ep50,True,MNAR,0.4,3,4.243168113266014,8.623458726296414,0.7039338705169675,0.4675362110137939,6.0,DL,VAEM
VAEM_ld16_lr1e-03_ep200,True,MNAR,0.4,3,4.227398631825606,8.603021872263081,0.7053355100893406,1.8594510555267332,5.0,DL,VAEM
VAEM_ld32_lr1e-04_ep50,True,MNAR,0.4,3,4.34720697706616,8.789863020478617,0.6923974281199743,0.418985366821289,14.0,DL,VAEM
VAEM_ld32_lr1e-04_ep200,True,MNAR,0.4,3,4.245338756406792,8.629269385112277,0.7035347455441539,1.505033016204834,7.0,DL,VAEM
VAEM_ld32_lr1e-03_ep50,True,MNAR,0.4,3,4.2349949357884205,8.616857673664907,0.7043869602021222,0.3423249721527099,17.0,DL,VAEM
VAEM_ld32_lr1e-03_ep200,True,MNAR,0.4,3,4.227717035679229,8.610909353133648,0.7047949498098851,1.8290164470672607,6.0,DL,VAEM
VAEM_ld64_lr1e-04_ep50,True,MNAR,0.4,3,4.348468886839978,8.801855014006712,0.6915575323599935,0.4438846111297607,14.0,DL,VAEM
VAEM_ld64_lr1e-04_ep200,True,MNAR,0.4,3,4.24444881263415,8.636647151369084,0.7030275910516692,1.88425874710083,10.0,DL,VAEM
VAEM_ld64_lr1e-03_ep50,True,MNAR,0.4,3,4.2352702633330646,8.619212292641498,0.7042253813062437,0.5050878524780273,12.0,DL,VAEM
VAEM_ld64_lr1e-03_ep200,True,MNAR,0.4,3,4.227334624721401,8.62562666839862,0.7037849894406466,1.707150936126709,8.0,DL,VAEM
VaDER_ld16_lr1e-04_ep50,True,MNAR,0.4,3,4.352126121942102,8.772503993624657,0.6936111918947321,0.4247848987579345,14.0,DL,VaDER
VaDER_ld16_lr1e-04_ep200,True,MNAR,0.4,3,4.256494592597884,8.656235026431421,0.7016789994345869,1.784505844116211,13.0,DL,VaDER
VaDER_ld16_lr1e-03_ep50,True,MNAR,0.4,3,4.241287798393157,8.640997728848166,0.7027283251758002,0.5178430080413818,13.0,DL,VaDER
VaDER_ld16_lr1e-03_ep200,True,MNAR,0.4,3,4.2381448640282775,8.64787357264873,0.7022550449150424,1.894861459732056,10.0,DL,VaDER
VaDER_ld32_lr1e-04_ep50,True,MNAR,0.4,3,4.352941100671703,8.776410089855498,0.6933382822185605,0.4707863330841064,18.0,DL,VaDER
VaDER_ld32_lr1e-04_ep200,True,MNAR,0.4,3,4.255690609748775,8.654590984759002,0.7017923063354394,1.9427003860473635,12.0,DL,VaDER
VaDER_ld32_lr1e-03_ep50,True,MNAR,0.4,3,4.245887889742695,8.658969883476884,0.7014904661588051,0.4870293140411377,9.0,DL,VaDER
VaDER_ld32_lr1e-03_ep200,True,MNAR,0.4,3,4.236915223834171,8.64197626125836,0.7026609934976302,1.83797287940979,6.0,DL,VaDER
VaDER_ld64_lr1e-04_ep50,True,MNAR,0.4,3,4.358689763070485,8.802927475739004,0.6914823634563143,0.4272418022155761,15.0,DL,VaDER
VaDER_ld64_lr1e-04_ep200,True,MNAR,0.4,3,4.257124171358703,8.655937579632479,0.7016995009810094,2.054429292678833,14.0,DL,VaDER
VaDER_ld64_lr1e-03_ep50,True,MNAR,0.4,3,4.245885124966196,8.649316508123036,0.7021556765334562,0.4824597835540771,8.0,DL,VaDER
VaDER_ld64_lr1e-03_ep200,True,MNAR,0.4,3,4.238186886522133,8.655453845115634,0.7017328409200763,1.5583808422088623,7.0,DL,VaDER
GAIN,True,MNAR,0.4,4,6.076521617067189,12.325404301301148,0.3963082571053066,1.4806783199310305,2994.0,DL,GAIN
VAEM_ld16_lr1e-04_ep50,True,MNAR,0.4,4,4.308215151679283,8.633067376293486,0.7038285794477696,0.5065553188323975,12.0,DL,VAEM
VAEM_ld16_lr1e-04_ep200,True,MNAR,0.4,4,4.2198606954864815,8.50264665621482,0.7127095757097733,2.077798366546631,6.0,DL,VAEM
VAEM_ld16_lr1e-03_ep50,True,MNAR,0.4,4,4.212904454938047,8.496711170692098,0.7131105362674622,0.5253183841705322,5.0,DL,VAEM
VAEM_ld16_lr1e-03_ep200,True,MNAR,0.4,4,4.200754755684215,8.47816505353146,0.7143615800328186,2.023394823074341,7.0,DL,VAEM
VAEM_ld32_lr1e-04_ep50,True,MNAR,0.4,4,4.305511013798808,8.633029559354132,0.7038311741853361,0.4921727180480957,19.0,DL,VAEM
VAEM_ld32_lr1e-04_ep200,True,MNAR,0.4,4,4.21833793171376,8.50277419517447,0.7127009569824247,1.760332107543945,9.0,DL,VAEM
VAEM_ld32_lr1e-03_ep50,True,MNAR,0.4,4,4.208962413262033,8.490251423520006,0.7135465941470646,0.5094232559204102,11.0,DL,VAEM
VAEM_ld32_lr1e-03_ep200,True,MNAR,0.4,4,4.199453869407267,8.495419740840653,0.7131977392931506,2.111572742462158,6.0,DL,VAEM
VAEM_ld64_lr1e-04_ep50,True,MNAR,0.4,4,4.303007495644774,8.621773256807122,0.7046029988375291,0.5063004493713379,15.0,DL,VAEM
VAEM_ld64_lr1e-04_ep200,True,MNAR,0.4,4,4.212165205152548,8.487726682664137,0.7137169337634441,1.9945013523101809,9.0,DL,VAEM
VAEM_ld64_lr1e-03_ep50,True,MNAR,0.4,4,4.210330507771486,8.515577293385919,0.7118351014150965,0.5029330253601074,14.0,DL,VAEM
VAEM_ld64_lr1e-03_ep200,True,MNAR,0.4,4,4.201368832220144,8.509715075786385,0.7122317166580835,1.9695522785186768,7.0,DL,VAEM
VaDER_ld16_lr1e-04_ep50,True,MNAR,0.4,4,4.320359197290205,8.657559359319478,0.7021457210551664,0.515718936920166,14.0,DL,VaDER
VaDER_ld16_lr1e-04_ep200,True,MNAR,0.4,4,4.226858678662789,8.51951721539942,0.7115683878770231,1.900916337966919,17.0,DL,VaDER
VaDER_ld16_lr1e-03_ep50,True,MNAR,0.4,4,4.215759784113668,8.5106736103087,0.7121668845534521,0.5028553009033203,16.0,DL,VaDER
VaDER_ld16_lr1e-03_ep200,True,MNAR,0.4,4,4.210218136303094,8.520195780515918,0.7115224398684912,1.9733057022094729,7.0,DL,VaDER
VaDER_ld32_lr1e-04_ep50,True,MNAR,0.4,4,4.314221877147978,8.634959933671762,0.7036987106949733,0.479813814163208,15.0,DL,VaDER
VaDER_ld32_lr1e-04_ep200,True,MNAR,0.4,4,4.228306536042216,8.522827355840667,0.7113442121175386,1.7147328853607178,12.0,DL,VaDER
VaDER_ld32_lr1e-03_ep50,True,MNAR,0.4,4,4.216887265172167,8.520597545238113,0.7114952332543729,0.4955482482910156,7.0,DL,VaDER
VaDER_ld32_lr1e-03_ep200,True,MNAR,0.4,4,4.212971233636463,8.539478071791043,0.7102152392318708,1.9180140495300293,7.0,DL,VaDER
VaDER_ld64_lr1e-04_ep50,True,MNAR,0.4,4,4.314329612761583,8.636130107894742,0.7036183981916246,0.3404865264892578,19.0,DL,VaDER
VaDER_ld64_lr1e-04_ep200,True,MNAR,0.4,4,4.226638543619472,8.5245194015194,0.7112295864795255,2.12077260017395,17.0,DL,VaDER
VaDER_ld64_lr1e-03_ep50,True,MNAR,0.4,4,4.218660721335308,8.526694045145717,0.7110822343980772,0.4287660121917724,9.0,DL,VaDER
VaDER_ld64_lr1e-03_ep200,True,MNAR,0.4,4,4.211624476276372,8.543999888255573,0.7099082648664646,1.5368268489837646,5.0,DL,VaDER
GAIN,True,MNAR,0.4,5,6.195301821386432,12.665193818292478,0.3517306181651487,1.6031277179718018,3084.0,DL,GAIN
VAEM_ld16_lr1e-04_ep50,True,MNAR,0.4,5,4.390419257642639,8.843726635859566,0.6839160461618761,0.4508557319641113,12.0,DL,VAEM
VAEM_ld16_lr1e-04_ep200,True,MNAR,0.4,5,4.311910583267534,8.74756533312301,0.6907524845566715,2.0049283504486084,4.0,DL,VAEM
VAEM_ld16_lr1e-03_ep50,True,MNAR,0.4,5,4.302790190832359,8.742910915579374,0.6910814867592558,0.4622178077697754,6.0,DL,VAEM
VAEM_ld16_lr1e-03_ep200,True,MNAR,0.4,5,4.287803078209222,8.71647072025579,0.6929471160289826,1.948293685913086,4.0,DL,VAEM
VAEM_ld32_lr1e-04_ep50,True,MNAR,0.4,5,4.388866248972864,8.862991869918156,0.6825374273435585,0.3780245780944824,14.0,DL,VAEM
VAEM_ld32_lr1e-04_ep200,True,MNAR,0.4,5,4.3062521032957655,8.748241510762032,0.6907046736907334,1.4455084800720217,6.0,DL,VAEM
VAEM_ld32_lr1e-03_ep50,True,MNAR,0.4,5,4.297041652371409,8.732429705303897,0.6918217205616215,0.5001266002655029,5.0,DL,VAEM
VAEM_ld32_lr1e-03_ep200,True,MNAR,0.4,5,4.282236281768809,8.707738813513691,0.6935620011771406,1.9559268951416016,13.0,DL,VAEM
VAEM_ld64_lr1e-04_ep50,True,MNAR,0.4,5,4.393712797702313,8.87172479696989,0.6819115115409188,0.5302736759185791,17.0,DL,VAEM
VAEM_ld64_lr1e-04_ep200,True,MNAR,0.4,5,4.306401054964907,8.746078715190142,0.6908575866781539,1.877236604690552,10.0,DL,VAEM
VAEM_ld64_lr1e-03_ep50,True,MNAR,0.4,5,4.2955349108019405,8.725680628853667,0.6922979030399934,0.491342544555664,7.0,DL,VAEM
VAEM_ld64_lr1e-03_ep200,True,MNAR,0.4,5,4.285253085196113,8.719087269321776,0.6927627433512116,1.8897793292999268,6.0,DL,VAEM
VaDER_ld16_lr1e-04_ep50,True,MNAR,0.4,5,4.403205932804887,8.871727012214196,0.6819113526893275,0.5132274627685547,14.0,DL,VaDER
VaDER_ld16_lr1e-04_ep200,True,MNAR,0.4,5,4.313992689560923,8.748695771222419,0.6906725519700507,1.897366523742676,14.0,DL,VaDER
VaDER_ld16_lr1e-03_ep50,True,MNAR,0.4,5,4.304189085359422,8.749279226494217,0.6906312921633099,0.4697661399841308,9.0,DL,VaDER
VaDER_ld16_lr1e-03_ep200,True,MNAR,0.4,5,4.296980127401596,8.762225525099753,0.6897150697415482,1.986799716949463,8.0,DL,VaDER
VaDER_ld32_lr1e-04_ep50,True,MNAR,0.4,5,4.398625015249782,8.86517290573908,0.6823811635340709,0.5093491077423096,17.0,DL,VaDER
VaDER_ld32_lr1e-04_ep200,True,MNAR,0.4,5,4.316792046137106,8.770095412504206,0.6891574479204243,1.902261018753052,7.0,DL,VaDER
VaDER_ld32_lr1e-03_ep50,True,MNAR,0.4,5,4.306483675735472,8.767857704593412,0.6893160519187644,0.5137917995452881,12.0,DL,VaDER
VaDER_ld32_lr1e-03_ep200,True,MNAR,0.4,5,4.296811711098531,8.761709036671595,0.6897516480862254,1.9786946773529053,6.0,DL,VaDER
VaDER_ld64_lr1e-04_ep50,True,MNAR,0.4,5,4.400390675512148,8.867274286100217,0.6822305703992582,0.5047767162322998,14.0,DL,VaDER
VaDER_ld64_lr1e-04_ep200,True,MNAR,0.4,5,4.312649110066401,8.750780033554902,0.6905251479767716,2.0387001037597656,20.0,DL,VaDER
VaDER_ld64_lr1e-03_ep50,True,MNAR,0.4,5,4.304836282291647,8.75545104102418,0.69019467568825,0.5043797492980957,8.0,DL,VaDER
VaDER_ld64_lr1e-03_ep200,True,MNAR,0.4,5,4.296262719884948,8.75111431233078,0.6905015037187263,1.9812612533569336,6.0,DL,VaDER
HyperImpute,False,MCAR,0.1,1,2.091860268982631,5.94523813356142,0.926775943259544,176.35904717445374,7.0,Advanced_ML,HyperImpute
HyperImpute_Constrained,True,MCAR,0.1,1,2.088943960374466,5.952772650327906,0.92659022909102,104.72563409805298,7.0,Advanced_ML,HyperImpute
EM,False,MCAR,0.1,1,2.070585380593972,5.909400954437688,0.9276560542216176,7.068271398544312,406.0,Advanced_ML,EM
EM_Constrained,True,MCAR,0.1,1,2.057361706550566,5.907103868881206,0.9277122859566692,6.440160512924194,406.0,Advanced_ML,EM
HyperImpute,False,MCAR,0.1,2,1.99157912945548,5.126752119285322,0.9393188773056524,42.871546268463135,7.0,Advanced_ML,HyperImpute
HyperImpute_Constrained,True,MCAR,0.1,2,1.9910700073142669,5.13862858263737,0.9390374079225492,105.96920609474182,7.0,Advanced_ML,HyperImpute
EM,False,MCAR,0.1,2,1.981205136494012,5.072639289244365,0.940593094538101,8.743105411529541,397.0,Advanced_ML,EM
EM_Constrained,True,MCAR,0.1,2,1.9689964927300243,5.071383828202717,0.9406224969149044,9.032333135604858,397.0,Advanced_ML,EM
HyperImpute,False,MCAR,0.1,3,2.1400585402685923,5.766346421766626,0.931591999576561,42.14554715156555,5.0,Advanced_ML,HyperImpute
HyperImpute_Constrained,True,MCAR,0.1,3,2.141001454088844,5.779827725678244,0.9312717596780864,105.81151485443117,5.0,Advanced_ML,HyperImpute
EM,False,MCAR,0.1,3,2.131772926366891,5.707413990565858,0.93298312270625,4.014782667160034,373.0,Advanced_ML,EM
EM_Constrained,True,MCAR,0.1,3,2.119731020959865,5.705973244485945,0.9330169531298386,3.9773104190826416,373.0,Advanced_ML,EM
HyperImpute,False,MCAR,0.1,4,2.102952285601237,5.400359982315293,0.933368411083067,41.36924052238464,6.0,Advanced_ML,HyperImpute
HyperImpute_Constrained,True,MCAR,0.1,4,2.1014743212929106,5.399983149292972,0.933377709762071,41.46794962882996,6.0,Advanced_ML,HyperImpute
EM,False,MCAR,0.1,4,2.0904021533715853,5.413958900142716,0.9330324118625076,6.026377201080322,391.0,Advanced_ML,EM
EM_Constrained,True,MCAR,0.1,4,2.078464931456669,5.412470939826602,0.9330692172473776,6.04032826423645,391.0,Advanced_ML,EM
HyperImpute,False,MCAR,0.1,5,2.144733269053323,6.025522943759981,0.921528904966976,37.30183506011963,7.0,Advanced_ML,HyperImpute
HyperImpute_Constrained,True,MCAR,0.1,5,2.122504673893695,5.856294660723376,0.9258747681891464,65.73939943313599,7.0,Advanced_ML,HyperImpute
EM,False,MCAR,0.1,5,2.099339313806818,5.831435780910817,0.9265027281670074,3.2799222469329834,344.0,Advanced_ML,EM
EM_Constrained,True,MCAR,0.1,5,2.088344330473516,5.830268551756678,0.9265321478762903,3.341618299484253,344.0,Advanced_ML,EM
HyperImpute,False,MCAR,0.2,1,2.198726007621575,6.020712945734347,0.9217125768286688,138.21881198883057,16.0,Advanced_ML,HyperImpute
HyperImpute_Constrained,True,MCAR,0.2,1,2.197244152067717,6.0206742230672345,0.9217135838483042,137.56755828857422,16.0,Advanced_ML,HyperImpute
EM,False,MCAR,0.2,1,2.248702938494371,6.316661049832354,0.9138269821986732,9.319453954696655,826.0,Advanced_ML,EM
EM_Constrained,True,MCAR,0.2,1,2.227874473079483,6.269019288965304,0.915121955031232,9.18144416809082,826.0,Advanced_ML,EM
HyperImpute,False,MCAR,0.2,2,2.3189355394276103,5.954712015693611,0.9200305594738244,39.786484479904175,9.0,Advanced_ML,HyperImpute
HyperImpute_Constrained,True,MCAR,0.2,2,2.170537964163252,5.446017142758016,0.933110100999062,94.07464146614076,9.0,Advanced_ML,HyperImpute
EM,False,MCAR,0.2,2,2.2891846491013768,5.737060372241451,0.925769673254352,9.42564868927002,969.0,Advanced_ML,EM
EM_Constrained,True,MCAR,0.2,2,2.2560600986235646,5.722063794769525,0.9261572396488844,9.34065580368042,969.0,Advanced_ML,EM
HyperImpute,False,MCAR,0.2,3,2.669990033148627,7.022739695514129,0.8993146690662741,40.17637085914612,51.0,Advanced_ML,HyperImpute
HyperImpute_Constrained,True,MCAR,0.2,3,2.288379542968473,6.025364950378926,0.9258826687661864,91.32540607452393,51.0,Advanced_ML,HyperImpute
EM,False,MCAR,0.2,3,2.5587132074052703,7.101474515707148,0.8970443641213972,9.347460508346558,951.0,Advanced_ML,EM
EM_Constrained,True,MCAR,0.2,3,2.527396653168364,7.082157532838208,0.8976037091860135,9.72658348083496,951.0,Advanced_ML,EM
HyperImpute,False,MCAR,0.2,4,2.2962351624997006,5.837795702938362,0.9232314180243656,38.56243848800659,15.0,Advanced_ML,HyperImpute
HyperImpute_Constrained,True,MCAR,0.2,4,2.231116167080326,5.652017643290615,0.9280397354438416,93.85652685165404,15.0,Advanced_ML,HyperImpute
EM,False,MCAR,0.2,4,2.223164457446445,5.623148032893984,0.9287729812516454,6.333577632904053,812.0,Advanced_ML,EM
EM_Constrained,True,MCAR,0.2,4,2.2087170979415465,5.62118178283754,0.928822784544428,6.393511056900024,812.0,Advanced_ML,EM
HyperImpute,False,MCAR,0.2,5,2.4458957435812154,6.445803513077296,0.9100361043019184,39.055543661117554,5.0,Advanced_ML,HyperImpute
HyperImpute_Constrained,True,MCAR,0.2,5,2.416614288346505,6.394573876222223,0.9114604427358136,38.13189768791199,4.0,Advanced_ML,HyperImpute
EM,False,MCAR,0.2,5,2.5170815221209764,6.637391039424215,0.9046086627221004,9.746668815612791,958.0,Advanced_ML,EM
EM_Constrained,True,MCAR,0.2,5,2.477586708019281,6.621099974232418,0.9050763523170692,9.853473663330078,958.0,Advanced_ML,EM
HyperImpute,False,MCAR,0.3,1,2.6006823313883536,6.732078984110523,0.9018299858299416,106.54246950149536,44.0,Advanced_ML,HyperImpute
HyperImpute_Constrained,True,MCAR,0.3,1,2.6012716094878825,6.702019510910601,0.9027047084181676,126.8390326499939,48.0,Advanced_ML,HyperImpute
EM,False,MCAR,0.3,1,2.5051324186131483,6.418818813710959,0.910753605061685,6.915254592895508,1317.0,Advanced_ML,EM
EM_Constrained,True,MCAR,0.3,1,2.4778097012009948,6.390507642345477,0.9115391383268964,7.121889591217041,1317.0,Advanced_ML,EM
HyperImpute,False,MCAR,0.3,2,2.8682466267628817,6.991977353638471,0.891253709354602,42.87135124206543,77.0,Advanced_ML,HyperImpute
HyperImpute_Constrained,True,MCAR,0.3,2,2.6894824939242183,6.660434736382154,0.9013221723053464,126.71641874313354,77.0,Advanced_ML,HyperImpute
EM,False,MCAR,0.3,2,2.5158919972074725,6.365368648940224,0.909871623601172,5.476855278015137,1399.0,Advanced_ML,EM
EM_Constrained,True,MCAR,0.3,2,2.4700133431864693,6.063568523586795,0.9182154994710944,5.518782138824463,1399.0,Advanced_ML,EM
HyperImpute,False,MCAR,0.3,3,2.766962737241628,6.990003802603052,0.8999439129806498,119.92340469360352,55.0,Advanced_ML,HyperImpute
HyperImpute_Constrained,True,MCAR,0.3,3,2.764883815107059,6.989740692952251,0.8999514452302446,119.64444255828856,55.0,Advanced_ML,HyperImpute
EM,False,MCAR,0.3,3,2.458204549211773,6.192982663622208,0.9214604481085082,2.639824390411377,1194.0,Advanced_ML,EM
EM_Constrained,True,MCAR,0.3,3,2.436826301767347,6.18616397688421,0.9216333023882188,2.707031488418579,1194.0,Advanced_ML,EM
HyperImpute,False,MCAR,0.3,4,2.622204197158618,6.480298598192607,0.907572869038153,38.58583855628967,47.0,Advanced_ML,HyperImpute
HyperImpute_Constrained,True,MCAR,0.3,4,2.4876579427183616,6.3421489739239245,0.9114716611346516,89.68176126480103,47.0,Advanced_ML,HyperImpute
EM,False,MCAR,0.3,4,2.530405572686176,6.180526238018175,0.9159262641620732,3.498866319656372,1353.0,Advanced_ML,EM
EM_Constrained,True,MCAR,0.3,4,2.504233703226036,6.171747873072227,0.9161649188608578,3.5569119453430176,1353.0,Advanced_ML,EM
HyperImpute,False,MCAR,0.3,5,2.847758181194543,7.029146402487274,0.8919043990277914,38.16973280906677,3.0,Advanced_ML,HyperImpute
HyperImpute_Constrained,True,MCAR,0.3,5,2.5234578767826514,6.60541846595237,0.9045439377079776,89.58972692489624,3.0,Advanced_ML,HyperImpute
EM,False,MCAR,0.3,5,2.620284976517227,6.568103037642008,0.9056193949743016,5.698708295822144,1291.0,Advanced_ML,EM
EM_Constrained,True,MCAR,0.3,5,2.5965773275955764,6.560480789843896,0.9058383242235122,5.696653604507446,1291.0,Advanced_ML,EM
HyperImpute,False,MCAR,0.4,1,2.6563827956193955,6.858615732312864,0.8995261659691758,76.3436017036438,33.0,Advanced_ML,HyperImpute
HyperImpute_Constrained,True,MCAR,0.4,1,2.6545644267238906,6.858521955450456,0.8995289134788376,75.99177670478821,33.0,Advanced_ML,HyperImpute
EM,False,MCAR,0.4,1,2.630526363717254,6.457364139728278,0.9109383806177024,8.902777194976807,1423.0,Advanced_ML,EM
EM_Constrained,True,MCAR,0.4,1,2.612627305689036,6.444769437136154,0.9112854605330872,8.899417400360107,1423.0,Advanced_ML,EM
HyperImpute,False,MCAR,0.4,2,2.6856259945167738,6.950726325646996,0.8954753992379075,86.85594129562378,14.0,Advanced_ML,HyperImpute
HyperImpute_Constrained,True,MCAR,0.4,2,2.684485238194434,6.950634100130926,0.8954781729829359,84.3628900051117,14.0,Advanced_ML,HyperImpute
EM,False,MCAR,0.4,2,2.5667560636498403,6.1833274510696645,0.9172815036478068,2.287614345550537,1579.0,Advanced_ML,EM
EM_Constrained,True,MCAR,0.4,2,2.5404617557200373,6.1764913037128455,0.9174643059483508,2.3533551692962646,1579.0,Advanced_ML,EM
HyperImpute,False,MCAR,0.4,3,2.87327839740679,7.254445689460688,0.8891776786273867,106.9054205417633,54.0,Advanced_ML,HyperImpute
HyperImpute_Constrained,True,MCAR,0.4,3,2.8718992656083797,7.254386062858936,0.8891795003878763,105.5817530155182,54.0,Advanced_ML,HyperImpute
EM,False,MCAR,0.4,3,2.5681459602336774,6.299675347365244,0.9164290934874249,8.609716176986694,1401.0,Advanced_ML,EM
EM_Constrained,True,MCAR,0.4,3,2.5519940457469543,6.29653935991381,0.9165122762130252,8.670437335968018,1401.0,Advanced_ML,EM
HyperImpute,False,MCAR,0.4,4,2.851576453475968,6.859711118653712,0.8980331926233673,38.77271723747253,106.0,Advanced_ML,HyperImpute
HyperImpute_Constrained,True,MCAR,0.4,4,2.844172177981886,6.85864753042938,0.898064809782213,38.58119583129883,106.0,Advanced_ML,HyperImpute
EM,False,MCAR,0.4,4,2.5690812250510096,6.321325483398208,0.9134108506245984,2.1972908973693848,1520.0,Advanced_ML,EM
EM_Constrained,True,MCAR,0.4,4,2.546261822087913,6.317371842544231,0.9135191302381778,2.260319948196411,1520.0,Advanced_ML,EM
HyperImpute,False,MCAR,0.4,5,2.862597354152233,7.0726173307858895,0.8916979711257265,102.9782063961029,5.0,Advanced_ML,HyperImpute
HyperImpute_Constrained,True,MCAR,0.4,5,2.876988448851748,6.880360464826927,0.8975059500578214,36.7865264415741,5.0,Advanced_ML,HyperImpute
EM,False,MCAR,0.4,5,2.6735543755935183,6.696182718906647,0.902919755316596,8.80374526977539,1518.0,Advanced_ML,EM
EM_Constrained,True,MCAR,0.4,5,2.655475790200575,6.692766804712059,0.9030187768683936,8.52979564666748,1518.0,Advanced_ML,EM
HyperImpute,False,MAR,0.1,1,2.0843542106460045,5.651621525831335,0.925945492391927,107.20309615135191,12.0,Advanced_ML,HyperImpute
HyperImpute_Constrained,True,MAR,0.1,1,2.081986731284622,5.648940296605962,0.9260157412610912,124.144926071167,11.0,Advanced_ML,HyperImpute
EM,False,MAR,0.1,1,2.0697824864874463,5.603124402619198,0.9272109774754748,4.364085674285889,596.0,Advanced_ML,EM
EM_Constrained,True,MAR,0.1,1,2.055898783686689,5.601667979426647,0.9272488127384894,4.41905689239502,596.0,Advanced_ML,EM
HyperImpute,False,MAR,0.1,2,2.111070446358547,5.937220861079443,0.9187038940650384,43.96500754356384,13.0,Advanced_ML,HyperImpute
HyperImpute_Constrained,True,MAR,0.1,2,2.0981030476901386,5.807571954058212,0.9222155952480672,91.28035831451416,13.0,Advanced_ML,HyperImpute
EM,False,MAR,0.1,2,2.123218306042021,6.2170513095741,0.9108600805502076,4.398231983184815,631.0,Advanced_ML,EM
EM_Constrained,True,MAR,0.1,2,2.09716328713696,6.023944171849145,0.9163116104495882,4.460997819900513,631.0,Advanced_ML,EM
HyperImpute,False,MAR,0.1,3,2.1173569175560663,5.493970803527846,0.9290872015063582,39.14602589607239,14.0,Advanced_ML,HyperImpute
HyperImpute_Constrained,True,MAR,0.1,3,2.116312273318944,5.493848947372921,0.9290903471601804,40.43652105331421,14.0,Advanced_ML,HyperImpute
EM,False,MAR,0.1,3,2.0933592142042308,5.399992142561017,0.9314924894640318,4.59160852432251,611.0,Advanced_ML,EM
EM_Constrained,True,MAR,0.1,3,2.079219051013665,5.395326145688024,0.9316108295349934,4.672397375106812,611.0,Advanced_ML,EM
HyperImpute,False,MAR,0.1,4,2.173726387105118,6.071366621862035,0.91600436759188,39.91679668426514,10.0,Advanced_ML,HyperImpute
HyperImpute_Constrained,True,MAR,0.1,4,2.188015933855396,5.828300890205078,0.9225952315651932,57.88019108772278,3.0,Advanced_ML,HyperImpute
EM,False,MAR,0.1,4,2.1372831736514644,5.941841591668929,0.9195500227379274,8.907266855239868,628.0,Advanced_ML,EM
EM_Constrained,True,MAR,0.1,4,2.123618976217752,5.940009982586929,0.9195996134903932,8.92514443397522,628.0,Advanced_ML,EM
HyperImpute,False,MAR,0.1,5,2.0950691094735188,5.262805123911634,0.9364138709320028,108.87764263153076,2.0,Advanced_ML,HyperImpute
HyperImpute_Constrained,True,MAR,0.1,5,2.096523885156412,5.27047002477955,0.9362285187167756,125.47408390045166,2.0,Advanced_ML,HyperImpute
EM,False,MAR,0.1,5,2.063029456788173,5.138063102727451,0.9393924571816016,3.294795513153076,547.0,Advanced_ML,EM
EM_Constrained,True,MAR,0.1,5,2.0535247592908905,5.137330108100529,0.9394097484579133,3.386014699935913,547.0,Advanced_ML,EM
HyperImpute,False,MAR,0.2,1,2.522512274263581,6.353839635589493,0.9082484221254123,36.7253623008728,47.0,Advanced_ML,HyperImpute
HyperImpute_Constrained,True,MAR,0.2,1,2.400995151921771,6.238493888157807,0.9115494473902628,88.06152296066284,48.0,Advanced_ML,HyperImpute
EM,False,MAR,0.2,1,2.4460248821101658,6.207834251189603,0.9124167073530732,2.835500240325928,1229.0,Advanced_ML,EM
EM_Constrained,True,MAR,0.2,1,2.4245097463663776,6.20236148900974,0.9125710643250275,2.9483354091644287,1229.0,Advanced_ML,EM
HyperImpute,False,MAR,0.2,2,2.763931793828316,6.987340467124006,0.8894205339091582,41.76996970176697,76.0,Advanced_ML,HyperImpute
HyperImpute_Constrained,True,MAR,0.2,2,2.7596580969456097,6.986212110543274,0.8894562450625798,40.71644735336304,76.0,Advanced_ML,HyperImpute
EM,False,MAR,0.2,2,2.4382856398650232,6.343916461669469,0.9088481286936833,5.950555562973023,1289.0,Advanced_ML,EM
EM_Constrained,True,MAR,0.2,2,2.4099271488219043,6.260123283920932,0.9112401723572816,6.058307886123657,1289.0,Advanced_ML,EM
HyperImpute,False,MAR,0.2,3,2.6883638715103837,6.851893158587601,0.888647791611123,38.48834729194641,86.0,Advanced_ML,HyperImpute
HyperImpute_Constrained,True,MAR,0.2,3,2.6302439093843377,6.903951181866341,0.8869493422781701,105.9934606552124,86.0,Advanced_ML,HyperImpute
EM,False,MAR,0.2,3,2.392053057915032,6.148271332332704,0.9103430996098594,4.300772428512573,1325.0,Advanced_ML,EM
EM_Constrained,True,MAR,0.2,3,2.366022048410479,6.142036814241337,0.9105248365999732,4.327384471893311,1325.0,Advanced_ML,EM
HyperImpute,False,MAR,0.2,4,2.7936396362988303,7.237593343687903,0.8758735121782185,39.85189628601074,91.0,Advanced_ML,HyperImpute
HyperImpute_Constrained,True,MAR,0.2,4,2.3749265402391773,6.355381680388748,0.9042895436664244,87.5904369354248,91.0,Advanced_ML,HyperImpute
EM,False,MAR,0.2,4,2.419816812423204,6.25168432595895,0.9073873753311844,8.659599781036377,1222.0,Advanced_ML,EM
EM_Constrained,True,MAR,0.2,4,2.397899162369538,6.23083966545065,0.908003932493368,8.495609760284424,1222.0,Advanced_ML,EM
HyperImpute,False,MAR,0.2,5,2.571076955628258,6.331875532183517,0.9059509176545006,39.25601673126221,14.0,Advanced_ML,HyperImpute
HyperImpute_Constrained,True,MAR,0.2,5,2.82986399159198,6.924806930073253,0.8875122674204958,40.2790150642395,28.0,Advanced_ML,HyperImpute
EM,False,MAR,0.2,5,2.471612456516012,6.0536146100120085,0.9140354563128932,3.2343058586120605,1234.0,Advanced_ML,EM
EM_Constrained,True,MAR,0.2,5,2.447776305331512,6.043965552463564,0.914309281396653,3.3058435916900635,1234.0,Advanced_ML,EM
HyperImpute,False,MAR,0.3,1,2.6908449401360963,6.848129112856308,0.8894259502735984,79.4664077758789,21.0,Advanced_ML,HyperImpute
HyperImpute_Constrained,True,MAR,0.3,1,2.488256609206016,6.377918237638503,0.9040892623848223,46.52825522422791,21.0,Advanced_ML,HyperImpute
EM,False,MAR,0.3,1,2.606853488918315,6.350169487299544,0.9049220148471327,4.105036973953247,1418.0,Advanced_ML,EM
EM_Constrained,True,MAR,0.3,1,2.5844584657933773,6.346246421998222,0.9050394548393846,4.163669586181641,1418.0,Advanced_ML,EM
HyperImpute,False,MAR,0.3,2,2.7215804154752377,6.914646172573182,0.8884176283726414,83.85158371925354,4.0,Advanced_ML,HyperImpute
HyperImpute_Constrained,True,MAR,0.3,2,2.7197770307944134,6.914728465752953,0.8884149724094641,82.87355828285217,4.0,Advanced_ML,HyperImpute
EM,False,MAR,0.3,2,2.603524498902814,6.276019276299983,0.9080769974039772,3.3947947025299072,1664.0,Advanced_ML,EM
EM_Constrained,True,MAR,0.3,2,2.568297953328822,6.266516817572656,0.9083551460918996,3.500436544418335,1664.0,Advanced_ML,EM
HyperImpute,False,MAR,0.3,3,2.783593888034407,6.657237150277973,0.8939297749388367,34.4333918094635,71.0,Advanced_ML,HyperImpute
HyperImpute_Constrained,True,MAR,0.3,3,2.742365517303144,6.805863333407391,0.8891407638102921,99.7898244857788,71.0,Advanced_ML,HyperImpute
EM,False,MAR,0.3,3,2.565249625259552,6.240658396325351,0.906789195688221,2.4247288703918457,1458.0,Advanced_ML,EM
EM_Constrained,True,MAR,0.3,3,2.526514585092797,6.223328257571639,0.907306164626282,2.50310492515564,1458.0,Advanced_ML,EM
HyperImpute,False,MAR,0.3,4,2.634969218902534,6.719460150885091,0.8912460643257962,81.01024580001831,19.0,Advanced_ML,HyperImpute
HyperImpute_Constrained,True,MAR,0.3,4,2.63892458625247,6.7217194305537245,0.8911729195025685,79.10355067253113,19.0,Advanced_ML,HyperImpute
EM,False,MAR,0.3,4,2.543545642389865,6.317081863737397,0.903881003724886,2.086958169937134,1567.0,Advanced_ML,EM
EM_Constrained,True,MAR,0.3,4,2.5176746628997364,6.311173752648025,0.9040607120654276,2.141655683517456,1567.0,Advanced_ML,EM
HyperImpute,False,MAR,0.3,5,2.8353259849612185,7.0129384487464606,0.8855929887395928,96.84093594551086,21.0,Advanced_ML,HyperImpute
HyperImpute_Constrained,True,MAR,0.3,5,2.833595172595493,7.012787302601552,0.8855979201937855,100.61136603355408,21.0,Advanced_ML,HyperImpute
EM,False,MAR,0.3,5,2.538045971006653,6.103723905641043,0.913335278206826,4.544642925262451,1427.0,Advanced_ML,EM
EM_Constrained,True,MAR,0.3,5,2.521767628637785,6.099726414343474,0.913448759101328,4.835657596588135,1427.0,Advanced_ML,EM
HyperImpute,False,MAR,0.4,1,2.912423617418721,7.255253434273352,0.8756567512303137,69.23071455955505,9.0,Advanced_ML,HyperImpute
HyperImpute_Constrained,True,MAR,0.4,1,2.9110704389231863,7.255151787507669,0.8756602353265343,69.14680552482605,9.0,Advanced_ML,HyperImpute
EM,False,MAR,0.4,1,2.8001973622877414,6.779474855634375,0.8914301734664708,2.4745609760284424,1394.0,Advanced_ML,EM
EM_Constrained,True,MAR,0.4,1,2.7688065223658933,6.762989791926254,0.8919575312686253,2.530081272125244,1394.0,Advanced_ML,EM
HyperImpute,False,MAR,0.4,2,2.9595481487867623,7.511856805363023,0.8669554560212446,88.14704012870789,7.0,Advanced_ML,HyperImpute
HyperImpute_Constrained,True,MAR,0.4,2,2.957026494506372,7.511494814668252,0.866968278344071,92.74191045761108,7.0,Advanced_ML,HyperImpute
EM,False,MAR,0.4,2,2.7927406854916,6.708790793392033,0.8938815333132759,4.711890697479248,1695.0,Advanced_ML,EM
EM_Constrained,True,MAR,0.4,2,2.751508385135304,6.681741105200251,0.8947355425338672,4.789179563522339,1695.0,Advanced_ML,EM
HyperImpute,False,MAR,0.4,3,2.920178894780523,7.137213047165811,0.8793552338413512,72.70351028442383,64.0,Advanced_ML,HyperImpute
HyperImpute_Constrained,True,MAR,0.4,3,2.9179675978163453,7.136895887305192,0.8793659559052144,72.93261742591858,63.0,Advanced_ML,HyperImpute
EM,False,MAR,0.4,3,2.7794739990224104,6.6517685163957205,0.895208653934497,5.803762674331665,1524.0,Advanced_ML,EM
EM_Constrained,True,MAR,0.4,3,2.7414277650914967,6.628437170143273,0.8959424844458824,5.830302715301514,1524.0,Advanced_ML,EM
HyperImpute,False,MAR,0.4,4,2.9102422581571306,7.064520797565511,0.8812091240765274,108.77198457717896,169.0,Advanced_ML,HyperImpute
HyperImpute_Constrained,True,MAR,0.4,4,2.905741270427312,7.063440791428555,0.8812454421997206,107.92273688316344,169.0,Advanced_ML,HyperImpute
EM,False,MAR,0.4,4,2.864930232183853,7.234339051914276,0.8754294486470513,2.037402629852295,1627.0,Advanced_ML,EM
EM_Constrained,True,MAR,0.4,4,2.82943156785528,7.218378157698422,0.8759785144465656,2.102226972579956,1627.0,Advanced_ML,EM
HyperImpute,False,MAR,0.4,5,2.9991931063382995,7.343201564378454,0.8756364808475523,93.3554549217224,28.0,Advanced_ML,HyperImpute
HyperImpute_Constrained,True,MAR,0.4,5,2.989881668773648,7.340653737843271,0.8757227652025164,93.3035008907318,28.0,Advanced_ML,HyperImpute
EM,False,MAR,0.4,5,2.910920396336706,6.994133685322142,0.8871789954288656,3.3689494132995605,1523.0,Advanced_ML,EM
EM_Constrained,True,MAR,0.4,5,2.866840242867944,6.966057876524479,0.8880829482365002,3.402197360992432,1523.0,Advanced_ML,EM
HyperImpute,False,MNAR,0.1,1,1.692051613711035,3.908692445996825,0.9410472881408268,40.738258361816406,6.0,Advanced_ML,HyperImpute
HyperImpute_Constrained,True,MNAR,0.1,1,1.6875815043154427,3.8679833706666913,0.9422688796956878,74.23702597618103,6.0,Advanced_ML,HyperImpute
EM,False,MNAR,0.1,1,1.6773566899228691,3.8512545112875785,0.9427671689756189,3.096621036529541,609.0,Advanced_ML,EM
EM_Constrained,True,MNAR,0.1,1,1.6616569140155597,3.8485266555877633,0.942848216651225,3.17061710357666,609.0,Advanced_ML,EM
HyperImpute,False,MNAR,0.1,2,1.669041260525553,4.353570053642477,0.9272479362525226,40.75027203559876,4.0,Advanced_ML,HyperImpute
HyperImpute_Constrained,True,MNAR,0.1,2,1.6654975944520694,4.189039224292426,0.9326429440047582,73.99899053573608,4.0,Advanced_ML,HyperImpute
EM,False,MNAR,0.1,2,1.6606028999244298,4.207422454214144,0.9320504658087164,4.391900300979614,646.0,Advanced_ML,EM
EM_Constrained,True,MNAR,0.1,2,1.6439443819161663,4.205415163666231,0.9321152855045988,4.488985300064087,646.0,Advanced_ML,EM
HyperImpute,False,MNAR,0.1,3,1.62210555763529,3.686230182124891,0.9434110716944236,41.29036211967468,8.0,Advanced_ML,HyperImpute
HyperImpute_Constrained,True,MNAR,0.1,3,1.621526894077265,3.689338872146097,0.9433155857340664,106.168110370636,8.0,Advanced_ML,HyperImpute
EM,False,MNAR,0.1,3,1.6262087226349795,3.644214345353064,0.9446937268072082,4.030797719955444,685.0,Advanced_ML,EM
EM_Constrained,True,MNAR,0.1,3,1.609131496114105,3.641837562602448,0.9447658455779668,4.081525087356567,685.0,Advanced_ML,EM
HyperImpute,False,MNAR,0.1,4,1.6432543998242677,3.8016879533677375,0.9406954071170044,106.1646032333374,9.0,Advanced_ML,HyperImpute
HyperImpute_Constrained,True,MNAR,0.1,4,1.642393316967487,3.801638479313888,0.9406969506521744,104.23066020011902,9.0,Advanced_ML,HyperImpute
EM,False,MNAR,0.1,4,1.651833629913315,3.7791502117249074,0.9413964797545996,4.521746873855591,660.0,Advanced_ML,EM
EM_Constrained,True,MNAR,0.1,4,1.6298694410607673,3.767598943054372,0.9417541847421254,4.582906484603882,660.0,Advanced_ML,EM
HyperImpute,False,MNAR,0.1,5,1.6837142565616756,3.834437754384287,0.9421078071202106,40.41044449806213,8.0,Advanced_ML,HyperImpute
HyperImpute_Constrained,True,MNAR,0.1,5,1.6850173472510266,3.7914963324400217,0.9433972024258772,70.6195797920227,8.0,Advanced_ML,HyperImpute
EM,False,MNAR,0.1,5,1.676160291452523,3.760693035427432,0.944313183901394,3.121007204055786,628.0,Advanced_ML,EM
EM_Constrained,True,MNAR,0.1,5,1.6607492535439017,3.758555382135365,0.9443764729135682,3.184762954711914,628.0,Advanced_ML,EM
HyperImpute,False,MNAR,0.2,1,1.8904903245469944,4.2517394956230365,0.9302595569427522,90.54594135284424,9.0,Advanced_ML,HyperImpute
HyperImpute_Constrained,True,MNAR,0.2,1,1.8893763566138584,4.251260588834145,0.9302752668848452,89.56811356544495,9.0,Advanced_ML,HyperImpute
EM,False,MNAR,0.2,1,1.9456082037070197,4.2765081928540845,0.9294446380678596,5.298614978790283,1308.0,Advanced_ML,EM
EM_Constrained,True,MNAR,0.2,1,1.9171652507761527,4.267397212295026,0.9297449502561592,5.325843334197998,1308.0,Advanced_ML,EM
HyperImpute,False,MNAR,0.2,2,2.0912148594432907,5.140566538014586,0.8963887739388829,38.903374433517456,19.0,Advanced_ML,HyperImpute
HyperImpute_Constrained,True,MNAR,0.2,2,1.856666097213487,4.408257799377233,0.9238063441115107,93.37355828285216,19.0,Advanced_ML,HyperImpute
EM,False,MNAR,0.2,2,1.983541796655215,4.728185940439132,0.9123455563543444,7.28420352935791,1364.0,Advanced_ML,EM
EM_Constrained,True,MNAR,0.2,2,1.9494865486476096,4.7155541917814325,0.9128132832529736,7.28417706489563,1364.0,Advanced_ML,EM
HyperImpute,False,MNAR,0.2,3,2.228836763852129,5.353773442303455,0.8827807001205583,39.06700873374939,54.0,Advanced_ML,HyperImpute
HyperImpute_Constrained,True,MNAR,0.2,3,1.844261272536992,4.299221286953538,0.9244109749316092,90.40338611602785,54.0,Advanced_ML,HyperImpute
EM,False,MNAR,0.2,3,1.9796791848847124,4.548542187701103,0.915389629000678,6.299038648605347,1374.0,Advanced_ML,EM
EM_Constrained,True,MNAR,0.2,3,1.946239255291256,4.538207445467542,0.9157736786352568,6.375629663467407,1374.0,Advanced_ML,EM
HyperImpute,False,MNAR,0.2,4,1.874083414169694,4.2904198441832095,0.9238882022025394,139.0636441707611,20.0,Advanced_ML,HyperImpute
HyperImpute_Constrained,True,MNAR,0.2,4,1.872911872903096,4.2902902171971045,0.923892801283408,138.86594581604004,20.0,Advanced_ML,HyperImpute
EM,False,MNAR,0.2,4,1.9066423243142037,4.215036971761858,0.92653928151569,6.211993932723999,1432.0,Advanced_ML,EM
EM_Constrained,True,MNAR,0.2,4,1.8726874618602665,4.203331487976688,0.9269467271726448,6.286865472793579,1432.0,Advanced_ML,EM
HyperImpute,False,MNAR,0.2,5,2.026179885200224,4.613781712462358,0.9176063279434612,130.36860537528992,23.0,Advanced_ML,HyperImpute
HyperImpute_Constrained,True,MNAR,0.2,5,2.0254412951287546,4.61369286656164,0.9176095011623004,128.4080889225006,23.0,Advanced_ML,HyperImpute
EM,False,MNAR,0.2,5,2.1953077172943187,5.143022272644148,0.8976196565345768,9.91287326812744,1436.0,Advanced_ML,EM
EM_Constrained,True,MNAR,0.2,5,2.151980363029457,5.128523000378633,0.8981961066914878,9.96302080154419,1436.0,Advanced_ML,EM
HyperImpute,False,MNAR,0.3,1,2.681156059694492,5.944875359505897,0.8612754989301692,34.431771993637085,104.0,Advanced_ML,HyperImpute
HyperImpute_Constrained,True,MNAR,0.3,1,2.660509186249489,5.882089567479852,0.8641902559058172,35.17043423652649,97.0,Advanced_ML,HyperImpute
EM,False,MNAR,0.3,1,2.307789830028,5.006566632244606,0.901610746522454,2.6559083461761475,1644.0,Advanced_ML,EM
EM_Constrained,True,MNAR,0.3,1,2.280021371950024,4.998985898531787,0.9019084747296237,2.677114248275757,1644.0,Advanced_ML,EM
HyperImpute,False,MNAR,0.3,2,2.4631617601531026,5.650492527953356,0.8753733021948641,38.31081819534302,45.0,Advanced_ML,HyperImpute
HyperImpute_Constrained,True,MNAR,0.3,2,2.1664341939274943,4.9859737089753935,0.9029627576236712,83.97663831710815,45.0,Advanced_ML,HyperImpute
EM,False,MNAR,0.3,2,2.2444659161796863,4.905348213956113,0.9060756579044156,4.936600923538208,1746.0,Advanced_ML,EM
EM_Constrained,True,MNAR,0.3,2,2.217757777987241,4.900677061287831,0.9062544529778078,5.001893043518066,1746.0,Advanced_ML,EM
HyperImpute,False,MNAR,0.3,3,2.1966283134786995,5.008756244173372,0.8989885251866196,85.68290448188782,37.0,Advanced_ML,HyperImpute
HyperImpute_Constrained,True,MNAR,0.3,3,2.1951902849428864,5.008506832283295,0.8989985847041397,85.11912250518799,37.0,Advanced_ML,HyperImpute
EM,False,MNAR,0.3,3,2.2552811374558464,4.922828776966027,0.902424591160679,2.6034181118011475,1640.0,Advanced_ML,EM
EM_Constrained,True,MNAR,0.3,3,2.227669826637669,4.915596082379882,0.9027110990715984,2.6903531551361084,1640.0,Advanced_ML,EM
HyperImpute,False,MNAR,0.3,4,2.177785935731697,4.877221921999175,0.9036096510037944,87.74779272079468,22.0,Advanced_ML,HyperImpute
HyperImpute_Constrained,True,MNAR,0.3,4,2.176777009992618,4.877160798724999,0.9036120669926117,86.34659385681152,22.0,Advanced_ML,HyperImpute
EM,False,MNAR,0.3,4,2.31464696153168,5.10621524477907,0.894345802884402,1.7493529319763184,1821.0,Advanced_ML,EM
EM_Constrained,True,MNAR,0.3,4,2.287314741704846,5.100839271675865,0.8945681574442037,1.8321545124053955,1821.0,Advanced_ML,EM
HyperImpute,False,MNAR,0.3,5,2.514547266300525,5.711545441723973,0.8718783347152095,45.88204073905945,88.0,Advanced_ML,HyperImpute
HyperImpute_Constrained,True,MNAR,0.3,5,2.497658685318921,5.804042573169194,0.8676949318891793,131.7877757549286,96.0,Advanced_ML,HyperImpute
EM,False,MNAR,0.3,5,2.370253394847201,5.195236099769391,0.8939951147974139,4.497037649154663,1761.0,Advanced_ML,EM
EM_Constrained,True,MNAR,0.3,5,2.3389438467912584,5.184337300486673,0.8944394118793304,4.578906297683716,1761.0,Advanced_ML,EM
HyperImpute,False,MNAR,0.4,1,3.078766964037322,6.5068987844998105,0.8323273833970346,33.8800003528595,153.0,Advanced_ML,HyperImpute
HyperImpute_Constrained,True,MNAR,0.4,1,3.064135333834189,6.495638136197516,0.8329072198692664,33.888089418411255,153.0,Advanced_ML,HyperImpute
EM,False,MNAR,0.4,1,2.737936339825608,5.634822243488191,0.874259703589942,2.117913246154785,1676.0,Advanced_ML,EM
EM_Constrained,True,MNAR,0.4,1,2.7139468747294644,5.625286585657813,0.8746849173264835,2.1898043155670166,1676.0,Advanced_ML,EM
HyperImpute,False,MNAR,0.4,2,2.8110648820845427,6.376275455537083,0.841803961945046,68.28302431106567,5.0,Advanced_ML,HyperImpute
HyperImpute_Constrained,True,MNAR,0.4,2,2.81024697305218,6.376275394045021,0.8418039649962945,68.50265121459961,5.0,Advanced_ML,HyperImpute
EM,False,MNAR,0.4,2,2.774380683332207,5.7676464957728495,0.8705629130457714,1.294318914413452,1632.0,Advanced_ML,EM
EM_Constrained,True,MNAR,0.4,2,2.7550055836373533,5.763666535307471,0.8707414873561803,1.3699212074279783,1632.0,Advanced_ML,EM
HyperImpute,False,MNAR,0.4,3,2.727779615051685,6.128787470518525,0.8504539759838746,77.23062300682068,82.0,Advanced_ML,HyperImpute
HyperImpute_Constrained,True,MNAR,0.4,3,2.7258621296939127,6.128620281323465,0.8504621349022495,77.021733045578,81.0,Advanced_ML,HyperImpute
EM,False,MNAR,0.4,3,2.6886772046625858,5.61892073005826,0.8743010764661834,2.926088333129883,1538.0,Advanced_ML,EM
EM_Constrained,True,MNAR,0.4,3,2.6681868417822963,5.614185726808576,0.8745128374295852,3.003199815750122,1538.0,Advanced_ML,EM
HyperImpute,False,MNAR,0.4,4,2.7464303194621693,6.15139590944998,0.8496303299697283,81.22689151763916,84.0,Advanced_ML,HyperImpute
HyperImpute_Constrained,True,MNAR,0.4,4,2.7449646067748907,6.151021908846728,0.8496486141570913,81.72910523414612,84.0,Advanced_ML,HyperImpute
EM,False,MNAR,0.4,4,2.753762059247391,5.782079535449932,0.8671440496589321,5.35736894607544,1748.0,Advanced_ML,EM
EM_Constrained,True,MNAR,0.4,4,2.7314881788805825,5.772986965364328,0.8675615645736421,5.469820737838745,1748.0,Advanced_ML,EM
HyperImpute,False,MNAR,0.4,5,2.7641908244707585,6.118902814998845,0.8486860597852144,79.05113077163696,60.0,Advanced_ML,HyperImpute
HyperImpute_Constrained,True,MNAR,0.4,5,2.762838010034069,6.118504482360757,0.8487057598265294,77.65805387496948,60.0,Advanced_ML,HyperImpute
EM,False,MNAR,0.4,5,2.761593574423553,5.7450760025514125,0.8666099650467107,8.970242500305176,1683.0,Advanced_ML,EM
EM_Constrained,True,MNAR,0.4,5,2.734662176743418,5.731917181317697,0.8672203122236984,8.84663987159729,1683.0,Advanced_ML,EM
GAIN,False,MCAR,0.1,1,4.493967453142679,9.94293721768709,0.7951930591243564,1.5189812183380127,326.0,Deep_Learning,GAIN
GAIN_Constrained,True,MCAR,0.1,1,0.0,0.0,0.0,0.0,0.0,Deep_Learning,GAIN
VAEM_ld16_lr1e-04_ep50,False,MCAR,0.1,1,4.300974473119608,9.631626689497669,0.8078171810414624,0.3473899364471435,251.0,Deep_Learning,VAEM
VAEM_ld16_lr1e-04_ep50_Constrained,True,MCAR,0.1,1,0.0,0.0,0.0,0.0,0.0,Deep_Learning,VAEM
VAEM_ld16_lr1e-04_ep200,False,MCAR,0.1,1,3.8934434239848272,8.814998525611255,0.8390245067989889,1.067574977874756,149.0,Deep_Learning,VAEM
VAEM_ld16_lr1e-04_ep200_Constrained,True,MCAR,0.1,1,0.0,0.0,0.0,0.0,0.0,Deep_Learning,VAEM
VAEM_ld16_lr1e-03_ep50,False,MCAR,0.1,1,3.5337002460980798,8.170186113104418,0.8617136939606183,0.3503258228302002,61.0,Deep_Learning,VAEM
VAEM_ld16_lr1e-03_ep50_Constrained,True,MCAR,0.1,1,0.0,0.0,0.0,0.0,0.0,Deep_Learning,VAEM
VAEM_ld16_lr1e-03_ep200,False,MCAR,0.1,1,3.3113138440621794,7.884273555730888,0.8712228987403052,1.0689096450805664,16.0,Deep_Learning,VAEM
VAEM_ld16_lr1e-03_ep200_Constrained,True,MCAR,0.1,1,0.0,0.0,0.0,0.0,0.0,Deep_Learning,VAEM
VAEM_ld32_lr1e-04_ep50,False,MCAR,0.1,1,4.298060455426277,9.617350826677333,0.808386460230437,0.4089610576629638,261.0,Deep_Learning,VAEM
VAEM_ld32_lr1e-04_ep50_Constrained,True,MCAR,0.1,1,0.0,0.0,0.0,0.0,0.0,Deep_Learning,VAEM
VAEM_ld32_lr1e-04_ep200,False,MCAR,0.1,1,3.861896262177115,8.713337699911772,0.8427160640178014,1.5337255001068115,119.0,Deep_Learning,VAEM
VAEM_ld32_lr1e-04_ep200_Constrained,True,MCAR,0.1,1,0.0,0.0,0.0,0.0,0.0,Deep_Learning,VAEM
VAEM_ld32_lr1e-03_ep50,False,MCAR,0.1,1,3.509633896798669,8.079028883392889,0.86478228335519,0.3950049877166748,27.0,Deep_Learning,VAEM
VAEM_ld32_lr1e-03_ep50_Constrained,True,MCAR,0.1,1,0.0,0.0,0.0,0.0,0.0,Deep_Learning,VAEM
VAEM_ld32_lr1e-03_ep200,False,MCAR,0.1,1,3.300733267382759,7.829335081581892,0.8730113116741408,2.282409429550171,18.0,Deep_Learning,VAEM
VAEM_ld32_lr1e-03_ep200_Constrained,True,MCAR,0.1,1,0.0,0.0,0.0,0.0,0.0,Deep_Learning,VAEM
VAEM_ld64_lr1e-04_ep50,False,MCAR,0.1,1,4.256674204975719,9.415255019995016,0.8163548548301063,0.3969845771789551,322.0,Deep_Learning,VAEM
VAEM_ld64_lr1e-04_ep50_Constrained,True,MCAR,0.1,1,0.0,0.0,0.0,0.0,0.0,Deep_Learning,VAEM
VAEM_ld64_lr1e-04_ep200,False,MCAR,0.1,1,3.849122448056756,8.714109106476643,0.8426882135578024,1.6850900650024414,207.0,Deep_Learning,VAEM
VAEM_ld64_lr1e-04_ep200_Constrained,True,MCAR,0.1,1,0.0,0.0,0.0,0.0,0.0,Deep_Learning,VAEM
VAEM_ld64_lr1e-03_ep50,False,MCAR,0.1,1,3.505745427687702,8.102042534980347,0.8640108328194629,0.3955471515655517,28.0,Deep_Learning,VAEM
VAEM_ld64_lr1e-03_ep50_Constrained,True,MCAR,0.1,1,0.0,0.0,0.0,0.0,0.0,Deep_Learning,VAEM
VAEM_ld64_lr1e-03_ep200,False,MCAR,0.1,1,3.2899522064612303,7.80949575704764,0.8736540681192281,1.8432846069335935,23.0,Deep_Learning,VAEM
VAEM_ld64_lr1e-03_ep200_Constrained,True,MCAR,0.1,1,0.0,0.0,0.0,0.0,0.0,Deep_Learning,VAEM
VaDER_ld16_lr1e-04_ep50,False,MCAR,0.1,1,4.309387468681457,9.615116396925128,0.8084754862554878,0.2853429317474365,250.0,Deep_Learning,VaDER
VaDER_ld16_lr1e-04_ep50_Constrained,True,MCAR,0.1,1,0.0,0.0,0.0,0.0,0.0,Deep_Learning,VaDER
VaDER_ld16_lr1e-04_ep200,False,MCAR,0.1,1,3.9280029433300783,8.921275584893536,0.8351195413346237,1.0956079959869385,137.0,Deep_Learning,VaDER
VaDER_ld16_lr1e-04_ep200_Constrained,True,MCAR,0.1,1,0.0,0.0,0.0,0.0,0.0,Deep_Learning,VaDER
VaDER_ld16_lr1e-03_ep50,False,MCAR,0.1,1,3.542749821537354,8.18461888347671,0.8612246922834919,0.2856669425964355,53.0,Deep_Learning,VaDER
VaDER_ld16_lr1e-03_ep50_Constrained,True,MCAR,0.1,1,0.0,0.0,0.0,0.0,0.0,Deep_Learning,VaDER
VaDER_ld16_lr1e-03_ep200,False,MCAR,0.1,1,3.3208625958960853,7.863283827015199,0.8719076538811945,2.104527711868286,29.0,Deep_Learning,VaDER
VaDER_ld16_lr1e-03_ep200_Constrained,True,MCAR,0.1,1,0.0,0.0,0.0,0.0,0.0,Deep_Learning,VaDER
VaDER_ld32_lr1e-04_ep50,False,MCAR,0.1,1,4.301661475707293,9.67369053381804,0.8061348898145047,0.2851631641387939,240.0,Deep_Learning,VaDER
VaDER_ld32_lr1e-04_ep50_Constrained,True,MCAR,0.1,1,0.0,0.0,0.0,0.0,0.0,Deep_Learning,VaDER
VaDER_ld32_lr1e-04_ep200,False,MCAR,0.1,1,3.8780656908783886,8.770488886454869,0.8406460322134932,1.0915498733520508,111.0,Deep_Learning,VaDER
VaDER_ld32_lr1e-04_ep200_Constrained,True,MCAR,0.1,1,0.0,0.0,0.0,0.0,0.0,Deep_Learning,VaDER
VaDER_ld32_lr1e-03_ep50,False,MCAR,0.1,1,3.5303522692457427,8.122578229159691,0.8633205942571149,0.4015796184539795,27.0,Deep_Learning,VaDER
VaDER_ld32_lr1e-03_ep50_Constrained,True,MCAR,0.1,1,0.0,0.0,0.0,0.0,0.0,Deep_Learning,VaDER
VaDER_ld32_lr1e-03_ep200,False,MCAR,0.1,1,3.3048187079127604,7.9003727180183585,0.870696453251267,1.555864334106445,29.0,Deep_Learning,VaDER
VaDER_ld32_lr1e-03_ep200_Constrained,True,MCAR,0.1,1,0.0,0.0,0.0,0.0,0.0,Deep_Learning,VaDER
VaDER_ld64_lr1e-04_ep50,False,MCAR,0.1,1,4.287404953533956,9.550214032071104,0.8110523538805974,0.4016976356506347,313.0,Deep_Learning,VaDER
VaDER_ld64_lr1e-04_ep50_Constrained,True,MCAR,0.1,1,0.0,0.0,0.0,0.0,0.0,Deep_Learning,VaDER
VaDER_ld64_lr1e-04_ep200,False,MCAR,0.1,1,3.858294922100826,8.720459893307638,0.8424588343610488,1.561892032623291,195.0,Deep_Learning,VaDER
VaDER_ld64_lr1e-04_ep200_Constrained,True,MCAR,0.1,1,0.0,0.0,0.0,0.0,0.0,Deep_Learning,VaDER
VaDER_ld64_lr1e-03_ep50,False,MCAR,0.1,1,3.5166701726755973,8.1134849629262,0.8636264494904724,0.4028205871582031,37.0,Deep_Learning,VaDER
VaDER_ld64_lr1e-03_ep50_Constrained,True,MCAR,0.1,1,0.0,0.0,0.0,0.0,0.0,Deep_Learning,VaDER
VaDER_ld64_lr1e-03_ep200,False,MCAR,0.1,1,3.30950378902221,7.854217091839302,0.8722028765498393,1.5595228672027588,28.0,Deep_Learning,VaDER
VaDER_ld64_lr1e-03_ep200_Constrained,True,MCAR,0.1,1,0.0,0.0,0.0,0.0,0.0,Deep_Learning,VaDER
GAIN,False,MCAR,0.1,2,4.636695656212855,10.156957135457906,0.7618249816509317,1.4409708976745603,385.0,Deep_Learning,GAIN
GAIN_Constrained,True,MCAR,0.1,2,0.0,0.0,0.0,0.0,0.0,Deep_Learning,GAIN
VAEM_ld16_lr1e-04_ep50,False,MCAR,0.1,2,4.0462910573362105,8.944494192878345,0.8152941966451148,0.2851133346557617,223.0,Deep_Learning,VAEM
VAEM_ld16_lr1e-04_ep50_Constrained,True,MCAR,0.1,2,0.0,0.0,0.0,0.0,0.0,Deep_Learning,VAEM
VAEM_ld16_lr1e-04_ep200,False,MCAR,0.1,2,3.4403045272367345,7.611533506964298,0.8662439930631123,1.078707933425903,68.0,Deep_Learning,VAEM
VAEM_ld16_lr1e-04_ep200_Constrained,True,MCAR,0.1,2,0.0,0.0,0.0,0.0,0.0,Deep_Learning,VAEM
VAEM_ld16_lr1e-03_ep50,False,MCAR,0.1,2,3.3089809517160185,7.416792149277191,0.873000741642122,0.2851886749267578,11.0,Deep_Learning,VAEM
VAEM_ld16_lr1e-03_ep50_Constrained,True,MCAR,0.1,2,0.0,0.0,0.0,0.0,0.0,Deep_Learning,VAEM
VAEM_ld16_lr1e-03_ep200,False,MCAR,0.1,2,3.2070886641703256,7.248388068438039,0.8787025023085796,1.0837726593017578,41.0,Deep_Learning,VAEM
VAEM_ld16_lr1e-03_ep200_Constrained,True,MCAR,0.1,2,0.0,0.0,0.0,0.0,0.0,Deep_Learning,VAEM
VAEM_ld32_lr1e-04_ep50,False,MCAR,0.1,2,3.981974627529038,8.687979727565711,0.8257364464645893,0.4185993671417236,187.0,Deep_Learning,VAEM
VAEM_ld32_lr1e-04_ep50_Constrained,True,MCAR,0.1,2,0.0,0.0,0.0,0.0,0.0,Deep_Learning,VAEM
VAEM_ld32_lr1e-04_ep200,False,MCAR,0.1,2,3.4389027574252684,7.552618684079205,0.8683065772266814,1.7711868286132812,36.0,Deep_Learning,VAEM
VAEM_ld32_lr1e-04_ep200_Constrained,True,MCAR,0.1,2,0.0,0.0,0.0,0.0,0.0,Deep_Learning,VAEM
VAEM_ld32_lr1e-03_ep50,False,MCAR,0.1,2,3.3082622549957104,7.36322535127725,0.8748285876442712,0.4511177539825439,12.0,Deep_Learning,VAEM
VAEM_ld32_lr1e-03_ep50_Constrained,True,MCAR,0.1,2,0.0,0.0,0.0,0.0,0.0,Deep_Learning,VAEM
VAEM_ld32_lr1e-03_ep200,False,MCAR,0.1,2,3.196365206102945,7.16003940733738,0.8816414071559949,1.815769910812378,45.0,Deep_Learning,VAEM
VAEM_ld32_lr1e-03_ep200_Constrained,True,MCAR,0.1,2,0.0,0.0,0.0,0.0,0.0,Deep_Learning,VAEM
VAEM_ld64_lr1e-04_ep50,False,MCAR,0.1,2,3.976557216718048,8.693437556938207,0.8255174313393624,0.4583725929260254,286.0,Deep_Learning,VAEM
VAEM_ld64_lr1e-04_ep50_Constrained,True,MCAR,0.1,2,0.0,0.0,0.0,0.0,0.0,Deep_Learning,VAEM
VAEM_ld64_lr1e-04_ep200,False,MCAR,0.1,2,3.445223214054269,7.609056797825931,0.8663310243631298,1.835153579711914,55.0,Deep_Learning,VAEM
VAEM_ld64_lr1e-04_ep200_Constrained,True,MCAR,0.1,2,0.0,0.0,0.0,0.0,0.0,Deep_Learning,VAEM
VAEM_ld64_lr1e-03_ep50,False,MCAR,0.1,2,3.295973758784696,7.342384633138557,0.8755361499552025,0.4535589218139648,19.0,Deep_Learning,VAEM
VAEM_ld64_lr1e-03_ep50_Constrained,True,MCAR,0.1,2,0.0,0.0,0.0,0.0,0.0,Deep_Learning,VAEM
VAEM_ld64_lr1e-03_ep200,False,MCAR,0.1,2,3.202690978187401,7.245598768509785,0.8787958389235443,1.851020574569702,44.0,Deep_Learning,VAEM
VAEM_ld64_lr1e-03_ep200_Constrained,True,MCAR,0.1,2,0.0,0.0,0.0,0.0,0.0,Deep_Learning,VAEM
VaDER_ld16_lr1e-04_ep50,False,MCAR,0.1,2,4.045729724508412,8.899547605398089,0.8171458467493004,0.4613723754882812,206.0,Deep_Learning,VaDER
VaDER_ld16_lr1e-04_ep50_Constrained,True,MCAR,0.1,2,0.0,0.0,0.0,0.0,0.0,Deep_Learning,VaDER
VaDER_ld16_lr1e-04_ep200,False,MCAR,0.1,2,3.4557920924779677,7.6545122770062735,0.8647292132410602,1.7307631969451904,65.0,Deep_Learning,VaDER
VaDER_ld16_lr1e-04_ep200_Constrained,True,MCAR,0.1,2,0.0,0.0,0.0,0.0,0.0,Deep_Learning,VaDER
VaDER_ld16_lr1e-03_ep50,False,MCAR,0.1,2,3.3120270622165684,7.386205831081885,0.8740460534355343,0.460003137588501,11.0,Deep_Learning,VaDER
VaDER_ld16_lr1e-03_ep50_Constrained,True,MCAR,0.1,2,0.0,0.0,0.0,0.0,0.0,Deep_Learning,VaDER
VaDER_ld16_lr1e-03_ep200,False,MCAR,0.1,2,3.239002768692458,7.274034408513603,0.8778426310521712,1.8279941082000728,46.0,Deep_Learning,VaDER
VaDER_ld16_lr1e-03_ep200_Constrained,True,MCAR,0.1,2,0.0,0.0,0.0,0.0,0.0,Deep_Learning,VaDER
VaDER_ld32_lr1e-04_ep50,False,MCAR,0.1,2,3.999097991622919,8.75543368306861,0.8230199580097656,0.4578394889831543,182.0,Deep_Learning,VaDER
VaDER_ld32_lr1e-04_ep50_Constrained,True,MCAR,0.1,2,0.0,0.0,0.0,0.0,0.0,Deep_Learning,VaDER
VaDER_ld32_lr1e-04_ep200,False,MCAR,0.1,2,3.4626936169566016,7.634957909366718,0.8654194612785606,2.0390095710754395,45.0,Deep_Learning,VaDER
VaDER_ld32_lr1e-04_ep200_Constrained,True,MCAR,0.1,2,0.0,0.0,0.0,0.0,0.0,Deep_Learning,VaDER
VaDER_ld32_lr1e-03_ep50,False,MCAR,0.1,2,3.3146474178022824,7.4091229618153855,0.8732632480026326,0.5733799934387207,20.0,Deep_Learning,VaDER
VaDER_ld32_lr1e-03_ep50_Constrained,True,MCAR,0.1,2,0.0,0.0,0.0,0.0,0.0,Deep_Learning,VaDER
VaDER_ld32_lr1e-03_ep200,False,MCAR,0.1,2,3.213699282895233,7.234353963606865,0.879171752522628,2.317906856536865,38.0,Deep_Learning,VaDER
VaDER_ld32_lr1e-03_ep200_Constrained,True,MCAR,0.1,2,0.0,0.0,0.0,0.0,0.0,Deep_Learning,VaDER
VaDER_ld64_lr1e-04_ep50,False,MCAR,0.1,2,3.9939783929535424,8.708425746974436,0.8249152685541254,0.4727203845977783,265.0,Deep_Learning,VaDER
VaDER_ld64_lr1e-04_ep50_Constrained,True,MCAR,0.1,2,0.0,0.0,0.0,0.0,0.0,Deep_Learning,VaDER
VaDER_ld64_lr1e-04_ep200,False,MCAR,0.1,2,3.459741427551228,7.676166185369878,0.8639627935791385,2.34989857673645,62.0,Deep_Learning,VaDER
VaDER_ld64_lr1e-04_ep200_Constrained,True,MCAR,0.1,2,0.0,0.0,0.0,0.0,0.0,Deep_Learning,VaDER
VaDER_ld64_lr1e-03_ep50,False,MCAR,0.1,2,3.303808410171081,7.395902590477735,0.8737151266116835,0.4576842784881592,18.0,Deep_Learning,VaDER
VaDER_ld64_lr1e-03_ep50_Constrained,True,MCAR,0.1,2,0.0,0.0,0.0,0.0,0.0,Deep_Learning,VaDER
VaDER_ld64_lr1e-03_ep200,False,MCAR,0.1,2,3.2504127938449026,7.270192011522798,0.8779716524754616,2.3523378372192383,42.0,Deep_Learning,VaDER
VaDER_ld64_lr1e-03_ep200_Constrained,True,MCAR,0.1,2,0.0,0.0,0.0,0.0,0.0,Deep_Learning,VaDER
GAIN,False,MCAR,0.1,3,4.535522325198671,10.198273619129536,0.7860271080367071,1.5337862968444824,349.0,Deep_Learning,GAIN
GAIN_Constrained,True,MCAR,0.1,3,0.0,0.0,0.0,0.0,0.0,Deep_Learning,GAIN
VAEM_ld16_lr1e-04_ep50,False,MCAR,0.1,3,3.784602727707058,8.752742449487362,0.8423863829686247,0.5570573806762695,136.0,Deep_Learning,VAEM
VAEM_ld16_lr1e-04_ep50_Constrained,True,MCAR,0.1,3,0.0,0.0,0.0,0.0,0.0,Deep_Learning,VAEM
VAEM_ld16_lr1e-04_ep200,False,MCAR,0.1,3,3.3765302949296343,7.923890943660547,0.8708238263385317,2.206916570663452,15.0,Deep_Learning,VAEM
VAEM_ld16_lr1e-04_ep200_Constrained,True,MCAR,0.1,3,0.0,0.0,0.0,0.0,0.0,Deep_Learning,VAEM
VAEM_ld16_lr1e-03_ep50,False,MCAR,0.1,3,3.292364913252725,7.708702740581152,0.8777446046136391,0.553779125213623,23.0,Deep_Learning,VAEM
VAEM_ld16_lr1e-03_ep50_Constrained,True,MCAR,0.1,3,0.0,0.0,0.0,0.0,0.0,Deep_Learning,VAEM
VAEM_ld16_lr1e-03_ep200,False,MCAR,0.1,3,3.2530185976841524,7.777359642659309,0.8755571923406825,1.295780897140503,36.0,Deep_Learning,VAEM
VAEM_ld16_lr1e-03_ep200_Constrained,True,MCAR,0.1,3,0.0,0.0,0.0,0.0,0.0,Deep_Learning,VAEM
VAEM_ld32_lr1e-04_ep50,False,MCAR,0.1,3,3.773170603292364,8.740045855445938,0.8428433151128519,0.2808380126953125,107.0,Deep_Learning,VAEM
VAEM_ld32_lr1e-04_ep50_Constrained,True,MCAR,0.1,3,0.0,0.0,0.0,0.0,0.0,Deep_Learning,VAEM
VAEM_ld32_lr1e-04_ep200,False,MCAR,0.1,3,3.383072222206221,7.9386596930211235,0.8703418539284248,1.077803611755371,12.0,Deep_Learning,VAEM
VAEM_ld32_lr1e-04_ep200_Constrained,True,MCAR,0.1,3,0.0,0.0,0.0,0.0,0.0,Deep_Learning,VAEM
VAEM_ld32_lr1e-03_ep50,False,MCAR,0.1,3,3.283843454130589,7.770486641870958,0.8757770401126673,0.2826664447784424,25.0,Deep_Learning,VAEM
VAEM_ld32_lr1e-03_ep50_Constrained,True,MCAR,0.1,3,0.0,0.0,0.0,0.0,0.0,Deep_Learning,VAEM
VAEM_ld32_lr1e-03_ep200,False,MCAR,0.1,3,3.252679587919947,7.823182226056766,0.8740864903157549,1.0823171138763428,40.0,Deep_Learning,VAEM
VAEM_ld32_lr1e-03_ep200_Constrained,True,MCAR,0.1,3,0.0,0.0,0.0,0.0,0.0,Deep_Learning,VAEM
VAEM_ld64_lr1e-04_ep50,False,MCAR,0.1,3,3.7587588926870734,8.672522328083463,0.8452622455990153,0.2801923751831054,167.0,Deep_Learning,VAEM
VAEM_ld64_lr1e-04_ep50_Constrained,True,MCAR,0.1,3,0.0,0.0,0.0,0.0,0.0,Deep_Learning,VAEM
VAEM_ld64_lr1e-04_ep200,False,MCAR,0.1,3,3.364011694131706,7.891265554138098,0.8718853621160406,1.0772228240966797,23.0,Deep_Learning,VAEM
VAEM_ld64_lr1e-04_ep200_Constrained,True,MCAR,0.1,3,0.0,0.0,0.0,0.0,0.0,Deep_Learning,VAEM
VAEM_ld64_lr1e-03_ep50,False,MCAR,0.1,3,3.283163884315931,7.722980367080559,0.877291316062804,0.3022413253784179,34.0,Deep_Learning,VAEM
VAEM_ld64_lr1e-03_ep50_Constrained,True,MCAR,0.1,3,0.0,0.0,0.0,0.0,0.0,Deep_Learning,VAEM
VAEM_ld64_lr1e-03_ep200,False,MCAR,0.1,3,3.290474816718496,7.904836790189918,0.8714443253651296,1.800029993057251,42.0,Deep_Learning,VAEM
VAEM_ld64_lr1e-03_ep200_Constrained,True,MCAR,0.1,3,0.0,0.0,0.0,0.0,0.0,Deep_Learning,VAEM
VaDER_ld16_lr1e-04_ep50,False,MCAR,0.1,3,3.818782851735367,8.839107477307882,0.839260628466288,0.4603524208068847,136.0,Deep_Learning,VaDER
VaDER_ld16_lr1e-04_ep50_Constrained,True,MCAR,0.1,3,0.0,0.0,0.0,0.0,0.0,Deep_Learning,VaDER
VaDER_ld16_lr1e-04_ep200,False,MCAR,0.1,3,3.401321125314282,7.979961605783895,0.8689892175828896,1.7988979816436768,19.0,Deep_Learning,VaDER
VaDER_ld16_lr1e-04_ep200_Constrained,True,MCAR,0.1,3,0.0,0.0,0.0,0.0,0.0,Deep_Learning,VaDER
VaDER_ld16_lr1e-03_ep50,False,MCAR,0.1,3,3.301250888801639,7.790386232924595,0.875139975410273,0.3979299068450928,27.0,Deep_Learning,VaDER
VaDER_ld16_lr1e-03_ep50_Constrained,True,MCAR,0.1,3,0.0,0.0,0.0,0.0,0.0,Deep_Learning,VaDER
VaDER_ld16_lr1e-03_ep200,False,MCAR,0.1,3,3.293956035413401,7.872541539832288,0.8724926093043439,1.5454955101013184,39.0,Deep_Learning,VaDER
VaDER_ld16_lr1e-03_ep200_Constrained,True,MCAR,0.1,3,0.0,0.0,0.0,0.0,0.0,Deep_Learning,VaDER
VaDER_ld32_lr1e-04_ep50,False,MCAR,0.1,3,3.781885596218524,8.766316499596522,0.8418971387991199,0.4028818607330322,105.0,Deep_Learning,VaDER
VaDER_ld32_lr1e-04_ep50_Constrained,True,MCAR,0.1,3,0.0,0.0,0.0,0.0,0.0,Deep_Learning,VaDER
VaDER_ld32_lr1e-04_ep200,False,MCAR,0.1,3,3.3957465871130355,8.087141629515994,0.8654463340995555,1.547555446624756,19.0,Deep_Learning,VaDER
VaDER_ld32_lr1e-04_ep200_Constrained,True,MCAR,0.1,3,0.0,0.0,0.0,0.0,0.0,Deep_Learning,VaDER
VaDER_ld32_lr1e-03_ep50,False,MCAR,0.1,3,3.291928999383636,7.842198965522688,0.8734736004215047,0.3987231254577636,27.0,Deep_Learning,VaDER
VaDER_ld32_lr1e-03_ep50_Constrained,True,MCAR,0.1,3,0.0,0.0,0.0,0.0,0.0,Deep_Learning,VaDER
VaDER_ld32_lr1e-03_ep200,False,MCAR,0.1,3,3.335274807664435,8.223446829648735,0.8608724253993826,1.5776546001434326,42.0,Deep_Learning,VaDER
VaDER_ld32_lr1e-03_ep200_Constrained,True,MCAR,0.1,3,0.0,0.0,0.0,0.0,0.0,Deep_Learning,VaDER
VaDER_ld64_lr1e-04_ep50,False,MCAR,0.1,3,3.780042859029129,8.75458295842572,0.8423200906557137,0.4020030498504638,154.0,Deep_Learning,VaDER
VaDER_ld64_lr1e-04_ep50_Constrained,True,MCAR,0.1,3,0.0,0.0,0.0,0.0,0.0,Deep_Learning,VaDER
VaDER_ld64_lr1e-04_ep200,False,MCAR,0.1,3,3.382185551886747,7.944387466345461,0.8701546887362189,1.5597426891326904,20.0,Deep_Learning,VaDER
VaDER_ld64_lr1e-04_ep200_Constrained,True,MCAR,0.1,3,0.0,0.0,0.0,0.0,0.0,Deep_Learning,VaDER
VaDER_ld64_lr1e-03_ep50,False,MCAR,0.1,3,3.286533031119113,7.764441811111972,0.8759702364284531,0.401533842086792,29.0,Deep_Learning,VaDER
VaDER_ld64_lr1e-03_ep50_Constrained,True,MCAR,0.1,3,0.0,0.0,0.0,0.0,0.0,Deep_Learning,VaDER
VaDER_ld64_lr1e-03_ep200,False,MCAR,0.1,3,3.295325693417757,7.984483880795536,0.8688406868772387,1.5602965354919434,40.0,Deep_Learning,VaDER
VaDER_ld64_lr1e-03_ep200_Constrained,True,MCAR,0.1,3,0.0,0.0,0.0,0.0,0.0,Deep_Learning,VaDER
GAIN,False,MCAR,0.1,4,4.4965071404179335,9.930041912369369,0.7747125952916247,1.432694911956787,349.0,Deep_Learning,GAIN
GAIN_Constrained,True,MCAR,0.1,4,0.0,0.0,0.0,0.0,0.0,Deep_Learning,GAIN
VAEM_ld16_lr1e-04_ep50,False,MCAR,0.1,4,3.5503710383713267,7.966766949962697,0.8549896586137058,0.3709211349487304,94.0,Deep_Learning,VAEM
VAEM_ld16_lr1e-04_ep50_Constrained,True,MCAR,0.1,4,0.0,0.0,0.0,0.0,0.0,Deep_Learning,VAEM
VAEM_ld16_lr1e-04_ep200,False,MCAR,0.1,4,3.23074702436628,7.391969400490099,0.8751596235006343,1.4339089393615725,11.0,Deep_Learning,VAEM
VAEM_ld16_lr1e-04_ep200_Constrained,True,MCAR,0.1,4,0.0,0.0,0.0,0.0,0.0,Deep_Learning,VAEM
VAEM_ld16_lr1e-03_ep50,False,MCAR,0.1,4,3.20329851354412,7.369325842229056,0.8759232902641194,0.2828893661499023,26.0,Deep_Learning,VAEM
VAEM_ld16_lr1e-03_ep50_Constrained,True,MCAR,0.1,4,0.0,0.0,0.0,0.0,0.0,Deep_Learning,VAEM
VAEM_ld16_lr1e-03_ep200,False,MCAR,0.1,4,3.176421780961997,7.428001333713663,0.873939595891319,1.15773344039917,42.0,Deep_Learning,VAEM
VAEM_ld16_lr1e-03_ep200_Constrained,True,MCAR,0.1,4,0.0,0.0,0.0,0.0,0.0,Deep_Learning,VAEM
VAEM_ld32_lr1e-04_ep50,False,MCAR,0.1,4,3.5481237666307157,7.977064562336701,0.8546145439987771,0.5054919719696045,82.0,Deep_Learning,VAEM
VAEM_ld32_lr1e-04_ep50_Constrained,True,MCAR,0.1,4,0.0,0.0,0.0,0.0,0.0,Deep_Learning,VAEM
VAEM_ld32_lr1e-04_ep200,False,MCAR,0.1,4,3.240421584465222,7.391807431608402,0.8751650943118752,2.309506893157959,17.0,Deep_Learning,VAEM
VAEM_ld32_lr1e-04_ep200_Constrained,True,MCAR,0.1,4,0.0,0.0,0.0,0.0,0.0,Deep_Learning,VAEM
VAEM_ld32_lr1e-03_ep50,False,MCAR,0.1,4,3.1824859940428847,7.284647258347304,0.8787583598658438,0.4725792407989502,32.0,Deep_Learning,VAEM
VAEM_ld32_lr1e-03_ep50_Constrained,True,MCAR,0.1,4,0.0,0.0,0.0,0.0,0.0,Deep_Learning,VAEM
VAEM_ld32_lr1e-03_ep200,False,MCAR,0.1,4,3.1484511956302934,7.376966681739744,0.8756658605517159,1.8324570655822756,42.0,Deep_Learning,VAEM
VAEM_ld32_lr1e-03_ep200_Constrained,True,MCAR,0.1,4,0.0,0.0,0.0,0.0,0.0,Deep_Learning,VAEM
VAEM_ld64_lr1e-04_ep50,False,MCAR,0.1,4,3.5416317393490964,7.956359835218292,0.8553682698031781,0.4680483341217041,108.0,Deep_Learning,VAEM
VAEM_ld64_lr1e-04_ep50_Constrained,True,MCAR,0.1,4,0.0,0.0,0.0,0.0,0.0,Deep_Learning,VAEM
VAEM_ld64_lr1e-04_ep200,False,MCAR,0.1,4,3.239025805858945,7.393299732683175,0.8751146844302777,2.2219626903533936,20.0,Deep_Learning,VAEM
VAEM_ld64_lr1e-04_ep200_Constrained,True,MCAR,0.1,4,0.0,0.0,0.0,0.0,0.0,Deep_Learning,VAEM
VAEM_ld64_lr1e-03_ep50,False,MCAR,0.1,4,3.1766727242382258,7.303540553411244,0.8781286452087435,0.4415571689605713,40.0,Deep_Learning,VAEM
VAEM_ld64_lr1e-03_ep50_Constrained,True,MCAR,0.1,4,0.0,0.0,0.0,0.0,0.0,Deep_Learning,VAEM
VAEM_ld64_lr1e-03_ep200,False,MCAR,0.1,4,3.182978449433739,7.5365779542368,0.8702273598700093,1.9164388179779053,36.0,Deep_Learning,VAEM
VAEM_ld64_lr1e-03_ep200_Constrained,True,MCAR,0.1,4,0.0,0.0,0.0,0.0,0.0,Deep_Learning,VAEM
VaDER_ld16_lr1e-04_ep50,False,MCAR,0.1,4,3.5661230101253345,8.014739567719252,0.8532380144648196,0.5752847194671631,97.0,Deep_Learning,VaDER
VaDER_ld16_lr1e-04_ep50_Constrained,True,MCAR,0.1,4,0.0,0.0,0.0,0.0,0.0,Deep_Learning,VaDER
VaDER_ld16_lr1e-04_ep200,False,MCAR,0.1,4,3.25463388659541,7.4537154112991715,0.8730652994053011,2.24211859703064,22.0,Deep_Learning,VaDER
VaDER_ld16_lr1e-04_ep200_Constrained,True,MCAR,0.1,4,0.0,0.0,0.0,0.0,0.0,Deep_Learning,VaDER
VaDER_ld16_lr1e-03_ep50,False,MCAR,0.1,4,3.212236867584452,7.390945553578705,0.8751942038878363,0.5507926940917969,46.0,Deep_Learning,VaDER
VaDER_ld16_lr1e-03_ep50_Constrained,True,MCAR,0.1,4,0.0,0.0,0.0,0.0,0.0,Deep_Learning,VaDER
VaDER_ld16_lr1e-03_ep200,False,MCAR,0.1,4,3.2019820678876445,7.56840586821332,0.8691289531304167,1.215845823287964,47.0,Deep_Learning,VaDER
VaDER_ld16_lr1e-03_ep200_Constrained,True,MCAR,0.1,4,0.0,0.0,0.0,0.0,0.0,Deep_Learning,VaDER
VaDER_ld32_lr1e-04_ep50,False,MCAR,0.1,4,3.571491401929238,8.028170521161671,0.8527457202387855,0.3947072029113769,79.0,Deep_Learning,VaDER
VaDER_ld32_lr1e-04_ep50_Constrained,True,MCAR,0.1,4,0.0,0.0,0.0,0.0,0.0,Deep_Learning,VaDER
VaDER_ld32_lr1e-04_ep200,False,MCAR,0.1,4,3.255355106385508,7.456004902370499,0.8729873086367912,1.4362585544586182,20.0,Deep_Learning,VaDER
VaDER_ld32_lr1e-04_ep200_Constrained,True,MCAR,0.1,4,0.0,0.0,0.0,0.0,0.0,Deep_Learning,VaDER
VaDER_ld32_lr1e-03_ep50,False,MCAR,0.1,4,3.186534034610112,7.363695614392335,0.8761128091697554,0.2840192317962646,46.0,Deep_Learning,VaDER
VaDER_ld32_lr1e-03_ep50_Constrained,True,MCAR,0.1,4,0.0,0.0,0.0,0.0,0.0,Deep_Learning,VaDER
VaDER_ld32_lr1e-03_ep200,False,MCAR,0.1,4,3.2410438640654697,7.608414183411623,0.867741667790884,1.087230920791626,39.0,Deep_Learning,VaDER
VaDER_ld32_lr1e-03_ep200_Constrained,True,MCAR,0.1,4,0.0,0.0,0.0,0.0,0.0,Deep_Learning,VaDER
VaDER_ld64_lr1e-04_ep50,False,MCAR,0.1,4,3.564302223663697,8.012070533360129,0.8533357462889015,0.300966739654541,109.0,Deep_Learning,VaDER
VaDER_ld64_lr1e-04_ep50_Constrained,True,MCAR,0.1,4,0.0,0.0,0.0,0.0,0.0,Deep_Learning,VaDER
VaDER_ld64_lr1e-04_ep200,False,MCAR,0.1,4,3.2529223666971947,7.436402409646838,0.8736542857873575,2.19960618019104,20.0,Deep_Learning,VaDER
VaDER_ld64_lr1e-04_ep200_Constrained,True,MCAR,0.1,4,0.0,0.0,0.0,0.0,0.0,Deep_Learning,VaDER
VaDER_ld64_lr1e-03_ep50,False,MCAR,0.1,4,3.1893318646043,7.364660402485137,0.8760803437548682,0.3729488849639892,38.0,Deep_Learning,VaDER
VaDER_ld64_lr1e-03_ep50_Constrained,True,MCAR,0.1,4,0.0,0.0,0.0,0.0,0.0,Deep_Learning,VaDER
VaDER_ld64_lr1e-03_ep200,False,MCAR,0.1,4,3.270736414789184,7.637788470048266,0.8667184601715046,1.099196434020996,47.0,Deep_Learning,VaDER
VaDER_ld64_lr1e-03_ep200_Constrained,True,MCAR,0.1,4,0.0,0.0,0.0,0.0,0.0,Deep_Learning,VaDER
GAIN,False,MCAR,0.1,5,4.480911649764798,10.120912824817148,0.7786091883963321,1.1396257877349854,315.0,Deep_Learning,GAIN
GAIN_Constrained,True,MCAR,0.1,5,0.0,0.0,0.0,0.0,0.0,Deep_Learning,GAIN
VAEM_ld16_lr1e-04_ep50,False,MCAR,0.1,5,3.5203229629723816,8.208807145481577,0.8543601143148123,0.5584743022918701,68.0,Deep_Learning,VAEM
VAEM_ld16_lr1e-04_ep50_Constrained,True,MCAR,0.1,5,0.0,0.0,0.0,0.0,0.0,Deep_Learning,VAEM
VAEM_ld16_lr1e-04_ep200,False,MCAR,0.1,5,3.284525698380736,7.891487457730646,0.8654021987870903,2.281771183013916,16.0,Deep_Learning,VAEM
VAEM_ld16_lr1e-04_ep200_Constrained,True,MCAR,0.1,5,0.0,0.0,0.0,0.0,0.0,Deep_Learning,VAEM
VAEM_ld16_lr1e-03_ep50,False,MCAR,0.1,5,3.240456891392854,7.783952831196288,0.8690454431642756,0.4509439468383789,27.0,Deep_Learning,VAEM
VAEM_ld16_lr1e-03_ep50_Constrained,True,MCAR,0.1,5,0.0,0.0,0.0,0.0,0.0,Deep_Learning,VAEM
VAEM_ld16_lr1e-03_ep200,False,MCAR,0.1,5,3.19088031344249,7.837937656398675,0.8672226998556349,1.941051721572876,29.0,Deep_Learning,VAEM
VAEM_ld16_lr1e-03_ep200_Constrained,True,MCAR,0.1,5,0.0,0.0,0.0,0.0,0.0,Deep_Learning,VAEM
VAEM_ld32_lr1e-04_ep50,False,MCAR,0.1,5,3.520504530570573,8.22354369765019,0.8538367358983668,0.5254340171813965,50.0,Deep_Learning,VAEM
VAEM_ld32_lr1e-04_ep50_Constrained,True,MCAR,0.1,5,0.0,0.0,0.0,0.0,0.0,Deep_Learning,VAEM
VAEM_ld32_lr1e-04_ep200,False,MCAR,0.1,5,3.257702651696889,7.767594621385022,0.8695952746529692,1.8747987747192385,22.0,Deep_Learning,VAEM
VAEM_ld32_lr1e-04_ep200_Constrained,True,MCAR,0.1,5,0.0,0.0,0.0,0.0,0.0,Deep_Learning,VAEM
VAEM_ld32_lr1e-03_ep50,False,MCAR,0.1,5,3.2265739438963417,7.804821891555423,0.8683423140188633,0.380115270614624,36.0,Deep_Learning,VAEM
VAEM_ld32_lr1e-03_ep50_Constrained,True,MCAR,0.1,5,0.0,0.0,0.0,0.0,0.0,Deep_Learning,VAEM
VAEM_ld32_lr1e-03_ep200,False,MCAR,0.1,5,3.2147510859741275,7.869112770070003,0.8661643654673905,1.4819705486297607,32.0,Deep_Learning,VAEM
VAEM_ld32_lr1e-03_ep200_Constrained,True,MCAR,0.1,5,0.0,0.0,0.0,0.0,0.0,Deep_Learning,VAEM
VAEM_ld64_lr1e-04_ep50,False,MCAR,0.1,5,3.5116721756240508,8.256165460796122,0.8526748133037031,0.445986270904541,56.0,Deep_Learning,VAEM
VAEM_ld64_lr1e-04_ep50_Constrained,True,MCAR,0.1,5,0.0,0.0,0.0,0.0,0.0,Deep_Learning,VAEM
VAEM_ld64_lr1e-04_ep200,False,MCAR,0.1,5,3.2607856683970646,7.7936471279946655,0.8687190529851072,1.784989356994629,24.0,Deep_Learning,VAEM
VAEM_ld64_lr1e-04_ep200_Constrained,True,MCAR,0.1,5,0.0,0.0,0.0,0.0,0.0,Deep_Learning,VAEM
VAEM_ld64_lr1e-03_ep50,False,MCAR,0.1,5,3.209893576216836,7.725305159782937,0.8710113458579343,0.4523792266845703,42.0,Deep_Learning,VAEM
VAEM_ld64_lr1e-03_ep50_Constrained,True,MCAR,0.1,5,0.0,0.0,0.0,0.0,0.0,Deep_Learning,VAEM
VAEM_ld64_lr1e-03_ep200,False,MCAR,0.1,5,3.23800782938186,7.779863339942742,0.8691830074192224,1.7861394882202148,34.0,Deep_Learning,VAEM
VAEM_ld64_lr1e-03_ep200_Constrained,True,MCAR,0.1,5,0.0,0.0,0.0,0.0,0.0,Deep_Learning,VAEM
VaDER_ld16_lr1e-04_ep50,False,MCAR,0.1,5,3.540508519461274,8.31339391624206,0.8506253355501259,0.4568715095520019,70.0,Deep_Learning,VaDER
VaDER_ld16_lr1e-04_ep50_Constrained,True,MCAR,0.1,5,0.0,0.0,0.0,0.0,0.0,Deep_Learning,VaDER
VaDER_ld16_lr1e-04_ep200,False,MCAR,0.1,5,3.2925804901420737,7.923244410475317,0.8643167211516289,1.82086181640625,18.0,Deep_Learning,VaDER
VaDER_ld16_lr1e-04_ep200_Constrained,True,MCAR,0.1,5,0.0,0.0,0.0,0.0,0.0,Deep_Learning,VaDER
VaDER_ld16_lr1e-03_ep50,False,MCAR,0.1,5,3.226893945203988,7.785428202004368,0.8689957961932009,0.4640169143676758,31.0,Deep_Learning,VaDER
VaDER_ld16_lr1e-03_ep50_Constrained,True,MCAR,0.1,5,0.0,0.0,0.0,0.0,0.0,Deep_Learning,VaDER
VaDER_ld16_lr1e-03_ep200,False,MCAR,0.1,5,3.249942673031085,8.00340383517754,0.8615574193524763,1.9150993824005127,48.0,Deep_Learning,VaDER
VaDER_ld16_lr1e-03_ep200_Constrained,True,MCAR,0.1,5,0.0,0.0,0.0,0.0,0.0,Deep_Learning,VaDER
VaDER_ld32_lr1e-04_ep50,False,MCAR,0.1,5,3.5416722463574764,8.318770524550015,0.850432059788624,0.4713470935821533,47.0,Deep_Learning,VaDER
VaDER_ld32_lr1e-04_ep50_Constrained,True,MCAR,0.1,5,0.0,0.0,0.0,0.0,0.0,Deep_Learning,VaDER
VaDER_ld32_lr1e-04_ep200,False,MCAR,0.1,5,3.269981601413817,7.811085649668262,0.868130905525429,1.87449312210083,23.0,Deep_Learning,VaDER
VaDER_ld32_lr1e-04_ep200_Constrained,True,MCAR,0.1,5,0.0,0.0,0.0,0.0,0.0,Deep_Learning,VaDER
VaDER_ld32_lr1e-03_ep50,False,MCAR,0.1,5,3.2260236272259526,7.776621329645926,0.8692920123338955,0.4701075553894043,45.0,Deep_Learning,VaDER
VaDER_ld32_lr1e-03_ep50_Constrained,True,MCAR,0.1,5,0.0,0.0,0.0,0.0,0.0,Deep_Learning,VaDER
VaDER_ld32_lr1e-03_ep200,False,MCAR,0.1,5,3.27331617417366,7.844922106707893,0.8669859565458276,1.883578538894653,44.0,Deep_Learning,VaDER
VaDER_ld32_lr1e-03_ep200_Constrained,True,MCAR,0.1,5,0.0,0.0,0.0,0.0,0.0,Deep_Learning,VaDER
VaDER_ld64_lr1e-04_ep50,False,MCAR,0.1,5,3.5167812296774925,8.242198084426501,0.8531728667266494,0.4732844829559326,64.0,Deep_Learning,VaDER
VaDER_ld64_lr1e-04_ep50_Constrained,True,MCAR,0.1,5,0.0,0.0,0.0,0.0,0.0,Deep_Learning,VaDER
VaDER_ld64_lr1e-04_ep200,False,MCAR,0.1,5,3.268006640837553,7.874428118851701,0.8659835005194148,1.8737404346466064,18.0,Deep_Learning,VaDER
VaDER_ld64_lr1e-04_ep200_Constrained,True,MCAR,0.1,5,0.0,0.0,0.0,0.0,0.0,Deep_Learning,VaDER
VaDER_ld64_lr1e-03_ep50,False,MCAR,0.1,5,3.2183667405435865,7.738065997953131,0.870584861010937,0.4691891670227051,33.0,Deep_Learning,VaDER
VaDER_ld64_lr1e-03_ep50_Constrained,True,MCAR,0.1,5,0.0,0.0,0.0,0.0,0.0,Deep_Learning,VaDER
VaDER_ld64_lr1e-03_ep200,False,MCAR,0.1,5,3.287949755722718,7.983392727944722,0.8622488566328286,1.886525630950928,43.0,Deep_Learning,VaDER
VaDER_ld64_lr1e-03_ep200_Constrained,True,MCAR,0.1,5,0.0,0.0,0.0,0.0,0.0,Deep_Learning,VaDER
GAIN,False,MCAR,0.2,1,4.47838041318164,9.845931097474956,0.7906322721332724,1.5533506870269775,686.0,Deep_Learning,GAIN
GAIN_Constrained,True,MCAR,0.2,1,0.0,0.0,0.0,0.0,0.0,Deep_Learning,GAIN
VAEM_ld16_lr1e-04_ep50,False,MCAR,0.2,1,3.4210391078982783,7.75766620642657,0.8700254466862445,0.470160961151123,107.0,Deep_Learning,VAEM
VAEM_ld16_lr1e-04_ep50_Constrained,True,MCAR,0.2,1,0.0,0.0,0.0,0.0,0.0,Deep_Learning,VAEM
VAEM_ld16_lr1e-04_ep200,False,MCAR,0.2,1,3.2389916555911142,7.496257697425708,0.878637316402926,1.840259552001953,24.0,Deep_Learning,VAEM
VAEM_ld16_lr1e-04_ep200_Constrained,True,MCAR,0.2,1,0.0,0.0,0.0,0.0,0.0,Deep_Learning,VAEM
VAEM_ld16_lr1e-03_ep50,False,MCAR,0.2,1,3.1939637225662,7.465755022995802,0.8796229695081579,0.4680397510528564,33.0,Deep_Learning,VAEM
VAEM_ld16_lr1e-03_ep50_Constrained,True,MCAR,0.2,1,0.0,0.0,0.0,0.0,0.0,Deep_Learning,VAEM
VAEM_ld16_lr1e-03_ep200,False,MCAR,0.2,1,3.1872752614058943,7.43543406411801,0.8805987677080439,1.8272125720977783,18.0,Deep_Learning,VAEM
VAEM_ld16_lr1e-03_ep200_Constrained,True,MCAR,0.2,1,0.0,0.0,0.0,0.0,0.0,Deep_Learning,VAEM
VAEM_ld32_lr1e-04_ep50,False,MCAR,0.2,1,3.408465804654245,7.717441883339484,0.871369816000513,0.5492756366729736,61.0,Deep_Learning,VAEM
VAEM_ld32_lr1e-04_ep50_Constrained,True,MCAR,0.2,1,0.0,0.0,0.0,0.0,0.0,Deep_Learning,VAEM
VAEM_ld32_lr1e-04_ep200,False,MCAR,0.2,1,3.2272535659465085,7.464591990787441,0.8796604717991479,1.8389596939086916,25.0,Deep_Learning,VAEM
VAEM_ld32_lr1e-04_ep200_Constrained,True,MCAR,0.2,1,0.0,0.0,0.0,0.0,0.0,Deep_Learning,VAEM
VAEM_ld32_lr1e-03_ep50,False,MCAR,0.2,1,3.197191912429252,7.444413663794287,0.8803101974166335,0.4626355171203613,33.0,Deep_Learning,VAEM
VAEM_ld32_lr1e-03_ep50_Constrained,True,MCAR,0.2,1,0.0,0.0,0.0,0.0,0.0,Deep_Learning,VAEM
VAEM_ld32_lr1e-03_ep200,False,MCAR,0.2,1,3.206981117197269,7.483623054225615,0.879046075558862,1.802656173706055,37.0,Deep_Learning,VAEM
VAEM_ld32_lr1e-03_ep200_Constrained,True,MCAR,0.2,1,0.0,0.0,0.0,0.0,0.0,Deep_Learning,VAEM
VAEM_ld64_lr1e-04_ep50,False,MCAR,0.2,1,3.412321201098289,7.747560278316025,0.8703638623640175,0.3987061977386474,77.0,Deep_Learning,VAEM
VAEM_ld64_lr1e-04_ep50_Constrained,True,MCAR,0.2,1,0.0,0.0,0.0,0.0,0.0,Deep_Learning,VAEM
VAEM_ld64_lr1e-04_ep200,False,MCAR,0.2,1,3.223569615770853,7.456318451548087,0.8799270857129139,1.5163826942443848,31.0,Deep_Learning,VAEM
VAEM_ld64_lr1e-04_ep200_Constrained,True,MCAR,0.2,1,0.0,0.0,0.0,0.0,0.0,Deep_Learning,VAEM
VAEM_ld64_lr1e-03_ep50,False,MCAR,0.2,1,3.19990026641491,7.470049812653436,0.8794844322193407,0.4704225063323974,39.0,Deep_Learning,VAEM
VAEM_ld64_lr1e-03_ep50_Constrained,True,MCAR,0.2,1,0.0,0.0,0.0,0.0,0.0,Deep_Learning,VAEM
VAEM_ld64_lr1e-03_ep200,False,MCAR,0.2,1,3.243747307499058,7.586248157870533,0.875705976823052,1.1871366500854492,35.0,Deep_Learning,VAEM
VAEM_ld64_lr1e-03_ep200_Constrained,True,MCAR,0.2,1,0.0,0.0,0.0,0.0,0.0,Deep_Learning,VAEM
VaDER_ld16_lr1e-04_ep50,False,MCAR,0.2,1,3.444027924427578,7.811327541895251,0.868221107519237,0.4277300834655761,107.0,Deep_Learning,VaDER
VaDER_ld16_lr1e-04_ep50_Constrained,True,MCAR,0.2,1,0.0,0.0,0.0,0.0,0.0,Deep_Learning,VaDER
VaDER_ld16_lr1e-04_ep200,False,MCAR,0.2,1,3.240142834725562,7.504825707235262,0.8783597296503177,1.3038063049316406,27.0,Deep_Learning,VaDER
VaDER_ld16_lr1e-04_ep200_Constrained,True,MCAR,0.2,1,0.0,0.0,0.0,0.0,0.0,Deep_Learning,VaDER
VaDER_ld16_lr1e-03_ep50,False,MCAR,0.2,1,3.233352053654288,7.568805085581012,0.8762768985918664,0.287928819656372,46.0,Deep_Learning,VaDER
VaDER_ld16_lr1e-03_ep50_Constrained,True,MCAR,0.2,1,0.0,0.0,0.0,0.0,0.0,Deep_Learning,VaDER
VaDER_ld16_lr1e-03_ep200,False,MCAR,0.2,1,3.2967592026238286,7.859121351712743,0.8666035890659207,1.0949645042419434,28.0,Deep_Learning,VaDER
VaDER_ld16_lr1e-03_ep200_Constrained,True,MCAR,0.2,1,0.0,0.0,0.0,0.0,0.0,Deep_Learning,VaDER
VaDER_ld32_lr1e-04_ep50,False,MCAR,0.2,1,3.428722862959052,7.779371642132107,0.8692971088236732,0.2850172519683838,56.0,Deep_Learning,VaDER
VaDER_ld32_lr1e-04_ep50_Constrained,True,MCAR,0.2,1,0.0,0.0,0.0,0.0,0.0,Deep_Learning,VaDER
VaDER_ld32_lr1e-04_ep200,False,MCAR,0.2,1,3.229298052352332,7.505098060639832,0.8783509007329809,1.090256690979004,29.0,Deep_Learning,VaDER
VaDER_ld32_lr1e-04_ep200_Constrained,True,MCAR,0.2,1,0.0,0.0,0.0,0.0,0.0,Deep_Learning,VaDER
VaDER_ld32_lr1e-03_ep50,False,MCAR,0.2,1,3.229246761616248,7.512242671810249,0.8781191784554171,0.2845034599304199,55.0,Deep_Learning,VaDER
VaDER_ld32_lr1e-03_ep50_Constrained,True,MCAR,0.2,1,0.0,0.0,0.0,0.0,0.0,Deep_Learning,VaDER
VaDER_ld32_lr1e-03_ep200,False,MCAR,0.2,1,3.337046564790905,7.9835423980225215,0.8623464463526753,1.0883808135986328,30.0,Deep_Learning,VaDER
VaDER_ld32_lr1e-03_ep200_Constrained,True,MCAR,0.2,1,0.0,0.0,0.0,0.0,0.0,Deep_Learning,VaDER
VaDER_ld64_lr1e-04_ep50,False,MCAR,0.2,1,3.434215361586403,7.781058007285743,0.8692404367166762,0.541989803314209,88.0,Deep_Learning,VaDER
VaDER_ld64_lr1e-04_ep50_Constrained,True,MCAR,0.2,1,0.0,0.0,0.0,0.0,0.0,Deep_Learning,VaDER
VaDER_ld64_lr1e-04_ep200,False,MCAR,0.2,1,3.237631439986127,7.551365240497313,0.8768464008648589,1.4744081497192385,31.0,Deep_Learning,VaDER
VaDER_ld64_lr1e-04_ep200_Constrained,True,MCAR,0.2,1,0.0,0.0,0.0,0.0,0.0,Deep_Learning,VaDER
VaDER_ld64_lr1e-03_ep50,False,MCAR,0.2,1,3.222675492493729,7.53297019572474,0.8774456717604981,0.4542713165283203,47.0,Deep_Learning,VaDER
VaDER_ld64_lr1e-03_ep50_Constrained,True,MCAR,0.2,1,0.0,0.0,0.0,0.0,0.0,Deep_Learning,VaDER
VaDER_ld64_lr1e-03_ep200,False,MCAR,0.2,1,3.3264562583678945,7.817375332848529,0.8680169732769141,1.4478106498718262,39.0,Deep_Learning,VaDER
VaDER_ld64_lr1e-03_ep200_Constrained,True,MCAR,0.2,1,0.0,0.0,0.0,0.0,0.0,Deep_Learning,VaDER
GAIN,False,MCAR,0.2,2,4.560999629332921,10.017565712576827,0.7736779167728752,1.505134105682373,709.0,Deep_Learning,GAIN
GAIN_Constrained,True,MCAR,0.2,2,0.0,0.0,0.0,0.0,0.0,Deep_Learning,GAIN
VAEM_ld16_lr1e-04_ep50,False,MCAR,0.2,2,3.415585562967781,7.59020927079512,0.8700698223664574,0.4778077602386474,94.0,Deep_Learning,VAEM
VAEM_ld16_lr1e-04_ep50_Constrained,True,MCAR,0.2,2,0.0,0.0,0.0,0.0,0.0,Deep_Learning,VAEM
VAEM_ld16_lr1e-04_ep200,False,MCAR,0.2,2,3.254515999092529,7.3332700376503475,0.8787175707226955,1.790062665939331,25.0,Deep_Learning,VAEM
VAEM_ld16_lr1e-04_ep200_Constrained,True,MCAR,0.2,2,0.0,0.0,0.0,0.0,0.0,Deep_Learning,VAEM
VAEM_ld16_lr1e-03_ep50,False,MCAR,0.2,2,3.2235025436733413,7.314204473700699,0.8793473885349735,0.4604654312133789,26.0,Deep_Learning,VAEM
VAEM_ld16_lr1e-03_ep50_Constrained,True,MCAR,0.2,2,0.0,0.0,0.0,0.0,0.0,Deep_Learning,VAEM
VAEM_ld16_lr1e-03_ep200,False,MCAR,0.2,2,3.2157432286979724,7.332126624354552,0.8787553888120883,1.7965283393859863,21.0,Deep_Learning,VAEM
VAEM_ld16_lr1e-03_ep200_Constrained,True,MCAR,0.2,2,0.0,0.0,0.0,0.0,0.0,Deep_Learning,VAEM
VAEM_ld32_lr1e-04_ep50,False,MCAR,0.2,2,3.419784279110081,7.579892274724662,0.8704227976413139,0.4593043327331543,47.0,Deep_Learning,VAEM
VAEM_ld32_lr1e-04_ep50_Constrained,True,MCAR,0.2,2,0.0,0.0,0.0,0.0,0.0,Deep_Learning,VAEM
VAEM_ld32_lr1e-04_ep200,False,MCAR,0.2,2,3.2605249057883565,7.402141979107204,0.8764287744297876,1.807694911956787,32.0,Deep_Learning,VAEM
VAEM_ld32_lr1e-04_ep200_Constrained,True,MCAR,0.2,2,0.0,0.0,0.0,0.0,0.0,Deep_Learning,VAEM
VAEM_ld32_lr1e-03_ep50,False,MCAR,0.2,2,3.223529840231532,7.303868980634433,0.8796881291256162,0.4567115306854248,40.0,Deep_Learning,VAEM
VAEM_ld32_lr1e-03_ep50_Constrained,True,MCAR,0.2,2,0.0,0.0,0.0,0.0,0.0,Deep_Learning,VAEM
VAEM_ld32_lr1e-03_ep200,False,MCAR,0.2,2,3.246245922992173,7.4325895594281794,0.8754101009302623,1.8206498622894287,28.0,Deep_Learning,VAEM
VAEM_ld32_lr1e-03_ep200_Constrained,True,MCAR,0.2,2,0.0,0.0,0.0,0.0,0.0,Deep_Learning,VAEM
VAEM_ld64_lr1e-04_ep50,False,MCAR,0.2,2,3.415441577457476,7.598627485564731,0.8697814543779382,0.452566385269165,71.0,Deep_Learning,VAEM
VAEM_ld64_lr1e-04_ep50_Constrained,True,MCAR,0.2,2,0.0,0.0,0.0,0.0,0.0,Deep_Learning,VAEM
VAEM_ld64_lr1e-04_ep200,False,MCAR,0.2,2,3.24593283122894,7.35886427257804,0.8778695048754798,1.7961852550506592,40.0,Deep_Learning,VAEM
VAEM_ld64_lr1e-04_ep200_Constrained,True,MCAR,0.2,2,0.0,0.0,0.0,0.0,0.0,Deep_Learning,VAEM
VAEM_ld64_lr1e-03_ep50,False,MCAR,0.2,2,3.221547198587625,7.263865869896555,0.8810024104136153,0.4522559642791748,34.0,Deep_Learning,VAEM
VAEM_ld64_lr1e-03_ep50_Constrained,True,MCAR,0.2,2,0.0,0.0,0.0,0.0,0.0,Deep_Learning,VAEM
VAEM_ld64_lr1e-03_ep200,False,MCAR,0.2,2,3.271555532089056,7.478527268603819,0.8738652661485437,1.2774059772491455,34.0,Deep_Learning,VAEM
VAEM_ld64_lr1e-03_ep200_Constrained,True,MCAR,0.2,2,0.0,0.0,0.0,0.0,0.0,Deep_Learning,VAEM
VaDER_ld16_lr1e-04_ep50,False,MCAR,0.2,2,3.4268171468744715,7.652483267305697,0.8679290476859927,0.2867603302001953,88.0,Deep_Learning,VaDER
VaDER_ld16_lr1e-04_ep50_Constrained,True,MCAR,0.2,2,0.0,0.0,0.0,0.0,0.0,Deep_Learning,VaDER
VaDER_ld16_lr1e-04_ep200,False,MCAR,0.2,2,3.2745423079712266,7.457104919662144,0.8745868606764208,1.0925922393798828,34.0,Deep_Learning,VaDER
VaDER_ld16_lr1e-04_ep200_Constrained,True,MCAR,0.2,2,0.0,0.0,0.0,0.0,0.0,Deep_Learning,VaDER
VaDER_ld16_lr1e-03_ep50,False,MCAR,0.2,2,3.242252405566667,7.344314381718461,0.8783519784170213,0.2857966423034668,43.0,Deep_Learning,VaDER
VaDER_ld16_lr1e-03_ep50_Constrained,True,MCAR,0.2,2,0.0,0.0,0.0,0.0,0.0,Deep_Learning,VaDER
VaDER_ld16_lr1e-03_ep200,False,MCAR,0.2,2,3.3241315594508154,7.648077453174139,0.8680810800506381,1.1520135402679443,34.0,Deep_Learning,VaDER
VaDER_ld16_lr1e-03_ep200_Constrained,True,MCAR,0.2,2,0.0,0.0,0.0,0.0,0.0,Deep_Learning,VaDER
VaDER_ld32_lr1e-04_ep50,False,MCAR,0.2,2,3.443314940808292,7.656302379909346,0.8677971899126533,0.3765082359313965,54.0,Deep_Learning,VaDER
VaDER_ld32_lr1e-04_ep50_Constrained,True,MCAR,0.2,2,0.0,0.0,0.0,0.0,0.0,Deep_Learning,VaDER
VaDER_ld32_lr1e-04_ep200,False,MCAR,0.2,2,3.2597758806821173,7.372802638413114,0.8774064139382132,1.4512605667114258,36.0,Deep_Learning,VaDER
VaDER_ld32_lr1e-04_ep200_Constrained,True,MCAR,0.2,2,0.0,0.0,0.0,0.0,0.0,Deep_Learning,VaDER
VaDER_ld32_lr1e-03_ep50,False,MCAR,0.2,2,3.2400278496842208,7.322499498046826,0.8790735695940305,0.2872178554534912,45.0,Deep_Learning,VaDER
VaDER_ld32_lr1e-03_ep50_Constrained,True,MCAR,0.2,2,0.0,0.0,0.0,0.0,0.0,Deep_Learning,VaDER
VaDER_ld32_lr1e-03_ep200,False,MCAR,0.2,2,3.3712354267894677,7.845180094679518,0.8611939589904446,1.0936954021453855,29.0,Deep_Learning,VaDER
VaDER_ld32_lr1e-03_ep200_Constrained,True,MCAR,0.2,2,0.0,0.0,0.0,0.0,0.0,Deep_Learning,VaDER
VaDER_ld64_lr1e-04_ep50,False,MCAR,0.2,2,3.429012609173508,7.620773221696491,0.8690213202971973,0.2890639305114746,81.0,Deep_Learning,VaDER
VaDER_ld64_lr1e-04_ep50_Constrained,True,MCAR,0.2,2,0.0,0.0,0.0,0.0,0.0,Deep_Learning,VaDER
VaDER_ld64_lr1e-04_ep200,False,MCAR,0.2,2,3.24976300552116,7.316678808219285,0.8792657431781014,1.1014001369476318,39.0,Deep_Learning,VaDER
VaDER_ld64_lr1e-04_ep200_Constrained,True,MCAR,0.2,2,0.0,0.0,0.0,0.0,0.0,Deep_Learning,VaDER
VaDER_ld64_lr1e-03_ep50,False,MCAR,0.2,2,3.2461901454237845,7.353790020988096,0.8780378752038628,0.2881488800048828,48.0,Deep_Learning,VaDER
VaDER_ld64_lr1e-03_ep50_Constrained,True,MCAR,0.2,2,0.0,0.0,0.0,0.0,0.0,Deep_Learning,VaDER
VaDER_ld64_lr1e-03_ep200,False,MCAR,0.2,2,3.372051278589657,7.84373547383563,0.8612450741045632,1.1019699573516846,34.0,Deep_Learning,VaDER
VaDER_ld64_lr1e-03_ep200_Constrained,True,MCAR,0.2,2,0.0,0.0,0.0,0.0,0.0,Deep_Learning,VaDER
GAIN,False,MCAR,0.2,3,4.626542873132093,10.348032069608838,0.7813907212321449,1.4578659534454346,712.0,Deep_Learning,GAIN
GAIN_Constrained,True,MCAR,0.2,3,0.0,0.0,0.0,0.0,0.0,Deep_Learning,GAIN
VAEM_ld16_lr1e-04_ep50,False,MCAR,0.2,3,3.4899487728129963,8.053478987851838,0.8675902031288861,0.2853858470916748,57.0,Deep_Learning,VAEM
VAEM_ld16_lr1e-04_ep50_Constrained,True,MCAR,0.2,3,0.0,0.0,0.0,0.0,0.0,Deep_Learning,VAEM
VAEM_ld16_lr1e-04_ep200,False,MCAR,0.2,3,3.345471528876587,7.775121433455595,0.8765851496900439,1.0958447456359863,25.0,Deep_Learning,VAEM
VAEM_ld16_lr1e-04_ep200_Constrained,True,MCAR,0.2,3,0.0,0.0,0.0,0.0,0.0,Deep_Learning,VAEM
VAEM_ld16_lr1e-03_ep50,False,MCAR,0.2,3,3.3261219817355063,7.830353660266026,0.8748255146261107,0.2842006683349609,30.0,Deep_Learning,VAEM
VAEM_ld16_lr1e-03_ep50_Constrained,True,MCAR,0.2,3,0.0,0.0,0.0,0.0,0.0,Deep_Learning,VAEM
VAEM_ld16_lr1e-03_ep200,False,MCAR,0.2,3,3.3608407625741696,7.959922658993011,0.8706487125881863,1.0883164405822754,26.0,Deep_Learning,VAEM
VAEM_ld16_lr1e-03_ep200_Constrained,True,MCAR,0.2,3,0.0,0.0,0.0,0.0,0.0,Deep_Learning,VAEM
VAEM_ld32_lr1e-04_ep50,False,MCAR,0.2,3,3.499788304952094,8.087591647690205,0.8664661133958864,0.2825088500976562,33.0,Deep_Learning,VAEM
VAEM_ld32_lr1e-04_ep50_Constrained,True,MCAR,0.2,3,0.0,0.0,0.0,0.0,0.0,Deep_Learning,VAEM
VAEM_ld32_lr1e-04_ep200,False,MCAR,0.2,3,3.3448892989863444,7.846491735896363,0.8743090227661621,1.0831959247589111,36.0,Deep_Learning,VAEM
VAEM_ld32_lr1e-04_ep200_Constrained,True,MCAR,0.2,3,0.0,0.0,0.0,0.0,0.0,Deep_Learning,VAEM
VAEM_ld32_lr1e-03_ep50,False,MCAR,0.2,3,3.334858054841696,7.845834663811111,0.8743300728296277,0.2831780910491943,38.0,Deep_Learning,VAEM
VAEM_ld32_lr1e-03_ep50_Constrained,True,MCAR,0.2,3,0.0,0.0,0.0,0.0,0.0,Deep_Learning,VAEM
VAEM_ld32_lr1e-03_ep200,False,MCAR,0.2,3,3.380474484987481,8.039100859246377,0.8680625718106546,1.0880777835845947,21.0,Deep_Learning,VAEM
VAEM_ld32_lr1e-03_ep200_Constrained,True,MCAR,0.2,3,0.0,0.0,0.0,0.0,0.0,Deep_Learning,VAEM
VAEM_ld64_lr1e-04_ep50,False,MCAR,0.2,3,3.4906107663840023,8.053630450990097,0.8675852225752666,0.2833271026611328,41.0,Deep_Learning,VAEM
VAEM_ld64_lr1e-04_ep50_Constrained,True,MCAR,0.2,3,0.0,0.0,0.0,0.0,0.0,Deep_Learning,VAEM
VAEM_ld64_lr1e-04_ep200,False,MCAR,0.2,3,3.3464904314190456,7.843327872760789,0.8744103645858317,1.0890769958496094,36.0,Deep_Learning,VAEM
VAEM_ld64_lr1e-04_ep200_Constrained,True,MCAR,0.2,3,0.0,0.0,0.0,0.0,0.0,Deep_Learning,VAEM
VAEM_ld64_lr1e-03_ep50,False,MCAR,0.2,3,3.338392026825427,7.908641070400321,0.8723100282145247,0.3759365081787109,56.0,Deep_Learning,VAEM
VAEM_ld64_lr1e-03_ep50_Constrained,True,MCAR,0.2,3,0.0,0.0,0.0,0.0,0.0,Deep_Learning,VAEM
VAEM_ld64_lr1e-03_ep200,False,MCAR,0.2,3,3.4327420164187976,8.294205383087254,0.8595561811390156,1.086580514907837,31.0,Deep_Learning,VAEM
VAEM_ld64_lr1e-03_ep200_Constrained,True,MCAR,0.2,3,0.0,0.0,0.0,0.0,0.0,Deep_Learning,VAEM
VaDER_ld16_lr1e-04_ep50,False,MCAR,0.2,3,3.52217652631776,8.183373023126387,0.8632844998217039,0.5157651901245117,59.0,Deep_Learning,VaDER
VaDER_ld16_lr1e-04_ep50_Constrained,True,MCAR,0.2,3,0.0,0.0,0.0,0.0,0.0,Deep_Learning,VaDER
VaDER_ld16_lr1e-04_ep200,False,MCAR,0.2,3,3.355699881732222,7.866791546499052,0.8736578263742614,1.805957317352295,34.0,Deep_Learning,VaDER
VaDER_ld16_lr1e-04_ep200_Constrained,True,MCAR,0.2,3,0.0,0.0,0.0,0.0,0.0,Deep_Learning,VaDER
VaDER_ld16_lr1e-03_ep50,False,MCAR,0.2,3,3.36929199621813,7.936137587400764,0.8714205876728037,0.4644899368286133,51.0,Deep_Learning,VaDER
VaDER_ld16_lr1e-03_ep50_Constrained,True,MCAR,0.2,3,0.0,0.0,0.0,0.0,0.0,Deep_Learning,VaDER
VaDER_ld16_lr1e-03_ep200,False,MCAR,0.2,3,3.4553990554399103,8.416880510433712,0.8553710001062732,1.9269609451293943,33.0,Deep_Learning,VaDER
VaDER_ld16_lr1e-03_ep200_Constrained,True,MCAR,0.2,3,0.0,0.0,0.0,0.0,0.0,Deep_Learning,VaDER
VaDER_ld32_lr1e-04_ep50,False,MCAR,0.2,3,3.510050258172176,8.160862204571448,0.864035619173025,0.5526368618011475,46.0,Deep_Learning,VaDER
VaDER_ld32_lr1e-04_ep50_Constrained,True,MCAR,0.2,3,0.0,0.0,0.0,0.0,0.0,Deep_Learning,VaDER
VaDER_ld32_lr1e-04_ep200,False,MCAR,0.2,3,3.3568906553245768,7.870192219885247,0.8735485718377607,2.236132860183716,37.0,Deep_Learning,VaDER
VaDER_ld32_lr1e-04_ep200_Constrained,True,MCAR,0.2,3,0.0,0.0,0.0,0.0,0.0,Deep_Learning,VaDER
VaDER_ld32_lr1e-03_ep50,False,MCAR,0.2,3,3.361847061088033,7.941419643259406,0.871249373490538,0.5567517280578613,46.0,Deep_Learning,VaDER
VaDER_ld32_lr1e-03_ep50_Constrained,True,MCAR,0.2,3,0.0,0.0,0.0,0.0,0.0,Deep_Learning,VaDER
VaDER_ld32_lr1e-03_ep200,False,MCAR,0.2,3,3.518575649093835,8.681772240406275,0.8461243728361187,2.247560501098633,15.0,Deep_Learning,VaDER
VaDER_ld32_lr1e-03_ep200_Constrained,True,MCAR,0.2,3,0.0,0.0,0.0,0.0,0.0,Deep_Learning,VaDER
VaDER_ld64_lr1e-04_ep50,False,MCAR,0.2,3,3.4949262494619515,8.0820785934219,0.8666481029622383,0.5510866641998291,51.0,Deep_Learning,VaDER
VaDER_ld64_lr1e-04_ep50_Constrained,True,MCAR,0.2,3,0.0,0.0,0.0,0.0,0.0,Deep_Learning,VaDER
VaDER_ld64_lr1e-04_ep200,False,MCAR,0.2,3,3.3618017106000897,7.895661248466132,0.8727288190050673,2.3026063442230225,39.0,Deep_Learning,VaDER
VaDER_ld64_lr1e-04_ep200_Constrained,True,MCAR,0.2,3,0.0,0.0,0.0,0.0,0.0,Deep_Learning,VaDER
VaDER_ld64_lr1e-03_ep50,False,MCAR,0.2,3,3.381482476828833,7.98123742916513,0.8699550414310964,0.5572130680084229,62.0,Deep_Learning,VaDER
VaDER_ld64_lr1e-03_ep50_Constrained,True,MCAR,0.2,3,0.0,0.0,0.0,0.0,0.0,Deep_Learning,VaDER
VaDER_ld64_lr1e-03_ep200,False,MCAR,0.2,3,3.5359752624738565,8.775445712125492,0.8427859241143548,2.235839605331421,30.0,Deep_Learning,VaDER
VaDER_ld64_lr1e-03_ep200_Constrained,True,MCAR,0.2,3,0.0,0.0,0.0,0.0,0.0,Deep_Learning,VaDER
GAIN,False,MCAR,0.2,4,4.517064551693239,9.865693377506323,0.7807493140383412,1.8666167259216309,688.0,Deep_Learning,GAIN
GAIN_Constrained,True,MCAR,0.2,4,0.0,0.0,0.0,0.0,0.0,Deep_Learning,GAIN
VAEM_ld16_lr1e-04_ep50,False,MCAR,0.2,4,3.3416481639529207,7.416679505575308,0.8760904560987142,0.4524581432342529,49.0,Deep_Learning,VAEM
VAEM_ld16_lr1e-04_ep50_Constrained,True,MCAR,0.2,4,0.0,0.0,0.0,0.0,0.0,Deep_Learning,VAEM
VAEM_ld16_lr1e-04_ep200,False,MCAR,0.2,4,3.232859392839587,7.283489608602258,0.8805008699921996,1.817729949951172,31.0,Deep_Learning,VAEM
VAEM_ld16_lr1e-04_ep200_Constrained,True,MCAR,0.2,4,0.0,0.0,0.0,0.0,0.0,Deep_Learning,VAEM
VAEM_ld16_lr1e-03_ep50,False,MCAR,0.2,4,3.2081140459914907,7.258840354429308,0.8813083346287118,0.4715313911437988,27.0,Deep_Learning,VAEM
VAEM_ld16_lr1e-03_ep50_Constrained,True,MCAR,0.2,4,0.0,0.0,0.0,0.0,0.0,Deep_Learning,VAEM
VAEM_ld16_lr1e-03_ep200,False,MCAR,0.2,4,3.2372891501701924,7.365703121260657,0.8777879147391906,1.836488485336304,28.0,Deep_Learning,VAEM
VAEM_ld16_lr1e-03_ep200_Constrained,True,MCAR,0.2,4,0.0,0.0,0.0,0.0,0.0,Deep_Learning,VAEM
VAEM_ld32_lr1e-04_ep50,False,MCAR,0.2,4,3.3462551219126184,7.452779530834019,0.8748812831904472,0.5374629497528076,29.0,Deep_Learning,VAEM
VAEM_ld32_lr1e-04_ep50_Constrained,True,MCAR,0.2,4,0.0,0.0,0.0,0.0,0.0,Deep_Learning,VAEM
VAEM_ld32_lr1e-04_ep200,False,MCAR,0.2,4,3.219358269822054,7.274256199269912,0.8808036602895633,1.8119518756866453,33.0,Deep_Learning,VAEM
VAEM_ld32_lr1e-04_ep200_Constrained,True,MCAR,0.2,4,0.0,0.0,0.0,0.0,0.0,Deep_Learning,VAEM
VAEM_ld32_lr1e-03_ep50,False,MCAR,0.2,4,3.212421997221135,7.286655722735895,0.8803969554846667,0.3777868747711181,36.0,Deep_Learning,VAEM
VAEM_ld32_lr1e-03_ep50_Constrained,True,MCAR,0.2,4,0.0,0.0,0.0,0.0,0.0,Deep_Learning,VAEM
VAEM_ld32_lr1e-03_ep200,False,MCAR,0.2,4,3.2697020890125432,7.459004382951407,0.8746721878409591,2.2355568408966064,20.0,Deep_Learning,VAEM
VAEM_ld32_lr1e-03_ep200_Constrained,True,MCAR,0.2,4,0.0,0.0,0.0,0.0,0.0,Deep_Learning,VAEM
VAEM_ld64_lr1e-04_ep50,False,MCAR,0.2,4,3.343006692128129,7.426272198485945,0.8757697209546973,0.2890076637268066,34.0,Deep_Learning,VAEM
VAEM_ld64_lr1e-04_ep50_Constrained,True,MCAR,0.2,4,0.0,0.0,0.0,0.0,0.0,Deep_Learning,VAEM
VAEM_ld64_lr1e-04_ep200,False,MCAR,0.2,4,3.224569991225471,7.286577116623564,0.8803995359495602,1.2941694259643557,39.0,Deep_Learning,VAEM
VAEM_ld64_lr1e-04_ep200_Constrained,True,MCAR,0.2,4,0.0,0.0,0.0,0.0,0.0,Deep_Learning,VAEM
VAEM_ld64_lr1e-03_ep50,False,MCAR,0.2,4,3.20238706055802,7.227575760240526,0.8823285679072073,0.2815456390380859,41.0,Deep_Learning,VAEM
VAEM_ld64_lr1e-03_ep50_Constrained,True,MCAR,0.2,4,0.0,0.0,0.0,0.0,0.0,Deep_Learning,VAEM
VAEM_ld64_lr1e-03_ep200,False,MCAR,0.2,4,3.309564164043187,7.622524969735806,0.8691169385299558,1.8357648849487305,26.0,Deep_Learning,VAEM
VAEM_ld64_lr1e-03_ep200_Constrained,True,MCAR,0.2,4,0.0,0.0,0.0,0.0,0.0,Deep_Learning,VAEM
VaDER_ld16_lr1e-04_ep50,False,MCAR,0.2,4,3.365638712920955,7.483273091531559,0.8738553248934045,0.3751835823059082,51.0,Deep_Learning,VaDER
VaDER_ld16_lr1e-04_ep50_Constrained,True,MCAR,0.2,4,0.0,0.0,0.0,0.0,0.0,Deep_Learning,VaDER
VaDER_ld16_lr1e-04_ep200,False,MCAR,0.2,4,3.2480641465553424,7.330983748596088,0.8789373302253788,1.2263360023498535,37.0,Deep_Learning,VaDER
VaDER_ld16_lr1e-04_ep200_Constrained,True,MCAR,0.2,4,0.0,0.0,0.0,0.0,0.0,Deep_Learning,VaDER
VaDER_ld16_lr1e-03_ep50,False,MCAR,0.2,4,3.24081049170036,7.343056558153013,0.8785382650861795,0.2872946262359619,48.0,Deep_Learning,VaDER
VaDER_ld16_lr1e-03_ep50_Constrained,True,MCAR,0.2,4,0.0,0.0,0.0,0.0,0.0,Deep_Learning,VaDER
VaDER_ld16_lr1e-03_ep200,False,MCAR,0.2,4,3.3470252441767445,7.853391420564385,0.8610686611668512,1.0987114906311035,29.0,Deep_Learning,VaDER
VaDER_ld16_lr1e-03_ep200_Constrained,True,MCAR,0.2,4,0.0,0.0,0.0,0.0,0.0,Deep_Learning,VaDER
VaDER_ld32_lr1e-04_ep50,False,MCAR,0.2,4,3.35728130884361,7.4745085260114115,0.874150638402258,0.2872490882873535,28.0,Deep_Learning,VaDER
VaDER_ld32_lr1e-04_ep50_Constrained,True,MCAR,0.2,4,0.0,0.0,0.0,0.0,0.0,Deep_Learning,VaDER
VaDER_ld32_lr1e-04_ep200,False,MCAR,0.2,4,3.2450705787592824,7.33643440678367,0.8787572407407432,1.099287986755371,34.0,Deep_Learning,VaDER
VaDER_ld32_lr1e-04_ep200_Constrained,True,MCAR,0.2,4,0.0,0.0,0.0,0.0,0.0,Deep_Learning,VaDER
VaDER_ld32_lr1e-03_ep50,False,MCAR,0.2,4,3.2446395776856773,7.3896033286542995,0.8769935213217183,0.2875745296478271,46.0,Deep_Learning,VaDER
VaDER_ld32_lr1e-03_ep50_Constrained,True,MCAR,0.2,4,0.0,0.0,0.0,0.0,0.0,Deep_Learning,VaDER
VaDER_ld32_lr1e-03_ep200,False,MCAR,0.2,4,3.4123492137685387,7.956511321518644,0.8573961982504835,1.0988600254058838,25.0,Deep_Learning,VaDER
VaDER_ld32_lr1e-03_ep200_Constrained,True,MCAR,0.2,4,0.0,0.0,0.0,0.0,0.0,Deep_Learning,VaDER
VaDER_ld64_lr1e-04_ep50,False,MCAR,0.2,4,3.357582559668413,7.476176589346305,0.8740944612959776,0.5894880294799805,43.0,Deep_Learning,VaDER
VaDER_ld64_lr1e-04_ep50_Constrained,True,MCAR,0.2,4,0.0,0.0,0.0,0.0,0.0,Deep_Learning,VaDER
VaDER_ld64_lr1e-04_ep200,False,MCAR,0.2,4,3.240624727064031,7.299839825966012,0.8799637566374577,1.8589158058166504,36.0,Deep_Learning,VaDER
VaDER_ld64_lr1e-04_ep200_Constrained,True,MCAR,0.2,4,0.0,0.0,0.0,0.0,0.0,Deep_Learning,VaDER
VaDER_ld64_lr1e-03_ep50,False,MCAR,0.2,4,3.2688321519659063,7.41770459980486,0.8760562014875263,0.4706380367279053,47.0,Deep_Learning,VaDER
VaDER_ld64_lr1e-03_ep50_Constrained,True,MCAR,0.2,4,0.0,0.0,0.0,0.0,0.0,Deep_Learning,VaDER
VaDER_ld64_lr1e-03_ep200,False,MCAR,0.2,4,3.41660871856384,7.981109137099032,0.8565131066480842,1.8579554557800293,30.0,Deep_Learning,VaDER
VaDER_ld64_lr1e-03_ep200_Constrained,True,MCAR,0.2,4,0.0,0.0,0.0,0.0,0.0,Deep_Learning,VaDER
GAIN,False,MCAR,0.2,5,4.52828934675572,10.076319945181874,0.7801542747668708,1.465296506881714,670.0,Deep_Learning,GAIN
GAIN_Constrained,True,MCAR,0.2,5,0.0,0.0,0.0,0.0,0.0,Deep_Learning,GAIN
VAEM_ld16_lr1e-04_ep50,False,MCAR,0.2,5,3.3732951929182837,7.826116855033255,0.8673806838188908,0.28328537940979,27.0,Deep_Learning,VAEM
VAEM_ld16_lr1e-04_ep50_Constrained,True,MCAR,0.2,5,0.0,0.0,0.0,0.0,0.0,Deep_Learning,VAEM
VAEM_ld16_lr1e-04_ep200,False,MCAR,0.2,5,3.2474499869643205,7.666810543145342,0.8727248579053221,1.0748519897460938,27.0,Deep_Learning,VAEM
VAEM_ld16_lr1e-04_ep200_Constrained,True,MCAR,0.2,5,0.0,0.0,0.0,0.0,0.0,Deep_Learning,VAEM
VAEM_ld16_lr1e-03_ep50,False,MCAR,0.2,5,3.2321704368179884,7.686753328354616,0.8720618646053796,0.2811810970306396,34.0,Deep_Learning,VAEM
VAEM_ld16_lr1e-03_ep50_Constrained,True,MCAR,0.2,5,0.0,0.0,0.0,0.0,0.0,Deep_Learning,VAEM
VAEM_ld16_lr1e-03_ep200,False,MCAR,0.2,5,3.233630316330683,7.753074947110041,0.8698446296780431,1.077383041381836,19.0,Deep_Learning,VAEM
VAEM_ld16_lr1e-03_ep200_Constrained,True,MCAR,0.2,5,0.0,0.0,0.0,0.0,0.0,Deep_Learning,VAEM
VAEM_ld32_lr1e-04_ep50,False,MCAR,0.2,5,3.381850676309008,7.878517551746211,0.8655988014942593,0.2821884155273437,18.0,Deep_Learning,VAEM
VAEM_ld32_lr1e-04_ep50_Constrained,True,MCAR,0.2,5,0.0,0.0,0.0,0.0,0.0,Deep_Learning,VAEM
VAEM_ld32_lr1e-04_ep200,False,MCAR,0.2,5,3.232946660221049,7.676453840591805,0.8724044837611573,1.074749231338501,33.0,Deep_Learning,VAEM
VAEM_ld32_lr1e-04_ep200_Constrained,True,MCAR,0.2,5,0.0,0.0,0.0,0.0,0.0,Deep_Learning,VAEM
VAEM_ld32_lr1e-03_ep50,False,MCAR,0.2,5,3.240434997811186,7.691242545533078,0.8719123841253217,0.2842257022857666,35.0,Deep_Learning,VAEM
VAEM_ld32_lr1e-03_ep50_Constrained,True,MCAR,0.2,5,0.0,0.0,0.0,0.0,0.0,Deep_Learning,VAEM
VAEM_ld32_lr1e-03_ep200,False,MCAR,0.2,5,3.2646400685348613,7.843603524626689,0.8667873727117138,1.076430082321167,15.0,Deep_Learning,VAEM
VAEM_ld32_lr1e-03_ep200_Constrained,True,MCAR,0.2,5,0.0,0.0,0.0,0.0,0.0,Deep_Learning,VAEM
VAEM_ld64_lr1e-04_ep50,False,MCAR,0.2,5,3.3776077684460524,7.886207258289898,0.8653363129898956,0.2805306911468506,21.0,Deep_Learning,VAEM
VAEM_ld64_lr1e-04_ep50_Constrained,True,MCAR,0.2,5,0.0,0.0,0.0,0.0,0.0,Deep_Learning,VAEM
VAEM_ld64_lr1e-04_ep200,False,MCAR,0.2,5,3.2337102912577853,7.622510430033673,0.8741914426422774,1.876704216003418,41.0,Deep_Learning,VAEM
VAEM_ld64_lr1e-04_ep200_Constrained,True,MCAR,0.2,5,0.0,0.0,0.0,0.0,0.0,Deep_Learning,VAEM
VAEM_ld64_lr1e-03_ep50,False,MCAR,0.2,5,3.230150801304213,7.660396993905244,0.8729377088583876,0.3703525066375732,45.0,Deep_Learning,VAEM
VAEM_ld64_lr1e-03_ep50_Constrained,True,MCAR,0.2,5,0.0,0.0,0.0,0.0,0.0,Deep_Learning,VAEM
VAEM_ld64_lr1e-03_ep200,False,MCAR,0.2,5,3.322210270288872,7.943461886917147,0.8633738721757701,1.2152037620544434,24.0,Deep_Learning,VAEM
VAEM_ld64_lr1e-03_ep200_Constrained,True,MCAR,0.2,5,0.0,0.0,0.0,0.0,0.0,Deep_Learning,VAEM
VaDER_ld16_lr1e-04_ep50,False,MCAR,0.2,5,3.3814641638611724,7.851392716478897,0.8665226642985051,0.373307466506958,32.0,Deep_Learning,VaDER
VaDER_ld16_lr1e-04_ep50_Constrained,True,MCAR,0.2,5,0.0,0.0,0.0,0.0,0.0,Deep_Learning,VaDER
VaDER_ld16_lr1e-04_ep200,False,MCAR,0.2,5,3.257233217316001,7.71996000392929,0.8709540947860971,1.8154399394989011,42.0,Deep_Learning,VaDER
VaDER_ld16_lr1e-04_ep200_Constrained,True,MCAR,0.2,5,0.0,0.0,0.0,0.0,0.0,Deep_Learning,VaDER
VaDER_ld16_lr1e-03_ep50,False,MCAR,0.2,5,3.254946284247784,7.685205025513262,0.8721133992443284,0.375377893447876,48.0,Deep_Learning,VaDER
VaDER_ld16_lr1e-03_ep50_Constrained,True,MCAR,0.2,5,0.0,0.0,0.0,0.0,0.0,Deep_Learning,VaDER
VaDER_ld16_lr1e-03_ep200,False,MCAR,0.2,5,3.3451722384025624,8.061529604226456,0.8592822008355333,1.2348158359527588,35.0,Deep_Learning,VaDER
VaDER_ld16_lr1e-03_ep200_Constrained,True,MCAR,0.2,5,0.0,0.0,0.0,0.0,0.0,Deep_Learning,VaDER
VaDER_ld32_lr1e-04_ep50,False,MCAR,0.2,5,3.385838148925152,7.901007289298506,0.8648303925054339,0.3738186359405517,24.0,Deep_Learning,VaDER
VaDER_ld32_lr1e-04_ep50_Constrained,True,MCAR,0.2,5,0.0,0.0,0.0,0.0,0.0,Deep_Learning,VaDER
VaDER_ld32_lr1e-04_ep200,False,MCAR,0.2,5,3.265204714548986,7.7843478726015665,0.868792518530287,1.4422390460968018,41.0,Deep_Learning,VaDER
VaDER_ld32_lr1e-04_ep200_Constrained,True,MCAR,0.2,5,0.0,0.0,0.0,0.0,0.0,Deep_Learning,VaDER
VaDER_ld32_lr1e-03_ep50,False,MCAR,0.2,5,3.248609817556482,7.7081200550966225,0.8713496215146019,0.3725776672363281,49.0,Deep_Learning,VaDER
VaDER_ld32_lr1e-03_ep50_Constrained,True,MCAR,0.2,5,0.0,0.0,0.0,0.0,0.0,Deep_Learning,VaDER
VaDER_ld32_lr1e-03_ep200,False,MCAR,0.2,5,3.4071500411805995,8.288222600897486,0.8512568614737248,2.351013422012329,26.0,Deep_Learning,VaDER
VaDER_ld32_lr1e-03_ep200_Constrained,True,MCAR,0.2,5,0.0,0.0,0.0,0.0,0.0,Deep_Learning,VaDER
VaDER_ld64_lr1e-04_ep50,False,MCAR,0.2,5,3.382882695778661,7.891827876893126,0.865144290912822,0.5591623783111572,31.0,Deep_Learning,VaDER
VaDER_ld64_lr1e-04_ep50_Constrained,True,MCAR,0.2,5,0.0,0.0,0.0,0.0,0.0,Deep_Learning,VaDER
VaDER_ld64_lr1e-04_ep200,False,MCAR,0.2,5,3.2502400754927923,7.667618451293336,0.8726980326586162,2.3048486709594727,48.0,Deep_Learning,VaDER
VaDER_ld64_lr1e-04_ep200_Constrained,True,MCAR,0.2,5,0.0,0.0,0.0,0.0,0.0,Deep_Learning,VaDER
VaDER_ld64_lr1e-03_ep50,False,MCAR,0.2,5,3.2740079015890275,7.7904469155386495,0.8685868356469872,0.5586819648742676,33.0,Deep_Learning,VaDER
VaDER_ld64_lr1e-03_ep50_Constrained,True,MCAR,0.2,5,0.0,0.0,0.0,0.0,0.0,Deep_Learning,VaDER
VaDER_ld64_lr1e-03_ep200,False,MCAR,0.2,5,3.424546645073318,8.383429472263995,0.8478200076598191,1.876621961593628,27.0,Deep_Learning,VaDER
VaDER_ld64_lr1e-03_ep200_Constrained,True,MCAR,0.2,5,0.0,0.0,0.0,0.0,0.0,Deep_Learning,VaDER
GAIN,False,MCAR,0.3,1,4.4578689035454255,9.79328951818698,0.7922516248688155,1.2716560363769531,1024.0,Deep_Learning,GAIN
GAIN_Constrained,True,MCAR,0.3,1,0.0,0.0,0.0,0.0,0.0,Deep_Learning,GAIN
VAEM_ld16_lr1e-04_ep50,False,MCAR,0.3,1,3.310863455575628,7.5655903748659,0.876015871029093,0.5632791519165039,20.0,Deep_Learning,VAEM
VAEM_ld16_lr1e-04_ep50_Constrained,True,MCAR,0.3,1,0.0,0.0,0.0,0.0,0.0,Deep_Learning,VAEM
VAEM_ld16_lr1e-04_ep200,False,MCAR,0.3,1,3.23033954489125,7.464314009745679,0.8793130670865069,1.942144632339477,21.0,Deep_Learning,VAEM
VAEM_ld16_lr1e-04_ep200_Constrained,True,MCAR,0.3,1,0.0,0.0,0.0,0.0,0.0,Deep_Learning,VAEM
VAEM_ld16_lr1e-03_ep50,False,MCAR,0.3,1,3.2340750704770644,7.493652509404971,0.8783624821984863,0.451941967010498,11.0,Deep_Learning,VAEM
VAEM_ld16_lr1e-03_ep50_Constrained,True,MCAR,0.3,1,0.0,0.0,0.0,0.0,0.0,Deep_Learning,VAEM
VAEM_ld16_lr1e-03_ep200,False,MCAR,0.3,1,3.2638690613727386,7.610086376842876,0.8745531904116091,1.8719124794006348,12.0,Deep_Learning,VAEM
VAEM_ld16_lr1e-03_ep200_Constrained,True,MCAR,0.3,1,0.0,0.0,0.0,0.0,0.0,Deep_Learning,VAEM
VAEM_ld32_lr1e-04_ep50,False,MCAR,0.3,1,3.311999350376832,7.562097571224237,0.8761303240280495,0.5574309825897217,16.0,Deep_Learning,VAEM
VAEM_ld32_lr1e-04_ep50_Constrained,True,MCAR,0.3,1,0.0,0.0,0.0,0.0,0.0,Deep_Learning,VAEM
VAEM_ld32_lr1e-04_ep200,False,MCAR,0.3,1,3.223805028848047,7.498407529630317,0.8782080655473447,1.2083847522735596,26.0,Deep_Learning,VAEM
VAEM_ld32_lr1e-04_ep200_Constrained,True,MCAR,0.3,1,0.0,0.0,0.0,0.0,0.0,Deep_Learning,VAEM
VAEM_ld32_lr1e-03_ep50,False,MCAR,0.3,1,3.237125321671789,7.544650531624351,0.8767012413010757,0.2829678058624267,22.0,Deep_Learning,VAEM
VAEM_ld32_lr1e-03_ep50_Constrained,True,MCAR,0.3,1,0.0,0.0,0.0,0.0,0.0,Deep_Learning,VAEM
VAEM_ld32_lr1e-03_ep200,False,MCAR,0.3,1,3.305738289855591,7.714095700506741,0.8711007195322287,1.078246831893921,11.0,Deep_Learning,VAEM
VAEM_ld32_lr1e-03_ep200_Constrained,True,MCAR,0.3,1,0.0,0.0,0.0,0.0,0.0,Deep_Learning,VAEM
VAEM_ld64_lr1e-04_ep50,False,MCAR,0.3,1,3.3131489056566363,7.573177108458673,0.8757670851072398,0.2797441482543945,21.0,Deep_Learning,VAEM
VAEM_ld64_lr1e-04_ep50_Constrained,True,MCAR,0.3,1,0.0,0.0,0.0,0.0,0.0,Deep_Learning,VAEM
VAEM_ld64_lr1e-04_ep200,False,MCAR,0.3,1,3.238703356800478,7.528141442120898,0.8772402518634514,1.0734705924987793,20.0,Deep_Learning,VAEM
VAEM_ld64_lr1e-04_ep200_Constrained,True,MCAR,0.3,1,0.0,0.0,0.0,0.0,0.0,Deep_Learning,VAEM
VAEM_ld64_lr1e-03_ep50,False,MCAR,0.3,1,3.253987413499986,7.597801914367564,0.8749578646146666,0.2811105251312256,27.0,Deep_Learning,VAEM
VAEM_ld64_lr1e-03_ep50_Constrained,True,MCAR,0.3,1,0.0,0.0,0.0,0.0,0.0,Deep_Learning,VAEM
VAEM_ld64_lr1e-03_ep200,False,MCAR,0.3,1,3.360544369602445,7.957011512227148,0.8628548603358956,1.0744943618774414,11.0,Deep_Learning,VAEM
VAEM_ld64_lr1e-03_ep200_Constrained,True,MCAR,0.3,1,0.0,0.0,0.0,0.0,0.0,Deep_Learning,VAEM
VaDER_ld16_lr1e-04_ep50,False,MCAR,0.3,1,3.342684072332015,7.655935415737821,0.8730370599883229,0.2878499031066894,29.0,Deep_Learning,VaDER
VaDER_ld16_lr1e-04_ep50_Constrained,True,MCAR,0.3,1,0.0,0.0,0.0,0.0,0.0,Deep_Learning,VaDER
VaDER_ld16_lr1e-04_ep200,False,MCAR,0.3,1,3.2592086857735985,7.5922754167373405,0.8751397050327522,1.0991082191467283,26.0,Deep_Learning,VaDER
VaDER_ld16_lr1e-04_ep200_Constrained,True,MCAR,0.3,1,0.0,0.0,0.0,0.0,0.0,Deep_Learning,VaDER
VaDER_ld16_lr1e-03_ep50,False,MCAR,0.3,1,3.304670098560738,7.685850749589374,0.8720429138556458,0.2871408462524414,32.0,Deep_Learning,VaDER
VaDER_ld16_lr1e-03_ep50_Constrained,True,MCAR,0.3,1,0.0,0.0,0.0,0.0,0.0,Deep_Learning,VaDER
VaDER_ld16_lr1e-03_ep200,False,MCAR,0.3,1,3.3920906395792123,8.139690257769342,0.8564853599726692,1.0997467041015625,20.0,Deep_Learning,VaDER
VaDER_ld16_lr1e-03_ep200_Constrained,True,MCAR,0.3,1,0.0,0.0,0.0,0.0,0.0,Deep_Learning,VaDER
VaDER_ld32_lr1e-04_ep50,False,MCAR,0.3,1,3.324494668282844,7.626531722522203,0.874010425158281,0.5567057132720947,20.0,Deep_Learning,VaDER
VaDER_ld32_lr1e-04_ep50_Constrained,True,MCAR,0.3,1,0.0,0.0,0.0,0.0,0.0,Deep_Learning,VaDER
VaDER_ld32_lr1e-04_ep200,False,MCAR,0.3,1,3.272315204165725,7.636389876989544,0.8736845031103707,2.2348508834838867,38.0,Deep_Learning,VaDER
VaDER_ld32_lr1e-04_ep200_Constrained,True,MCAR,0.3,1,0.0,0.0,0.0,0.0,0.0,Deep_Learning,VaDER
VaDER_ld32_lr1e-03_ep50,False,MCAR,0.3,1,3.301709307918784,7.753089973195449,0.8697942701986318,0.4579715728759765,40.0,Deep_Learning,VaDER
VaDER_ld32_lr1e-03_ep50_Constrained,True,MCAR,0.3,1,0.0,0.0,0.0,0.0,0.0,Deep_Learning,VaDER
VaDER_ld32_lr1e-03_ep200,False,MCAR,0.3,1,3.434349438755937,8.238451130346634,0.852981635209524,1.9190974235534668,15.0,Deep_Learning,VaDER
VaDER_ld32_lr1e-03_ep200_Constrained,True,MCAR,0.3,1,0.0,0.0,0.0,0.0,0.0,Deep_Learning,VaDER
VaDER_ld64_lr1e-04_ep50,False,MCAR,0.3,1,3.334882143950441,7.658058916796458,0.8729666196534125,0.4569435119628906,26.0,Deep_Learning,VaDER
VaDER_ld64_lr1e-04_ep50_Constrained,True,MCAR,0.3,1,0.0,0.0,0.0,0.0,0.0,Deep_Learning,VaDER
VaDER_ld64_lr1e-04_ep200,False,MCAR,0.3,1,3.26472409774846,7.604531109823612,0.874736272739151,1.7828397750854492,27.0,Deep_Learning,VaDER
VaDER_ld64_lr1e-04_ep200_Constrained,True,MCAR,0.3,1,0.0,0.0,0.0,0.0,0.0,Deep_Learning,VaDER
VaDER_ld64_lr1e-03_ep50,False,MCAR,0.3,1,3.297955145626652,7.698755905342342,0.8716128528207625,0.4552998542785644,41.0,Deep_Learning,VaDER
VaDER_ld64_lr1e-03_ep50_Constrained,True,MCAR,0.3,1,0.0,0.0,0.0,0.0,0.0,Deep_Learning,VaDER
VaDER_ld64_lr1e-03_ep200,False,MCAR,0.3,1,3.452907294520405,8.304163787732163,0.8506269457553157,1.8215994834899905,11.0,Deep_Learning,VaDER
VaDER_ld64_lr1e-03_ep200_Constrained,True,MCAR,0.3,1,0.0,0.0,0.0,0.0,0.0,Deep_Learning,VaDER
GAIN,False,MCAR,0.3,2,4.566252010268099,10.034935387822602,0.7760022855251079,1.0792195796966553,1048.0,Deep_Learning,GAIN
GAIN_Constrained,True,MCAR,0.3,2,0.0,0.0,0.0,0.0,0.0,Deep_Learning,GAIN
VAEM_ld16_lr1e-04_ep50,False,MCAR,0.3,2,3.36602923556109,7.607876549564392,0.871251748495709,0.3348007202148437,25.0,Deep_Learning,VAEM
VAEM_ld16_lr1e-04_ep50_Constrained,True,MCAR,0.3,2,0.0,0.0,0.0,0.0,0.0,Deep_Learning,VAEM
VAEM_ld16_lr1e-04_ep200,False,MCAR,0.3,2,3.277035507994869,7.4751935173620385,0.8757033836407524,1.5001156330108645,23.0,Deep_Learning,VAEM
VAEM_ld16_lr1e-04_ep200_Constrained,True,MCAR,0.3,2,0.0,0.0,0.0,0.0,0.0,Deep_Learning,VAEM
VAEM_ld16_lr1e-03_ep50,False,MCAR,0.3,2,3.2785594594105647,7.458097379085888,0.8762712785465906,0.4613103866577148,20.0,Deep_Learning,VAEM
VAEM_ld16_lr1e-03_ep50_Constrained,True,MCAR,0.3,2,0.0,0.0,0.0,0.0,0.0,Deep_Learning,VAEM
VAEM_ld16_lr1e-03_ep200,False,MCAR,0.3,2,3.3075600610887745,7.584638645778845,0.8720370583635899,1.129716157913208,8.0,Deep_Learning,VAEM
VAEM_ld16_lr1e-03_ep200_Constrained,True,MCAR,0.3,2,0.0,0.0,0.0,0.0,0.0,Deep_Learning,VAEM
VAEM_ld32_lr1e-04_ep50,False,MCAR,0.3,2,3.36342921953714,7.548715906401608,0.8732463166736923,0.2808623313903808,23.0,Deep_Learning,VAEM
VAEM_ld32_lr1e-04_ep50_Constrained,True,MCAR,0.3,2,0.0,0.0,0.0,0.0,0.0,Deep_Learning,VAEM
VAEM_ld32_lr1e-04_ep200,False,MCAR,0.3,2,3.2798690519649703,7.4645628581309245,0.8760566628978285,1.0767590999603271,24.0,Deep_Learning,VAEM
VAEM_ld32_lr1e-04_ep200_Constrained,True,MCAR,0.3,2,0.0,0.0,0.0,0.0,0.0,Deep_Learning,VAEM
VAEM_ld32_lr1e-03_ep50,False,MCAR,0.3,2,3.2920751899600877,7.5112382140526845,0.8745017999054336,0.2828075885772705,33.0,Deep_Learning,VAEM
VAEM_ld32_lr1e-03_ep50_Constrained,True,MCAR,0.3,2,0.0,0.0,0.0,0.0,0.0,Deep_Learning,VAEM
VAEM_ld32_lr1e-03_ep200,False,MCAR,0.3,2,3.3499154898622194,7.737248130333304,0.8668358027172154,1.0750060081481934,13.0,Deep_Learning,VAEM
VAEM_ld32_lr1e-03_ep200_Constrained,True,MCAR,0.3,2,0.0,0.0,0.0,0.0,0.0,Deep_Learning,VAEM
VAEM_ld64_lr1e-04_ep50,False,MCAR,0.3,2,3.3620246339204303,7.551160804116298,0.8731641967528712,0.2805113792419433,19.0,Deep_Learning,VAEM
VAEM_ld64_lr1e-04_ep50_Constrained,True,MCAR,0.3,2,0.0,0.0,0.0,0.0,0.0,Deep_Learning,VAEM
VAEM_ld64_lr1e-04_ep200,False,MCAR,0.3,2,3.273585543033889,7.461961349039541,0.8761430399669057,1.0737247467041016,19.0,Deep_Learning,VAEM
VAEM_ld64_lr1e-04_ep200_Constrained,True,MCAR,0.3,2,0.0,0.0,0.0,0.0,0.0,Deep_Learning,VAEM
VAEM_ld64_lr1e-03_ep50,False,MCAR,0.3,2,3.293289538718143,7.49479157903221,0.8750507808690567,0.2805960178375244,30.0,Deep_Learning,VAEM
VAEM_ld64_lr1e-03_ep50_Constrained,True,MCAR,0.3,2,0.0,0.0,0.0,0.0,0.0,Deep_Learning,VAEM
VAEM_ld64_lr1e-03_ep200,False,MCAR,0.3,2,3.397038485740216,7.844681782525614,0.863112091334125,1.641246318817139,10.0,Deep_Learning,VAEM
VAEM_ld64_lr1e-03_ep200_Constrained,True,MCAR,0.3,2,0.0,0.0,0.0,0.0,0.0,Deep_Learning,VAEM
VaDER_ld16_lr1e-04_ep50,False,MCAR,0.3,2,3.378480046526802,7.609589098728269,0.8711937789623829,0.4803361892700195,25.0,Deep_Learning,VaDER
VaDER_ld16_lr1e-04_ep50_Constrained,True,MCAR,0.3,2,0.0,0.0,0.0,0.0,0.0,Deep_Learning,VaDER
VaDER_ld16_lr1e-04_ep200,False,MCAR,0.3,2,3.303724999935351,7.490050967401466,0.8752087968413185,2.175341844558716,36.0,Deep_Learning,VaDER
VaDER_ld16_lr1e-04_ep200_Constrained,True,MCAR,0.3,2,0.0,0.0,0.0,0.0,0.0,Deep_Learning,VaDER
VaDER_ld16_lr1e-03_ep50,False,MCAR,0.3,2,3.352297430751027,7.698142961818256,0.8681784632576934,0.5692398548126221,36.0,Deep_Learning,VaDER
VaDER_ld16_lr1e-03_ep50_Constrained,True,MCAR,0.3,2,0.0,0.0,0.0,0.0,0.0,Deep_Learning,VaDER
VaDER_ld16_lr1e-03_ep200,False,MCAR,0.3,2,3.426566649422459,8.045157363195568,0.856026185005331,2.3971502780914307,11.0,Deep_Learning,VaDER
VaDER_ld16_lr1e-03_ep200_Constrained,True,MCAR,0.3,2,0.0,0.0,0.0,0.0,0.0,Deep_Learning,VaDER
VaDER_ld32_lr1e-04_ep50,False,MCAR,0.3,2,3.37942002418379,7.616121438543858,0.8709725404325328,0.4650838375091553,24.0,Deep_Learning,VaDER
VaDER_ld32_lr1e-04_ep50_Constrained,True,MCAR,0.3,2,0.0,0.0,0.0,0.0,0.0,Deep_Learning,VaDER
VaDER_ld32_lr1e-04_ep200,False,MCAR,0.3,2,3.315713227320068,7.59450077859113,0.8717040674193254,1.808711290359497,34.0,Deep_Learning,VaDER
VaDER_ld32_lr1e-04_ep200_Constrained,True,MCAR,0.3,2,0.0,0.0,0.0,0.0,0.0,Deep_Learning,VaDER
VaDER_ld32_lr1e-03_ep50,False,MCAR,0.3,2,3.336900802209611,7.638453122885351,0.8702147728772387,0.350414514541626,35.0,Deep_Learning,VaDER
VaDER_ld32_lr1e-03_ep50_Constrained,True,MCAR,0.3,2,0.0,0.0,0.0,0.0,0.0,Deep_Learning,VaDER
VaDER_ld32_lr1e-03_ep200,False,MCAR,0.3,2,3.503531221141857,8.311378087825378,0.8463401149336551,1.407890796661377,10.0,Deep_Learning,VaDER
VaDER_ld32_lr1e-03_ep200_Constrained,True,MCAR,0.3,2,0.0,0.0,0.0,0.0,0.0,Deep_Learning,VaDER
VaDER_ld64_lr1e-04_ep50,False,MCAR,0.3,2,3.371782533166067,7.618579702652104,0.8708892343129435,0.2857298851013183,26.0,Deep_Learning,VaDER
VaDER_ld64_lr1e-04_ep50_Constrained,True,MCAR,0.3,2,0.0,0.0,0.0,0.0,0.0,Deep_Learning,VaDER
VaDER_ld64_lr1e-04_ep200,False,MCAR,0.3,2,3.317283471699961,7.5497927428032865,0.8732101508628667,1.095320463180542,27.0,Deep_Learning,VaDER
VaDER_ld64_lr1e-04_ep200_Constrained,True,MCAR,0.3,2,0.0,0.0,0.0,0.0,0.0,Deep_Learning,VaDER
VaDER_ld64_lr1e-03_ep50,False,MCAR,0.3,2,3.3494534488027607,7.7132212161556115,0.8676615632080994,0.2862532138824463,38.0,Deep_Learning,VaDER
VaDER_ld64_lr1e-03_ep50_Constrained,True,MCAR,0.3,2,0.0,0.0,0.0,0.0,0.0,Deep_Learning,VaDER
VaDER_ld64_lr1e-03_ep200,False,MCAR,0.3,2,3.5025020732454624,8.249738163814824,0.8486108482208499,1.0956580638885498,18.0,Deep_Learning,VaDER
VaDER_ld64_lr1e-03_ep200_Constrained,True,MCAR,0.3,2,0.0,0.0,0.0,0.0,0.0,Deep_Learning,VaDER
GAIN,False,MCAR,0.3,3,4.586990907741046,10.22349060251265,0.7859638675826262,0.9223315715789796,1056.0,Deep_Learning,GAIN
GAIN_Constrained,True,MCAR,0.3,3,0.0,0.0,0.0,0.0,0.0,Deep_Learning,GAIN
VAEM_ld16_lr1e-04_ep50,False,MCAR,0.3,3,3.412267159876396,7.951158115171382,0.8705358661242282,0.2834956645965576,14.0,Deep_Learning,VAEM
VAEM_ld16_lr1e-04_ep50_Constrained,True,MCAR,0.3,3,0.0,0.0,0.0,0.0,0.0,Deep_Learning,VAEM
VAEM_ld16_lr1e-04_ep200,False,MCAR,0.3,3,3.3493618100704805,7.844208749597184,0.8739952329832963,2.38187026977539,15.0,Deep_Learning,VAEM
VAEM_ld16_lr1e-04_ep200_Constrained,True,MCAR,0.3,3,0.0,0.0,0.0,0.0,0.0,Deep_Learning,VAEM
VAEM_ld16_lr1e-03_ep50,False,MCAR,0.3,3,3.357862236737436,7.913634336982317,0.8717549389358925,0.2834007740020752,18.0,Deep_Learning,VAEM
VAEM_ld16_lr1e-03_ep50_Constrained,True,MCAR,0.3,3,0.0,0.0,0.0,0.0,0.0,Deep_Learning,VAEM
VAEM_ld16_lr1e-03_ep200,False,MCAR,0.3,3,3.4013982144547787,8.087736582353088,0.8660500097864786,1.0838658809661863,19.0,Deep_Learning,VAEM
VAEM_ld16_lr1e-03_ep200_Constrained,True,MCAR,0.3,3,0.0,0.0,0.0,0.0,0.0,Deep_Learning,VAEM
VAEM_ld32_lr1e-04_ep50,False,MCAR,0.3,3,3.424174506937419,7.954460081582542,0.8704283157576507,0.2830207347869873,8.0,Deep_Learning,VAEM
VAEM_ld32_lr1e-04_ep50_Constrained,True,MCAR,0.3,3,0.0,0.0,0.0,0.0,0.0,Deep_Learning,VAEM
VAEM_ld32_lr1e-04_ep200,False,MCAR,0.3,3,3.351756641608281,7.859745010884518,0.8734956079215732,1.0848965644836426,16.0,Deep_Learning,VAEM
VAEM_ld32_lr1e-04_ep200_Constrained,True,MCAR,0.3,3,0.0,0.0,0.0,0.0,0.0,Deep_Learning,VAEM
VAEM_ld32_lr1e-03_ep50,False,MCAR,0.3,3,3.3707465829973366,7.947534641488654,0.8706538371127592,0.2828435897827148,19.0,Deep_Learning,VAEM
VAEM_ld32_lr1e-03_ep50_Constrained,True,MCAR,0.3,3,0.0,0.0,0.0,0.0,0.0,Deep_Learning,VAEM
VAEM_ld32_lr1e-03_ep200,False,MCAR,0.3,3,3.463200051977628,8.346589008955599,0.8573385122534991,1.084254026412964,12.0,Deep_Learning,VAEM
VAEM_ld32_lr1e-03_ep200_Constrained,True,MCAR,0.3,3,0.0,0.0,0.0,0.0,0.0,Deep_Learning,VAEM
VAEM_ld64_lr1e-04_ep50,False,MCAR,0.3,3,3.4176450791835467,7.918487044167836,0.8715976088108001,0.2982075214385986,15.0,Deep_Learning,VAEM
VAEM_ld64_lr1e-04_ep50_Constrained,True,MCAR,0.3,3,0.0,0.0,0.0,0.0,0.0,Deep_Learning,VAEM
VAEM_ld64_lr1e-04_ep200,False,MCAR,0.3,3,3.3541410999156893,7.875580704119347,0.8729853361922317,1.8574540615081787,33.0,Deep_Learning,VAEM
VAEM_ld64_lr1e-04_ep200_Constrained,True,MCAR,0.3,3,0.0,0.0,0.0,0.0,0.0,Deep_Learning,VAEM
VAEM_ld64_lr1e-03_ep50,False,MCAR,0.3,3,3.389661074681537,8.019733123855977,0.8682931014134792,0.3707582950592041,29.0,Deep_Learning,VAEM
VAEM_ld64_lr1e-03_ep50_Constrained,True,MCAR,0.3,3,0.0,0.0,0.0,0.0,0.0,Deep_Learning,VAEM
VAEM_ld64_lr1e-03_ep200,False,MCAR,0.3,3,3.520125940162479,8.658707967420987,0.8464694253714815,1.1990201473236084,14.0,Deep_Learning,VAEM
VAEM_ld64_lr1e-03_ep200_Constrained,True,MCAR,0.3,3,0.0,0.0,0.0,0.0,0.0,Deep_Learning,VAEM
VaDER_ld16_lr1e-04_ep50,False,MCAR,0.3,3,3.426697713619461,8.00296583632142,0.8688432590879311,0.2883131504058838,20.0,Deep_Learning,VaDER
VaDER_ld16_lr1e-04_ep50_Constrained,True,MCAR,0.3,3,0.0,0.0,0.0,0.0,0.0,Deep_Learning,VaDER
VaDER_ld16_lr1e-04_ep200,False,MCAR,0.3,3,3.407451715278893,8.089004654232971,0.866008002599385,1.346332550048828,29.0,Deep_Learning,VaDER
VaDER_ld16_lr1e-04_ep200_Constrained,True,MCAR,0.3,3,0.0,0.0,0.0,0.0,0.0,Deep_Learning,VaDER
VaDER_ld16_lr1e-03_ep50,False,MCAR,0.3,3,3.4403490203654057,8.280920022440213,0.8595745348944599,0.2896788120269775,30.0,Deep_Learning,VaDER
VaDER_ld16_lr1e-03_ep50_Constrained,True,MCAR,0.3,3,0.0,0.0,0.0,0.0,0.0,Deep_Learning,VaDER
VaDER_ld16_lr1e-03_ep200,False,MCAR,0.3,3,3.5487325330187405,8.768795085784683,0.8425406213846924,1.098067045211792,12.0,Deep_Learning,VaDER
VaDER_ld16_lr1e-03_ep200_Constrained,True,MCAR,0.3,3,0.0,0.0,0.0,0.0,0.0,Deep_Learning,VaDER
VaDER_ld32_lr1e-04_ep50,False,MCAR,0.3,3,3.441169052814951,8.046725858089202,0.8674050139512567,0.2884058952331543,15.0,Deep_Learning,VaDER
VaDER_ld32_lr1e-04_ep50_Constrained,True,MCAR,0.3,3,0.0,0.0,0.0,0.0,0.0,Deep_Learning,VaDER
VaDER_ld32_lr1e-04_ep200,False,MCAR,0.3,3,3.3969591907029257,8.066427111680074,0.8667549395243086,1.1009366512298584,37.0,Deep_Learning,VaDER
VaDER_ld32_lr1e-04_ep200_Constrained,True,MCAR,0.3,3,0.0,0.0,0.0,0.0,0.0,Deep_Learning,VaDER
VaDER_ld32_lr1e-03_ep50,False,MCAR,0.3,3,3.4559045898208045,8.30537274143508,0.8587439860574599,0.2884538173675537,18.0,Deep_Learning,VaDER
VaDER_ld32_lr1e-03_ep50_Constrained,True,MCAR,0.3,3,0.0,0.0,0.0,0.0,0.0,Deep_Learning,VaDER
VaDER_ld32_lr1e-03_ep200,False,MCAR,0.3,3,3.610388695930874,8.960072220916945,0.8355962532030086,1.1011302471160889,8.0,Deep_Learning,VaDER
VaDER_ld32_lr1e-03_ep200_Constrained,True,MCAR,0.3,3,0.0,0.0,0.0,0.0,0.0,Deep_Learning,VaDER
VaDER_ld64_lr1e-04_ep50,False,MCAR,0.3,3,3.4386445291932994,8.001519458360656,0.8688906627832302,0.2899472713470459,22.0,Deep_Learning,VaDER
VaDER_ld64_lr1e-04_ep50_Constrained,True,MCAR,0.3,3,0.0,0.0,0.0,0.0,0.0,Deep_Learning,VaDER
VaDER_ld64_lr1e-04_ep200,False,MCAR,0.3,3,3.3977340777428755,8.055117539284835,0.8671283113350139,1.0997393131256104,34.0,Deep_Learning,VaDER
VaDER_ld64_lr1e-04_ep200_Constrained,True,MCAR,0.3,3,0.0,0.0,0.0,0.0,0.0,Deep_Learning,VaDER
VaDER_ld64_lr1e-03_ep50,False,MCAR,0.3,3,3.4487721601581374,8.275757265285938,0.8597495774203362,0.2883715629577636,33.0,Deep_Learning,VaDER
VaDER_ld64_lr1e-03_ep50_Constrained,True,MCAR,0.3,3,0.0,0.0,0.0,0.0,0.0,Deep_Learning,VaDER
VaDER_ld64_lr1e-03_ep200,False,MCAR,0.3,3,3.6084327798355376,8.99151577287235,0.8344403454889091,1.102168321609497,9.0,Deep_Learning,VaDER
VaDER_ld64_lr1e-03_ep200_Constrained,True,MCAR,0.3,3,0.0,0.0,0.0,0.0,0.0,Deep_Learning,VaDER
GAIN,False,MCAR,0.3,4,4.554213063788861,10.058722332066866,0.7773128913837427,0.9698319435119628,1037.0,Deep_Learning,GAIN
GAIN_Constrained,True,MCAR,0.3,4,0.0,0.0,0.0,0.0,0.0,Deep_Learning,GAIN
VAEM_ld16_lr1e-04_ep50,False,MCAR,0.3,4,3.3450849241293183,7.573866400880715,0.873746124788195,0.2859301567077636,17.0,Deep_Learning,VAEM
VAEM_ld16_lr1e-04_ep50_Constrained,True,MCAR,0.3,4,0.0,0.0,0.0,0.0,0.0,Deep_Learning,VAEM
VAEM_ld16_lr1e-04_ep200,False,MCAR,0.3,4,3.2763979312173417,7.479264652397385,0.8768803878389282,1.3277404308319092,13.0,Deep_Learning,VAEM
VAEM_ld16_lr1e-04_ep200_Constrained,True,MCAR,0.3,4,0.0,0.0,0.0,0.0,0.0,Deep_Learning,VAEM
VAEM_ld16_lr1e-03_ep50,False,MCAR,0.3,4,3.2801232212148683,7.509011896452528,0.8758990741183605,0.4713411331176758,10.0,Deep_Learning,VAEM
VAEM_ld16_lr1e-03_ep50_Constrained,True,MCAR,0.3,4,0.0,0.0,0.0,0.0,0.0,Deep_Learning,VAEM
VAEM_ld16_lr1e-03_ep200,False,MCAR,0.3,4,3.353950136728594,7.863935458720319,0.8638902244384468,1.8095636367797847,12.0,Deep_Learning,VAEM
VAEM_ld16_lr1e-03_ep200_Constrained,True,MCAR,0.3,4,0.0,0.0,0.0,0.0,0.0,Deep_Learning,VAEM
VAEM_ld32_lr1e-04_ep50,False,MCAR,0.3,4,3.3475610975245216,7.58717255367627,0.8733021166741751,0.2843403816223144,15.0,Deep_Learning,VAEM
VAEM_ld32_lr1e-04_ep50_Constrained,True,MCAR,0.3,4,0.0,0.0,0.0,0.0,0.0,Deep_Learning,VAEM
VAEM_ld32_lr1e-04_ep200,False,MCAR,0.3,4,3.269172157633897,7.492808586010316,0.8764340782721818,1.0905044078826904,13.0,Deep_Learning,VAEM
VAEM_ld32_lr1e-04_ep200_Constrained,True,MCAR,0.3,4,0.0,0.0,0.0,0.0,0.0,Deep_Learning,VAEM
VAEM_ld32_lr1e-03_ep50,False,MCAR,0.3,4,3.289383886035247,7.559167833440203,0.8742356898999931,0.2842297554016113,14.0,Deep_Learning,VAEM
VAEM_ld32_lr1e-03_ep50_Constrained,True,MCAR,0.3,4,0.0,0.0,0.0,0.0,0.0,Deep_Learning,VAEM
VAEM_ld32_lr1e-03_ep200,False,MCAR,0.3,4,3.378178365918675,7.812940346184008,0.8656497578143989,1.0878517627716064,18.0,Deep_Learning,VAEM
VAEM_ld32_lr1e-03_ep200_Constrained,True,MCAR,0.3,4,0.0,0.0,0.0,0.0,0.0,Deep_Learning,VAEM
VAEM_ld64_lr1e-04_ep50,False,MCAR,0.3,4,3.35110462509044,7.559267292941673,0.874232380398696,0.2838687896728515,19.0,Deep_Learning,VAEM
VAEM_ld64_lr1e-04_ep50_Constrained,True,MCAR,0.3,4,0.0,0.0,0.0,0.0,0.0,Deep_Learning,VAEM
VAEM_ld64_lr1e-04_ep200,False,MCAR,0.3,4,3.2935654357765047,7.591249610739796,0.8731659148717692,1.0857610702514648,18.0,Deep_Learning,VAEM
VAEM_ld64_lr1e-04_ep200_Constrained,True,MCAR,0.3,4,0.0,0.0,0.0,0.0,0.0,Deep_Learning,VAEM
VAEM_ld64_lr1e-03_ep50,False,MCAR,0.3,4,3.315072423135841,7.632948571847375,0.8717686810145586,0.2855587005615234,17.0,Deep_Learning,VAEM
VAEM_ld64_lr1e-03_ep50_Constrained,True,MCAR,0.3,4,0.0,0.0,0.0,0.0,0.0,Deep_Learning,VAEM
VAEM_ld64_lr1e-03_ep200,False,MCAR,0.3,4,3.4427687114192045,8.178207576906479,0.8527939376208314,1.0846972465515137,18.0,Deep_Learning,VAEM
VAEM_ld64_lr1e-03_ep200_Constrained,True,MCAR,0.3,4,0.0,0.0,0.0,0.0,0.0,Deep_Learning,VAEM
VaDER_ld16_lr1e-04_ep50,False,MCAR,0.3,4,3.364397587634134,7.623043314260492,0.8721012759715097,0.2876520156860351,34.0,Deep_Learning,VaDER
VaDER_ld16_lr1e-04_ep50_Constrained,True,MCAR,0.3,4,0.0,0.0,0.0,0.0,0.0,Deep_Learning,VaDER
VaDER_ld16_lr1e-04_ep200,False,MCAR,0.3,4,3.334606234818676,7.748744177378494,0.8678485042784421,1.1002790927886963,28.0,Deep_Learning,VaDER
VaDER_ld16_lr1e-04_ep200_Constrained,True,MCAR,0.3,4,0.0,0.0,0.0,0.0,0.0,Deep_Learning,VaDER
VaDER_ld16_lr1e-03_ep50,False,MCAR,0.3,4,3.368174421718652,7.903309283409779,0.8625238401830988,0.287238597869873,22.0,Deep_Learning,VaDER
VaDER_ld16_lr1e-03_ep50_Constrained,True,MCAR,0.3,4,0.0,0.0,0.0,0.0,0.0,Deep_Learning,VaDER
VaDER_ld16_lr1e-03_ep200,False,MCAR,0.3,4,3.461918030701291,8.238932097219932,0.8505997638315888,1.0990197658538818,14.0,Deep_Learning,VaDER
VaDER_ld16_lr1e-03_ep200_Constrained,True,MCAR,0.3,4,0.0,0.0,0.0,0.0,0.0,Deep_Learning,VaDER
VaDER_ld32_lr1e-04_ep50,False,MCAR,0.3,4,3.3638719100017087,7.6531044067817104,0.8710905625181348,0.2873175144195556,15.0,Deep_Learning,VaDER
VaDER_ld32_lr1e-04_ep50_Constrained,True,MCAR,0.3,4,0.0,0.0,0.0,0.0,0.0,Deep_Learning,VaDER
VaDER_ld32_lr1e-04_ep200,False,MCAR,0.3,4,3.339129511266621,7.676591380299304,0.8702981158723185,1.0977628231048584,37.0,Deep_Learning,VaDER
VaDER_ld32_lr1e-04_ep200_Constrained,True,MCAR,0.3,4,0.0,0.0,0.0,0.0,0.0,Deep_Learning,VaDER
VaDER_ld32_lr1e-03_ep50,False,MCAR,0.3,4,3.386708697049631,7.8917993195698495,0.8629239746961697,0.2874379158020019,27.0,Deep_Learning,VaDER
VaDER_ld32_lr1e-03_ep50_Constrained,True,MCAR,0.3,4,0.0,0.0,0.0,0.0,0.0,Deep_Learning,VaDER
VaDER_ld32_lr1e-03_ep200,False,MCAR,0.3,4,3.528174346698414,8.38308327587616,0.8453261136978643,1.0982649326324463,13.0,Deep_Learning,VaDER
VaDER_ld32_lr1e-03_ep200_Constrained,True,MCAR,0.3,4,0.0,0.0,0.0,0.0,0.0,Deep_Learning,VaDER
VaDER_ld64_lr1e-04_ep50,False,MCAR,0.3,4,3.365220359631417,7.616191304984035,0.8723310974078344,0.3516709804534912,24.0,Deep_Learning,VaDER
VaDER_ld64_lr1e-04_ep50_Constrained,True,MCAR,0.3,4,0.0,0.0,0.0,0.0,0.0,Deep_Learning,VaDER
VaDER_ld64_lr1e-04_ep200,False,MCAR,0.3,4,3.346319170642877,7.685854351476101,0.8699849170565223,1.895944595336914,39.0,Deep_Learning,VaDER
VaDER_ld64_lr1e-04_ep200_Constrained,True,MCAR,0.3,4,0.0,0.0,0.0,0.0,0.0,Deep_Learning,VaDER
VaDER_ld64_lr1e-03_ep50,False,MCAR,0.3,4,3.395037514608316,7.935625080141631,0.8613972907230982,0.4578468799591064,41.0,Deep_Learning,VaDER
VaDER_ld64_lr1e-03_ep50_Constrained,True,MCAR,0.3,4,0.0,0.0,0.0,0.0,0.0,Deep_Learning,VaDER
VaDER_ld64_lr1e-03_ep200,False,MCAR,0.3,4,3.5449222025553,8.448220199691237,0.842913129754474,1.8002357482910156,16.0,Deep_Learning,VaDER
VaDER_ld64_lr1e-03_ep200_Constrained,True,MCAR,0.3,4,0.0,0.0,0.0,0.0,0.0,Deep_Learning,VaDER
GAIN,False,MCAR,0.3,5,4.601754791587933,10.15213954786216,0.7745148215171477,1.245356798171997,1029.0,Deep_Learning,GAIN
GAIN_Constrained,True,MCAR,0.3,5,0.0,0.0,0.0,0.0,0.0,Deep_Learning,GAIN
VAEM_ld16_lr1e-04_ep50,False,MCAR,0.3,5,3.3808539612565323,7.759026062129095,0.8682904506040765,0.2842590808868408,5.0,Deep_Learning,VAEM
VAEM_ld16_lr1e-04_ep50_Constrained,True,MCAR,0.3,5,0.0,0.0,0.0,0.0,0.0,Deep_Learning,VAEM
VAEM_ld16_lr1e-04_ep200,False,MCAR,0.3,5,3.2919973585958324,7.642292038480939,0.87222376071819,1.0873174667358398,20.0,Deep_Learning,VAEM
VAEM_ld16_lr1e-04_ep200_Constrained,True,MCAR,0.3,5,0.0,0.0,0.0,0.0,0.0,Deep_Learning,VAEM
VAEM_ld16_lr1e-03_ep50,False,MCAR,0.3,5,3.304911918523372,7.679341844897227,0.870981840016886,0.2844767570495605,19.0,Deep_Learning,VAEM
VAEM_ld16_lr1e-03_ep50_Constrained,True,MCAR,0.3,5,0.0,0.0,0.0,0.0,0.0,Deep_Learning,VAEM
VAEM_ld16_lr1e-03_ep200,False,MCAR,0.3,5,3.352747916961172,7.864443243775762,0.864687222781703,1.085141658782959,16.0,Deep_Learning,VAEM
VAEM_ld16_lr1e-03_ep200_Constrained,True,MCAR,0.3,5,0.0,0.0,0.0,0.0,0.0,Deep_Learning,VAEM
VAEM_ld32_lr1e-04_ep50,False,MCAR,0.3,5,3.380740841585632,7.765595762684485,0.8680673147048524,0.2818691730499267,4.0,Deep_Learning,VAEM
VAEM_ld32_lr1e-04_ep50_Constrained,True,MCAR,0.3,5,0.0,0.0,0.0,0.0,0.0,Deep_Learning,VAEM
VAEM_ld32_lr1e-04_ep200,False,MCAR,0.3,5,3.3005408043146924,7.653045553191862,0.8718639183111161,1.0773470401763916,18.0,Deep_Learning,VAEM
VAEM_ld32_lr1e-04_ep200_Constrained,True,MCAR,0.3,5,0.0,0.0,0.0,0.0,0.0,Deep_Learning,VAEM
VAEM_ld32_lr1e-03_ep50,False,MCAR,0.3,5,3.320314885624285,7.74840142764541,0.8686509102069422,0.2818820476531982,14.0,Deep_Learning,VAEM
VAEM_ld32_lr1e-03_ep50_Constrained,True,MCAR,0.3,5,0.0,0.0,0.0,0.0,0.0,Deep_Learning,VAEM
VAEM_ld32_lr1e-03_ep200,False,MCAR,0.3,5,3.3843964194862863,7.92718693820687,0.8625195192035552,1.0792431831359863,14.0,Deep_Learning,VAEM
VAEM_ld32_lr1e-03_ep200_Constrained,True,MCAR,0.3,5,0.0,0.0,0.0,0.0,0.0,Deep_Learning,VAEM
VAEM_ld64_lr1e-04_ep50,False,MCAR,0.3,5,3.366053614514899,7.724458764551313,0.8694613969181672,0.3024220466613769,7.0,Deep_Learning,VAEM
VAEM_ld64_lr1e-04_ep50_Constrained,True,MCAR,0.3,5,0.0,0.0,0.0,0.0,0.0,Deep_Learning,VAEM
VAEM_ld64_lr1e-04_ep200,False,MCAR,0.3,5,3.298485983216811,7.646683724696103,0.8720768638498778,1.7100837230682373,27.0,Deep_Learning,VAEM
VAEM_ld64_lr1e-04_ep200_Constrained,True,MCAR,0.3,5,0.0,0.0,0.0,0.0,0.0,Deep_Learning,VAEM
VAEM_ld64_lr1e-03_ep50,False,MCAR,0.3,5,3.3326744306969545,7.737789468755014,0.8690104467265365,0.550983190536499,22.0,Deep_Learning,VAEM
VAEM_ld64_lr1e-03_ep50_Constrained,True,MCAR,0.3,5,0.0,0.0,0.0,0.0,0.0,Deep_Learning,VAEM
VAEM_ld64_lr1e-03_ep200,False,MCAR,0.3,5,3.448863200203427,8.224749754091192,0.8520045959733207,2.0417397022247314,11.0,Deep_Learning,VAEM
VAEM_ld64_lr1e-03_ep200_Constrained,True,MCAR,0.3,5,0.0,0.0,0.0,0.0,0.0,Deep_Learning,VAEM
VaDER_ld16_lr1e-04_ep50,False,MCAR,0.3,5,3.391055388359025,7.799481864709614,0.8669133945799102,0.4601743221282959,18.0,Deep_Learning,VaDER
VaDER_ld16_lr1e-04_ep50_Constrained,True,MCAR,0.3,5,0.0,0.0,0.0,0.0,0.0,Deep_Learning,VaDER
VaDER_ld16_lr1e-04_ep200,False,MCAR,0.3,5,3.3483301470186144,7.804871213214389,0.8667294085367387,1.805736064910889,24.0,Deep_Learning,VaDER
VaDER_ld16_lr1e-04_ep200_Constrained,True,MCAR,0.3,5,0.0,0.0,0.0,0.0,0.0,Deep_Learning,VaDER
VaDER_ld16_lr1e-03_ep50,False,MCAR,0.3,5,3.3734023376679154,7.909078324449151,0.8631469138608537,0.4602169990539551,32.0,Deep_Learning,VaDER
VaDER_ld16_lr1e-03_ep50_Constrained,True,MCAR,0.3,5,0.0,0.0,0.0,0.0,0.0,Deep_Learning,VaDER
VaDER_ld16_lr1e-03_ep200,False,MCAR,0.3,5,3.4763729111546144,8.34610507026627,0.847605063158986,1.829984426498413,10.0,Deep_Learning,VaDER
VaDER_ld16_lr1e-03_ep200_Constrained,True,MCAR,0.3,5,0.0,0.0,0.0,0.0,0.0,Deep_Learning,VaDER
VaDER_ld32_lr1e-04_ep50,False,MCAR,0.3,5,3.3868384855325018,7.811945070700524,0.8664877224499427,0.4645626544952392,8.0,Deep_Learning,VaDER
VaDER_ld32_lr1e-04_ep50_Constrained,True,MCAR,0.3,5,0.0,0.0,0.0,0.0,0.0,Deep_Learning,VaDER
VaDER_ld32_lr1e-04_ep200,False,MCAR,0.3,5,3.355210384859727,7.792372084961173,0.8671559197108809,1.8278577327728271,44.0,Deep_Learning,VaDER
VaDER_ld32_lr1e-04_ep200_Constrained,True,MCAR,0.3,5,0.0,0.0,0.0,0.0,0.0,Deep_Learning,VaDER
VaDER_ld32_lr1e-03_ep50,False,MCAR,0.3,5,3.3935462546372825,7.977567249556038,0.8607664839448452,0.4617409706115722,23.0,Deep_Learning,VaDER
VaDER_ld32_lr1e-03_ep50_Constrained,True,MCAR,0.3,5,0.0,0.0,0.0,0.0,0.0,Deep_Learning,VaDER
VaDER_ld32_lr1e-03_ep200,False,MCAR,0.3,5,3.520488350093668,8.423798870880159,0.8447545714355689,1.8375747203826904,15.0,Deep_Learning,VaDER
VaDER_ld32_lr1e-03_ep200_Constrained,True,MCAR,0.3,5,0.0,0.0,0.0,0.0,0.0,Deep_Learning,VaDER
VaDER_ld64_lr1e-04_ep50,False,MCAR,0.3,5,3.3824646828687617,7.774807780636559,0.8677541160339604,0.4592087268829345,12.0,Deep_Learning,VaDER
VaDER_ld64_lr1e-04_ep50_Constrained,True,MCAR,0.3,5,0.0,0.0,0.0,0.0,0.0,Deep_Learning,VaDER
VaDER_ld64_lr1e-04_ep200,False,MCAR,0.3,5,3.367703020803339,7.867060766116221,0.8645971354995147,1.7768206596374512,33.0,Deep_Learning,VaDER
VaDER_ld64_lr1e-04_ep200_Constrained,True,MCAR,0.3,5,0.0,0.0,0.0,0.0,0.0,Deep_Learning,VaDER
VaDER_ld64_lr1e-03_ep50,False,MCAR,0.3,5,3.411769033349951,8.091744104204894,0.8567524764124894,0.4578800201416015,30.0,Deep_Learning,VaDER
VaDER_ld64_lr1e-03_ep50_Constrained,True,MCAR,0.3,5,0.0,0.0,0.0,0.0,0.0,Deep_Learning,VaDER
VaDER_ld64_lr1e-03_ep200,False,MCAR,0.3,5,3.5550652083436924,8.504314968479573,0.8417726641834045,1.821366548538208,15.0,Deep_Learning,VaDER
VaDER_ld64_lr1e-03_ep200_Constrained,True,MCAR,0.3,5,0.0,0.0,0.0,0.0,0.0,Deep_Learning,VaDER
GAIN,False,MCAR,0.4,1,4.498583207854102,9.830480292810805,0.7935905834758734,1.5819053649902344,1375.0,Deep_Learning,GAIN
GAIN_Constrained,True,MCAR,0.4,1,0.0,0.0,0.0,0.0,0.0,Deep_Learning,GAIN
VAEM_ld16_lr1e-04_ep50,False,MCAR,0.4,1,3.339561494351506,7.624666732932231,0.875828546722401,0.5656454563140869,13.0,Deep_Learning,VAEM
VAEM_ld16_lr1e-04_ep50_Constrained,True,MCAR,0.4,1,0.0,0.0,0.0,0.0,0.0,Deep_Learning,VAEM
VAEM_ld16_lr1e-04_ep200,False,MCAR,0.4,1,3.3104588132082444,7.676192794566912,0.8741446214724151,1.889526605606079,8.0,Deep_Learning,VAEM
VAEM_ld16_lr1e-04_ep200_Constrained,True,MCAR,0.4,1,0.0,0.0,0.0,0.0,0.0,Deep_Learning,VAEM
VAEM_ld16_lr1e-03_ep50,False,MCAR,0.4,1,3.323041346087121,7.715668390873481,0.8728468450810423,0.4634172916412353,11.0,Deep_Learning,VAEM
VAEM_ld16_lr1e-03_ep50_Constrained,True,MCAR,0.4,1,0.0,0.0,0.0,0.0,0.0,Deep_Learning,VAEM
VAEM_ld16_lr1e-03_ep200,False,MCAR,0.4,1,3.384361635030739,7.950983334345861,0.8649726579985126,1.7926757335662842,7.0,Deep_Learning,VAEM
VAEM_ld16_lr1e-03_ep200_Constrained,True,MCAR,0.4,1,0.0,0.0,0.0,0.0,0.0,Deep_Learning,VAEM
VAEM_ld32_lr1e-04_ep50,False,MCAR,0.4,1,3.3409333179319765,7.66508052472529,0.8745087412079992,0.4617364406585693,6.0,Deep_Learning,VAEM
VAEM_ld32_lr1e-04_ep50_Constrained,True,MCAR,0.4,1,0.0,0.0,0.0,0.0,0.0,Deep_Learning,VAEM
VAEM_ld32_lr1e-04_ep200,False,MCAR,0.4,1,3.3254820991828327,7.778082316056071,0.8707813788814772,1.7936525344848633,13.0,Deep_Learning,VAEM
VAEM_ld32_lr1e-04_ep200_Constrained,True,MCAR,0.4,1,0.0,0.0,0.0,0.0,0.0,Deep_Learning,VAEM
VAEM_ld32_lr1e-03_ep50,False,MCAR,0.4,1,3.350446798623601,7.831958009093503,0.8689850869168207,0.4608535766601562,12.0,Deep_Learning,VAEM
VAEM_ld32_lr1e-03_ep50_Constrained,True,MCAR,0.4,1,0.0,0.0,0.0,0.0,0.0,Deep_Learning,VAEM
VAEM_ld32_lr1e-03_ep200,False,MCAR,0.4,1,3.4182979437399768,8.047847388086701,0.86166263572701,1.794956922531128,6.0,Deep_Learning,VAEM
VAEM_ld32_lr1e-03_ep200_Constrained,True,MCAR,0.4,1,0.0,0.0,0.0,0.0,0.0,Deep_Learning,VAEM
VAEM_ld64_lr1e-04_ep50,False,MCAR,0.4,1,3.337415582362917,7.683885822436709,0.8738922322668065,0.4602811336517334,8.0,Deep_Learning,VAEM
VAEM_ld64_lr1e-04_ep50_Constrained,True,MCAR,0.4,1,0.0,0.0,0.0,0.0,0.0,Deep_Learning,VAEM
VAEM_ld64_lr1e-04_ep200,False,MCAR,0.4,1,3.336871862374028,7.79233746326489,0.8703072984163578,2.28979229927063,10.0,Deep_Learning,VAEM
VAEM_ld64_lr1e-04_ep200_Constrained,True,MCAR,0.4,1,0.0,0.0,0.0,0.0,0.0,Deep_Learning,VAEM
VAEM_ld64_lr1e-03_ep50,False,MCAR,0.4,1,3.3589356784737587,7.833907702624841,0.8689198488951586,0.3865764141082763,17.0,Deep_Learning,VAEM
VAEM_ld64_lr1e-03_ep50_Constrained,True,MCAR,0.4,1,0.0,0.0,0.0,0.0,0.0,Deep_Learning,VAEM
VAEM_ld64_lr1e-03_ep200,False,MCAR,0.4,1,3.47572545880444,8.315719234685247,0.8523002814095831,1.0906264781951904,7.0,Deep_Learning,VAEM
VAEM_ld64_lr1e-03_ep200_Constrained,True,MCAR,0.4,1,0.0,0.0,0.0,0.0,0.0,Deep_Learning,VAEM
VaDER_ld16_lr1e-04_ep50,False,MCAR,0.4,1,3.3648572322113783,7.716238808695033,0.872828043571429,0.2885966300964355,17.0,Deep_Learning,VaDER
VaDER_ld16_lr1e-04_ep50_Constrained,True,MCAR,0.4,1,0.0,0.0,0.0,0.0,0.0,Deep_Learning,VaDER
VaDER_ld16_lr1e-04_ep200,False,MCAR,0.4,1,3.3739000296030275,7.886011877834408,0.8671703934842847,1.1323425769805908,15.0,Deep_Learning,VaDER
VaDER_ld16_lr1e-04_ep200_Constrained,True,MCAR,0.4,1,0.0,0.0,0.0,0.0,0.0,Deep_Learning,VaDER
VaDER_ld16_lr1e-03_ep50,False,MCAR,0.4,1,3.4041913421326946,8.010169473332002,0.8629549222084161,0.2906746864318847,13.0,Deep_Learning,VaDER
VaDER_ld16_lr1e-03_ep50_Constrained,True,MCAR,0.4,1,0.0,0.0,0.0,0.0,0.0,Deep_Learning,VaDER
VaDER_ld16_lr1e-03_ep200,False,MCAR,0.4,1,3.488918777834093,8.29976586927255,0.8528664494765866,1.129352569580078,7.0,Deep_Learning,VaDER
VaDER_ld16_lr1e-03_ep200_Constrained,True,MCAR,0.4,1,0.0,0.0,0.0,0.0,0.0,Deep_Learning,VaDER
VaDER_ld32_lr1e-04_ep50,False,MCAR,0.4,1,3.3551310778105323,7.722166065239749,0.8726325933425133,0.3312811851501465,12.0,Deep_Learning,VaDER
VaDER_ld32_lr1e-04_ep50_Constrained,True,MCAR,0.4,1,0.0,0.0,0.0,0.0,0.0,Deep_Learning,VaDER
VaDER_ld32_lr1e-04_ep200,False,MCAR,0.4,1,3.3757892100803453,7.895573845514859,0.8668480803951847,2.026094913482666,16.0,Deep_Learning,VaDER
VaDER_ld32_lr1e-04_ep200_Constrained,True,MCAR,0.4,1,0.0,0.0,0.0,0.0,0.0,Deep_Learning,VaDER
VaDER_ld32_lr1e-03_ep50,False,MCAR,0.4,1,3.429405137909295,8.123992592081038,0.8590324766136556,0.4978437423706054,13.0,Deep_Learning,VaDER
VaDER_ld32_lr1e-03_ep50_Constrained,True,MCAR,0.4,1,0.0,0.0,0.0,0.0,0.0,Deep_Learning,VaDER
VaDER_ld32_lr1e-03_ep200,False,MCAR,0.4,1,3.5383954490684286,8.491102569300466,0.8460044375168904,1.1183326244354248,7.0,Deep_Learning,VaDER
VaDER_ld32_lr1e-03_ep200_Constrained,True,MCAR,0.4,1,0.0,0.0,0.0,0.0,0.0,Deep_Learning,VaDER
VaDER_ld64_lr1e-04_ep50,False,MCAR,0.4,1,3.3494671419492588,7.720074668095308,0.8727015739256799,0.2869191169738769,11.0,Deep_Learning,VaDER
VaDER_ld64_lr1e-04_ep50_Constrained,True,MCAR,0.4,1,0.0,0.0,0.0,0.0,0.0,Deep_Learning,VaDER
VaDER_ld64_lr1e-04_ep200,False,MCAR,0.4,1,3.387737235710199,7.945970924426377,0.865142850545535,1.093150615692139,17.0,Deep_Learning,VaDER
VaDER_ld64_lr1e-04_ep200_Constrained,True,MCAR,0.4,1,0.0,0.0,0.0,0.0,0.0,Deep_Learning,VaDER
VaDER_ld64_lr1e-03_ep50,False,MCAR,0.4,1,3.427877246302431,8.094772975670983,0.8600446906120376,0.2884202003479004,22.0,Deep_Learning,VaDER
VaDER_ld64_lr1e-03_ep50_Constrained,True,MCAR,0.4,1,0.0,0.0,0.0,0.0,0.0,Deep_Learning,VaDER
VaDER_ld64_lr1e-03_ep200,False,MCAR,0.4,1,3.5594459152350977,8.536128669839467,0.8443669107669509,1.941593885421753,8.0,Deep_Learning,VaDER
VaDER_ld64_lr1e-03_ep200_Constrained,True,MCAR,0.4,1,0.0,0.0,0.0,0.0,0.0,Deep_Learning,VaDER
GAIN,False,MCAR,0.4,2,4.549365779347727,10.102844209897722,0.7791764175724613,1.265319585800171,1409.0,Deep_Learning,GAIN
GAIN_Constrained,True,MCAR,0.4,2,0.0,0.0,0.0,0.0,0.0,Deep_Learning,GAIN
VAEM_ld16_lr1e-04_ep50,False,MCAR,0.4,2,3.3606134559252583,7.7410302458954545,0.8703550311267227,0.5709335803985596,10.0,Deep_Learning,VAEM
VAEM_ld16_lr1e-04_ep50_Constrained,True,MCAR,0.4,2,0.0,0.0,0.0,0.0,0.0,Deep_Learning,VAEM
VAEM_ld16_lr1e-04_ep200,False,MCAR,0.4,2,3.335696401724773,7.760518542468084,0.8697014385504455,1.7907586097717283,6.0,Deep_Learning,VAEM
VAEM_ld16_lr1e-04_ep200_Constrained,True,MCAR,0.4,2,0.0,0.0,0.0,0.0,0.0,Deep_Learning,VAEM
VAEM_ld16_lr1e-03_ep50,False,MCAR,0.4,2,3.348961764791773,7.770769516442233,0.8693569849373012,0.4630444049835205,2.0,Deep_Learning,VAEM
VAEM_ld16_lr1e-03_ep50_Constrained,True,MCAR,0.4,2,0.0,0.0,0.0,0.0,0.0,Deep_Learning,VAEM
VAEM_ld16_lr1e-03_ep200,False,MCAR,0.4,2,3.3977526259484083,8.046873364000245,0.859908278330077,2.079789161682129,5.0,Deep_Learning,VAEM
VAEM_ld16_lr1e-03_ep200_Constrained,True,MCAR,0.4,2,0.0,0.0,0.0,0.0,0.0,Deep_Learning,VAEM
VAEM_ld32_lr1e-04_ep50,False,MCAR,0.4,2,3.3660388187805115,7.758824729826491,0.8697583103339976,0.5572445392608643,6.0,Deep_Learning,VAEM
VAEM_ld32_lr1e-04_ep50_Constrained,True,MCAR,0.4,2,0.0,0.0,0.0,0.0,0.0,Deep_Learning,VAEM
VAEM_ld32_lr1e-04_ep200,False,MCAR,0.4,2,3.3477555204292493,7.841262747408226,0.8669759542344402,2.286848545074463,5.0,Deep_Learning,VAEM
VAEM_ld32_lr1e-04_ep200_Constrained,True,MCAR,0.4,2,0.0,0.0,0.0,0.0,0.0,Deep_Learning,VAEM
VAEM_ld32_lr1e-03_ep50,False,MCAR,0.4,2,3.369422932130878,7.872308234883015,0.8659205191802638,0.5621020793914795,5.0,Deep_Learning,VAEM
VAEM_ld32_lr1e-03_ep50_Constrained,True,MCAR,0.4,2,0.0,0.0,0.0,0.0,0.0,Deep_Learning,VAEM
VAEM_ld32_lr1e-03_ep200,False,MCAR,0.4,2,3.4514951778447784,8.223865130381476,0.8536778419212463,2.3030552864074707,7.0,Deep_Learning,VAEM
VAEM_ld32_lr1e-03_ep200_Constrained,True,MCAR,0.4,2,0.0,0.0,0.0,0.0,0.0,Deep_Learning,VAEM
VAEM_ld64_lr1e-04_ep50,False,MCAR,0.4,2,3.3641702929801145,7.757629031299237,0.8697984498660334,0.5575528144836426,13.0,Deep_Learning,VAEM
VAEM_ld64_lr1e-04_ep50_Constrained,True,MCAR,0.4,2,0.0,0.0,0.0,0.0,0.0,Deep_Learning,VAEM
VAEM_ld64_lr1e-04_ep200,False,MCAR,0.4,2,3.3548489078724444,7.829900563103052,0.8673611852141763,2.286595106124878,8.0,Deep_Learning,VAEM
VAEM_ld64_lr1e-04_ep200_Constrained,True,MCAR,0.4,2,0.0,0.0,0.0,0.0,0.0,Deep_Learning,VAEM
VAEM_ld64_lr1e-03_ep50,False,MCAR,0.4,2,3.398284893604708,7.910578313863661,0.8646137348074541,0.4864726066589355,12.0,Deep_Learning,VAEM
VAEM_ld64_lr1e-03_ep50_Constrained,True,MCAR,0.4,2,0.0,0.0,0.0,0.0,0.0,Deep_Learning,VAEM
VAEM_ld64_lr1e-03_ep200,False,MCAR,0.4,2,3.5014882701236263,8.369468471430782,0.8484507140521642,2.186959743499756,8.0,Deep_Learning,VAEM
VAEM_ld64_lr1e-03_ep200_Constrained,True,MCAR,0.4,2,0.0,0.0,0.0,0.0,0.0,Deep_Learning,VAEM
VaDER_ld16_lr1e-04_ep50,False,MCAR,0.4,2,3.3767362669096994,7.795123217073713,0.8685368276735315,0.4680800437927246,20.0,Deep_Learning,VaDER
VaDER_ld16_lr1e-04_ep50_Constrained,True,MCAR,0.4,2,0.0,0.0,0.0,0.0,0.0,Deep_Learning,VaDER
VaDER_ld16_lr1e-04_ep200,False,MCAR,0.4,2,3.400808998088002,7.981920826314118,0.8621607281018299,1.7970983982086182,13.0,Deep_Learning,VaDER
VaDER_ld16_lr1e-04_ep200_Constrained,True,MCAR,0.4,2,0.0,0.0,0.0,0.0,0.0,Deep_Learning,VaDER
VaDER_ld16_lr1e-03_ep50,False,MCAR,0.4,2,3.429169084833962,8.112358173541926,0.8576188902799308,0.4648566246032715,11.0,Deep_Learning,VaDER
VaDER_ld16_lr1e-03_ep50_Constrained,True,MCAR,0.4,2,0.0,0.0,0.0,0.0,0.0,Deep_Learning,VaDER
VaDER_ld16_lr1e-03_ep200,False,MCAR,0.4,2,3.5165857909703213,8.419630047635001,0.8466286791522707,1.8001980781555176,9.0,Deep_Learning,VaDER
VaDER_ld16_lr1e-03_ep200_Constrained,True,MCAR,0.4,2,0.0,0.0,0.0,0.0,0.0,Deep_Learning,VaDER
VaDER_ld32_lr1e-04_ep50,False,MCAR,0.4,2,3.379051430058606,7.817241287473629,0.867789735722567,0.4615046977996826,7.0,Deep_Learning,VaDER
VaDER_ld32_lr1e-04_ep50_Constrained,True,MCAR,0.4,2,0.0,0.0,0.0,0.0,0.0,Deep_Learning,VaDER
VaDER_ld32_lr1e-04_ep200,False,MCAR,0.4,2,3.4130793510242494,7.988997862488733,0.8619161939884954,1.826024055480957,15.0,Deep_Learning,VaDER
VaDER_ld32_lr1e-04_ep200_Constrained,True,MCAR,0.4,2,0.0,0.0,0.0,0.0,0.0,Deep_Learning,VaDER
VaDER_ld32_lr1e-03_ep50,False,MCAR,0.4,2,3.4540798544345934,8.23264107619845,0.8533653853158096,0.4575142860412597,14.0,Deep_Learning,VaDER
VaDER_ld32_lr1e-03_ep50_Constrained,True,MCAR,0.4,2,0.0,0.0,0.0,0.0,0.0,Deep_Learning,VaDER
VaDER_ld32_lr1e-03_ep200,False,MCAR,0.4,2,3.5684925359071067,8.559486970511895,0.8414911155758047,1.791423797607422,6.0,Deep_Learning,VaDER
VaDER_ld32_lr1e-03_ep200_Constrained,True,MCAR,0.4,2,0.0,0.0,0.0,0.0,0.0,Deep_Learning,VaDER
VaDER_ld64_lr1e-04_ep50,False,MCAR,0.4,2,3.3764124327091345,7.77237276503693,0.8693030713996946,0.4575800895690918,12.0,Deep_Learning,VaDER
VaDER_ld64_lr1e-04_ep50_Constrained,True,MCAR,0.4,2,0.0,0.0,0.0,0.0,0.0,Deep_Learning,VaDER
VaDER_ld64_lr1e-04_ep200,False,MCAR,0.4,2,3.418698124002081,8.107034901336716,0.8578056879317194,1.7903096675872805,19.0,Deep_Learning,VaDER
VaDER_ld64_lr1e-04_ep200_Constrained,True,MCAR,0.4,2,0.0,0.0,0.0,0.0,0.0,Deep_Learning,VaDER
VaDER_ld64_lr1e-03_ep50,False,MCAR,0.4,2,3.4696479411176986,8.26165732013582,0.852329925665931,0.4565660953521728,19.0,Deep_Learning,VaDER
VaDER_ld64_lr1e-03_ep50_Constrained,True,MCAR,0.4,2,0.0,0.0,0.0,0.0,0.0,Deep_Learning,VaDER
VaDER_ld64_lr1e-03_ep200,False,MCAR,0.4,2,3.597973360727887,8.641238995542414,0.8384488057846298,1.7884938716888428,7.0,Deep_Learning,VaDER
VaDER_ld64_lr1e-03_ep200_Constrained,True,MCAR,0.4,2,0.0,0.0,0.0,0.0,0.0,Deep_Learning,VaDER
GAIN,False,MCAR,0.4,3,4.554178749922782,10.043460085602591,0.7875848485459733,1.64780592918396,1384.0,Deep_Learning,GAIN
GAIN_Constrained,True,MCAR,0.4,3,0.0,0.0,0.0,0.0,0.0,Deep_Learning,GAIN
VAEM_ld16_lr1e-04_ep50,False,MCAR,0.4,3,3.386228829176959,7.788698811808079,0.872253621919413,0.5755770206451416,3.0,Deep_Learning,VAEM
VAEM_ld16_lr1e-04_ep50_Constrained,True,MCAR,0.4,3,0.0,0.0,0.0,0.0,0.0,Deep_Learning,VAEM
VAEM_ld16_lr1e-04_ep200,False,MCAR,0.4,3,3.3762881357474037,7.888414778512387,0.8689616995535713,2.403416395187378,4.0,Deep_Learning,VAEM
VAEM_ld16_lr1e-04_ep200_Constrained,True,MCAR,0.4,3,0.0,0.0,0.0,0.0,0.0,Deep_Learning,VAEM
VAEM_ld16_lr1e-03_ep50,False,MCAR,0.4,3,3.3967584863681,7.968887863379725,0.8662745072901292,0.5725276470184326,5.0,Deep_Learning,VAEM
VAEM_ld16_lr1e-03_ep50_Constrained,True,MCAR,0.4,3,0.0,0.0,0.0,0.0,0.0,Deep_Learning,VAEM
VAEM_ld16_lr1e-03_ep200,False,MCAR,0.4,3,3.4577495940717644,8.283034279001784,0.8555233400517933,2.1011316776275635,8.0,Deep_Learning,VAEM
VAEM_ld16_lr1e-03_ep200_Constrained,True,MCAR,0.4,3,0.0,0.0,0.0,0.0,0.0,Deep_Learning,VAEM
VAEM_ld32_lr1e-04_ep50,False,MCAR,0.4,3,3.3890200698835744,7.825417180204749,0.8710463098238217,0.4915699958801269,7.0,Deep_Learning,VAEM
VAEM_ld32_lr1e-04_ep50_Constrained,True,MCAR,0.4,3,0.0,0.0,0.0,0.0,0.0,Deep_Learning,VAEM
VAEM_ld32_lr1e-04_ep200,False,MCAR,0.4,3,3.38419265022844,7.8946600834778415,0.868754129813066,1.8460934162139893,10.0,Deep_Learning,VAEM
VAEM_ld32_lr1e-04_ep200_Constrained,True,MCAR,0.4,3,0.0,0.0,0.0,0.0,0.0,Deep_Learning,VAEM
VAEM_ld32_lr1e-03_ep50,False,MCAR,0.4,3,3.414974174888663,8.054672880947567,0.8633799026682135,0.5686402320861816,8.0,Deep_Learning,VAEM
VAEM_ld32_lr1e-03_ep50_Constrained,True,MCAR,0.4,3,0.0,0.0,0.0,0.0,0.0,Deep_Learning,VAEM
VAEM_ld32_lr1e-03_ep200,False,MCAR,0.4,3,3.508189162903697,8.457638744431044,0.8493680710730098,2.309248685836792,4.0,Deep_Learning,VAEM
VAEM_ld32_lr1e-03_ep200_Constrained,True,MCAR,0.4,3,0.0,0.0,0.0,0.0,0.0,Deep_Learning,VAEM
VAEM_ld64_lr1e-04_ep50,False,MCAR,0.4,3,3.385364730903712,7.796732873328979,0.8719899446063418,0.5749287605285645,5.0,Deep_Learning,VAEM
VAEM_ld64_lr1e-04_ep50_Constrained,True,MCAR,0.4,3,0.0,0.0,0.0,0.0,0.0,Deep_Learning,VAEM
VAEM_ld64_lr1e-04_ep200,False,MCAR,0.4,3,3.390487518595686,7.904559804560712,0.8684247648653955,2.303840160369873,11.0,Deep_Learning,VAEM
VAEM_ld64_lr1e-04_ep200_Constrained,True,MCAR,0.4,3,0.0,0.0,0.0,0.0,0.0,Deep_Learning,VAEM
VAEM_ld64_lr1e-03_ep50,False,MCAR,0.4,3,3.437378901992516,8.083431769605752,0.8624025677794889,0.5717318058013916,12.0,Deep_Learning,VAEM
VAEM_ld64_lr1e-03_ep50_Constrained,True,MCAR,0.4,3,0.0,0.0,0.0,0.0,0.0,Deep_Learning,VAEM
VAEM_ld64_lr1e-03_ep200,False,MCAR,0.4,3,3.5418965832482154,8.583328763792968,0.8448576839657396,2.321436643600464,8.0,Deep_Learning,VAEM
VAEM_ld64_lr1e-03_ep200_Constrained,True,MCAR,0.4,3,0.0,0.0,0.0,0.0,0.0,Deep_Learning,VAEM
VaDER_ld16_lr1e-04_ep50,False,MCAR,0.4,3,3.4091600982308226,7.942035089046855,0.8671742188705084,0.5043666362762451,12.0,Deep_Learning,VaDER
VaDER_ld16_lr1e-04_ep50_Constrained,True,MCAR,0.4,3,0.0,0.0,0.0,0.0,0.0,Deep_Learning,VaDER
VaDER_ld16_lr1e-04_ep200,False,MCAR,0.4,3,3.461561025478098,8.27561300620565,0.8557821148788021,1.3184456825256348,17.0,Deep_Learning,VaDER
VaDER_ld16_lr1e-04_ep200_Constrained,True,MCAR,0.4,3,0.0,0.0,0.0,0.0,0.0,Deep_Learning,VaDER
VaDER_ld16_lr1e-03_ep50,False,MCAR,0.4,3,3.48473712600467,8.353972035374252,0.8530380824808603,0.2896809577941894,11.0,Deep_Learning,VaDER
VaDER_ld16_lr1e-03_ep50_Constrained,True,MCAR,0.4,3,0.0,0.0,0.0,0.0,0.0,Deep_Learning,VaDER
VaDER_ld16_lr1e-03_ep200,False,MCAR,0.4,3,3.5720533776294987,8.682477439568974,0.8412527894953239,1.105562448501587,7.0,Deep_Learning,VaDER
VaDER_ld16_lr1e-03_ep200_Constrained,True,MCAR,0.4,3,0.0,0.0,0.0,0.0,0.0,Deep_Learning,VaDER
VaDER_ld32_lr1e-04_ep50,False,MCAR,0.4,3,3.414727092900552,7.935778237426129,0.8673834206253693,0.2886297702789306,7.0,Deep_Learning,VaDER
VaDER_ld32_lr1e-04_ep50_Constrained,True,MCAR,0.4,3,0.0,0.0,0.0,0.0,0.0,Deep_Learning,VaDER
VaDER_ld32_lr1e-04_ep200,False,MCAR,0.4,3,3.4576483039279147,8.17178206061482,0.8593783055414319,1.421349048614502,12.0,Deep_Learning,VaDER
VaDER_ld32_lr1e-04_ep200_Constrained,True,MCAR,0.4,3,0.0,0.0,0.0,0.0,0.0,Deep_Learning,VaDER
VaDER_ld32_lr1e-03_ep50,False,MCAR,0.4,3,3.508901908559562,8.452444067556852,0.8495530503374774,0.3758375644683838,8.0,Deep_Learning,VaDER
VaDER_ld32_lr1e-03_ep50_Constrained,True,MCAR,0.4,3,0.0,0.0,0.0,0.0,0.0,Deep_Learning,VaDER
VaDER_ld32_lr1e-03_ep200,False,MCAR,0.4,3,3.6257315475375353,8.782823813166399,0.8375621932223086,1.7298376560211182,8.0,Deep_Learning,VaDER
VaDER_ld32_lr1e-03_ep200_Constrained,True,MCAR,0.4,3,0.0,0.0,0.0,0.0,0.0,Deep_Learning,VaDER
VaDER_ld64_lr1e-04_ep50,False,MCAR,0.4,3,3.40139059265788,7.840989777942197,0.8705325628878925,0.4036400318145752,4.0,Deep_Learning,VaDER
VaDER_ld64_lr1e-04_ep50_Constrained,True,MCAR,0.4,3,0.0,0.0,0.0,0.0,0.0,Deep_Learning,VaDER
VaDER_ld64_lr1e-04_ep200,False,MCAR,0.4,3,3.484909248994076,8.299415059649812,0.8549513321219244,1.5592665672302246,15.0,Deep_Learning,VaDER
VaDER_ld64_lr1e-04_ep200_Constrained,True,MCAR,0.4,3,0.0,0.0,0.0,0.0,0.0,Deep_Learning,VaDER
VaDER_ld64_lr1e-03_ep50,False,MCAR,0.4,3,3.5242176950634607,8.470140331171606,0.8489224313490578,0.4005146026611328,17.0,Deep_Learning,VaDER
VaDER_ld64_lr1e-03_ep50_Constrained,True,MCAR,0.4,3,0.0,0.0,0.0,0.0,0.0,Deep_Learning,VaDER
VaDER_ld64_lr1e-03_ep200,False,MCAR,0.4,3,3.642526548219312,8.844817438231253,0.8352609633055269,1.5473418235778809,9.0,Deep_Learning,VaDER
VaDER_ld64_lr1e-03_ep200_Constrained,True,MCAR,0.4,3,0.0,0.0,0.0,0.0,0.0,Deep_Learning,VaDER
GAIN,False,MCAR,0.4,4,4.553083740493011,10.041379911086874,0.7815087921532768,1.3949968814849854,1397.0,Deep_Learning,GAIN
GAIN_Constrained,True,MCAR,0.4,4,0.0,0.0,0.0,0.0,0.0,Deep_Learning,GAIN
VAEM_ld16_lr1e-04_ep50,False,MCAR,0.4,4,3.3746592915759,7.723768606824561,0.8707276401186981,0.463348388671875,7.0,Deep_Learning,VAEM
VAEM_ld16_lr1e-04_ep50_Constrained,True,MCAR,0.4,4,0.0,0.0,0.0,0.0,0.0,Deep_Learning,VAEM
VAEM_ld16_lr1e-04_ep200,False,MCAR,0.4,4,3.3568261639725407,7.789501613152917,0.8685179365308999,1.3754286766052246,6.0,Deep_Learning,VAEM
VAEM_ld16_lr1e-04_ep200_Constrained,True,MCAR,0.4,4,0.0,0.0,0.0,0.0,0.0,Deep_Learning,VAEM
VAEM_ld16_lr1e-03_ep50,False,MCAR,0.4,4,3.380353218492433,7.870382811443969,0.8657733097451554,0.2835469245910644,5.0,Deep_Learning,VAEM
VAEM_ld16_lr1e-03_ep50_Constrained,True,MCAR,0.4,4,0.0,0.0,0.0,0.0,0.0,Deep_Learning,VAEM
VAEM_ld16_lr1e-03_ep200,False,MCAR,0.4,4,3.443614556861245,8.122601973218567,0.8570324375516428,1.078223705291748,5.0,Deep_Learning,VAEM
VAEM_ld16_lr1e-03_ep200_Constrained,True,MCAR,0.4,4,0.0,0.0,0.0,0.0,0.0,Deep_Learning,VAEM
VAEM_ld32_lr1e-04_ep50,False,MCAR,0.4,4,3.379606680937003,7.767186623698029,0.8692701844626479,0.2834429740905761,7.0,Deep_Learning,VAEM
VAEM_ld32_lr1e-04_ep50_Constrained,True,MCAR,0.4,4,0.0,0.0,0.0,0.0,0.0,Deep_Learning,VAEM
VAEM_ld32_lr1e-04_ep200,False,MCAR,0.4,4,3.372416502838613,7.824064238790375,0.8673485556345435,1.0771918296813965,8.0,Deep_Learning,VAEM
VAEM_ld32_lr1e-04_ep200_Constrained,True,MCAR,0.4,4,0.0,0.0,0.0,0.0,0.0,Deep_Learning,VAEM
VAEM_ld32_lr1e-03_ep50,False,MCAR,0.4,4,3.4057875366566908,7.975369362897078,0.8621684057942887,0.2837235927581787,9.0,Deep_Learning,VAEM
VAEM_ld32_lr1e-03_ep50_Constrained,True,MCAR,0.4,4,0.0,0.0,0.0,0.0,0.0,Deep_Learning,VAEM
VAEM_ld32_lr1e-03_ep200,False,MCAR,0.4,4,3.4963867099042525,8.333647024461289,0.8495066285696509,1.0789027214050293,10.0,Deep_Learning,VAEM
VAEM_ld32_lr1e-03_ep200_Constrained,True,MCAR,0.4,4,0.0,0.0,0.0,0.0,0.0,Deep_Learning,VAEM
VAEM_ld64_lr1e-04_ep50,False,MCAR,0.4,4,3.374939688854258,7.743921683398298,0.8700521577918826,0.2819027900695801,9.0,Deep_Learning,VAEM
VAEM_ld64_lr1e-04_ep50_Constrained,True,MCAR,0.4,4,0.0,0.0,0.0,0.0,0.0,Deep_Learning,VAEM
VAEM_ld64_lr1e-04_ep200,False,MCAR,0.4,4,3.391257310884125,7.875870494879576,0.8655860633557277,1.085315227508545,10.0,Deep_Learning,VAEM
VAEM_ld64_lr1e-04_ep200_Constrained,True,MCAR,0.4,4,0.0,0.0,0.0,0.0,0.0,Deep_Learning,VAEM
VAEM_ld64_lr1e-03_ep50,False,MCAR,0.4,4,3.42179862159611,7.988086306491541,0.861728502895705,0.2818341255187988,11.0,Deep_Learning,VAEM
VAEM_ld64_lr1e-03_ep50_Constrained,True,MCAR,0.4,4,0.0,0.0,0.0,0.0,0.0,Deep_Learning,VAEM
VAEM_ld64_lr1e-03_ep200,False,MCAR,0.4,4,3.5293582523599367,8.466218926288931,0.8446804379517797,1.0780344009399414,8.0,Deep_Learning,VAEM
VAEM_ld64_lr1e-03_ep200_Constrained,True,MCAR,0.4,4,0.0,0.0,0.0,0.0,0.0,Deep_Learning,VAEM
VaDER_ld16_lr1e-04_ep50,False,MCAR,0.4,4,3.393134509367202,7.794683642697607,0.8683429393087025,0.2858080863952636,16.0,Deep_Learning,VaDER
VaDER_ld16_lr1e-04_ep50_Constrained,True,MCAR,0.4,4,0.0,0.0,0.0,0.0,0.0,Deep_Learning,VaDER
VaDER_ld16_lr1e-04_ep200,False,MCAR,0.4,4,3.4433264066335765,8.109167985714093,0.857504955149209,1.0937352180480957,8.0,Deep_Learning,VaDER
VaDER_ld16_lr1e-04_ep200_Constrained,True,MCAR,0.4,4,0.0,0.0,0.0,0.0,0.0,Deep_Learning,VaDER
VaDER_ld16_lr1e-03_ep50,False,MCAR,0.4,4,3.4675662789613577,8.265883977512228,0.8519440796690764,0.4332423210144043,8.0,Deep_Learning,VaDER
VaDER_ld16_lr1e-03_ep50_Constrained,True,MCAR,0.4,4,0.0,0.0,0.0,0.0,0.0,Deep_Learning,VaDER
VaDER_ld16_lr1e-03_ep200,False,MCAR,0.4,4,3.550813527257972,8.508751529878188,0.8431159285996117,1.0957224369049072,11.0,Deep_Learning,VaDER
VaDER_ld16_lr1e-03_ep200_Constrained,True,MCAR,0.4,4,0.0,0.0,0.0,0.0,0.0,Deep_Learning,VaDER
VaDER_ld32_lr1e-04_ep50,False,MCAR,0.4,4,3.3995081514006,7.843440275937371,0.8666907282404133,0.2884500026702881,10.0,Deep_Learning,VaDER
VaDER_ld32_lr1e-04_ep50_Constrained,True,MCAR,0.4,4,0.0,0.0,0.0,0.0,0.0,Deep_Learning,VaDER
VaDER_ld32_lr1e-04_ep200,False,MCAR,0.4,4,3.45030682201188,8.137491057553735,0.8565078255956886,1.097489356994629,18.0,Deep_Learning,VaDER
VaDER_ld32_lr1e-04_ep200_Constrained,True,MCAR,0.4,4,0.0,0.0,0.0,0.0,0.0,Deep_Learning,VaDER
VaDER_ld32_lr1e-03_ep50,False,MCAR,0.4,4,3.498170401134036,8.35177380321049,0.8488512307887908,0.2866055965423584,14.0,Deep_Learning,VaDER
VaDER_ld32_lr1e-03_ep50_Constrained,True,MCAR,0.4,4,0.0,0.0,0.0,0.0,0.0,Deep_Learning,VaDER
VaDER_ld32_lr1e-03_ep200,False,MCAR,0.4,4,3.6059878099594376,8.641819439958471,0.8381705552161,1.424163579940796,10.0,Deep_Learning,VaDER
VaDER_ld32_lr1e-03_ep200_Constrained,True,MCAR,0.4,4,0.0,0.0,0.0,0.0,0.0,Deep_Learning,VaDER
VaDER_ld64_lr1e-04_ep50,False,MCAR,0.4,4,3.391763852056333,7.775763664362612,0.8689813040504138,0.2877936363220215,10.0,Deep_Learning,VaDER
VaDER_ld64_lr1e-04_ep50_Constrained,True,MCAR,0.4,4,0.0,0.0,0.0,0.0,0.0,Deep_Learning,VaDER
VaDER_ld64_lr1e-04_ep200,False,MCAR,0.4,4,3.4601617495286034,8.16769654794778,0.8554405935453542,1.0926859378814695,21.0,Deep_Learning,VaDER
VaDER_ld64_lr1e-04_ep200_Constrained,True,MCAR,0.4,4,0.0,0.0,0.0,0.0,0.0,Deep_Learning,VaDER
VaDER_ld64_lr1e-03_ep50,False,MCAR,0.4,4,3.517368242805911,8.371547517951639,0.8481346618693542,0.2862591743469238,23.0,Deep_Learning,VaDER
VaDER_ld64_lr1e-03_ep50_Constrained,True,MCAR,0.4,4,0.0,0.0,0.0,0.0,0.0,Deep_Learning,VaDER
VaDER_ld64_lr1e-03_ep200,False,MCAR,0.4,4,3.609230490204752,8.625774627464233,0.8387709178368566,1.0937414169311523,18.0,Deep_Learning,VaDER
VaDER_ld64_lr1e-03_ep200_Constrained,True,MCAR,0.4,4,0.0,0.0,0.0,0.0,0.0,Deep_Learning,VaDER
GAIN,False,MCAR,0.4,5,4.615384832688776,10.200009768925607,0.7747434406958629,0.977985382080078,1407.0,Deep_Learning,GAIN
GAIN_Constrained,True,MCAR,0.4,5,0.0,0.0,0.0,0.0,0.0,Deep_Learning,GAIN
VAEM_ld16_lr1e-04_ep50,False,MCAR,0.4,5,3.4091824512832307,7.874441565038551,0.8657495346390234,0.2851152420043945,6.0,Deep_Learning,VAEM
VAEM_ld16_lr1e-04_ep50_Constrained,True,MCAR,0.4,5,0.0,0.0,0.0,0.0,0.0,Deep_Learning,VAEM
VAEM_ld16_lr1e-04_ep200,False,MCAR,0.4,5,3.390411887961106,7.917177466859027,0.8642883812761432,1.223660230636597,4.0,Deep_Learning,VAEM
VAEM_ld16_lr1e-04_ep200_Constrained,True,MCAR,0.4,5,0.0,0.0,0.0,0.0,0.0,Deep_Learning,VAEM
VAEM_ld16_lr1e-03_ep50,False,MCAR,0.4,5,3.40127911335722,7.906650507935938,0.8646490352750664,0.2851266860961914,5.0,Deep_Learning,VAEM
VAEM_ld16_lr1e-03_ep50_Constrained,True,MCAR,0.4,5,0.0,0.0,0.0,0.0,0.0,Deep_Learning,VAEM
VAEM_ld16_lr1e-03_ep200,False,MCAR,0.4,5,3.4659069748087106,8.199829689158165,0.8544252895087017,1.3613874912261963,6.0,Deep_Learning,VAEM
VAEM_ld16_lr1e-03_ep200_Constrained,True,MCAR,0.4,5,0.0,0.0,0.0,0.0,0.0,Deep_Learning,VAEM
VAEM_ld32_lr1e-04_ep50,False,MCAR,0.4,5,3.3982958681356674,7.839120216099653,0.8669512128576111,0.286160945892334,1.0,Deep_Learning,VAEM
VAEM_ld32_lr1e-04_ep50_Constrained,True,MCAR,0.4,5,0.0,0.0,0.0,0.0,0.0,Deep_Learning,VAEM
VAEM_ld32_lr1e-04_ep200,False,MCAR,0.4,5,3.399867823047311,7.927503401443066,0.8639341481787769,1.397799730300903,9.0,Deep_Learning,VAEM
VAEM_ld32_lr1e-04_ep200_Constrained,True,MCAR,0.4,5,0.0,0.0,0.0,0.0,0.0,Deep_Learning,VAEM
VAEM_ld32_lr1e-03_ep50,False,MCAR,0.4,5,3.428594345049757,8.00760699488246,0.8611704962385127,0.2858943939208984,5.0,Deep_Learning,VAEM
VAEM_ld32_lr1e-03_ep50_Constrained,True,MCAR,0.4,5,0.0,0.0,0.0,0.0,0.0,Deep_Learning,VAEM
VAEM_ld32_lr1e-03_ep200,False,MCAR,0.4,5,3.50599484492227,8.307903303101867,0.8505626570931806,1.4342656135559082,3.0,Deep_Learning,VAEM
VAEM_ld32_lr1e-03_ep200_Constrained,True,MCAR,0.4,5,0.0,0.0,0.0,0.0,0.0,Deep_Learning,VAEM
VAEM_ld64_lr1e-04_ep50,False,MCAR,0.4,5,3.391042249454478,7.827516893425715,0.8673447941289384,0.5421509742736816,7.0,Deep_Learning,VAEM
VAEM_ld64_lr1e-04_ep50_Constrained,True,MCAR,0.4,5,0.0,0.0,0.0,0.0,0.0,Deep_Learning,VAEM
VAEM_ld64_lr1e-04_ep200,False,MCAR,0.4,5,3.4112614967771835,7.960040654635409,0.862814932139136,1.8387150764465328,10.0,Deep_Learning,VAEM
VAEM_ld64_lr1e-04_ep200_Constrained,True,MCAR,0.4,5,0.0,0.0,0.0,0.0,0.0,Deep_Learning,VAEM
VAEM_ld64_lr1e-03_ep50,False,MCAR,0.4,5,3.465777454900129,8.128617344540503,0.8569428298440511,0.4594621658325195,9.0,Deep_Learning,VAEM
VAEM_ld64_lr1e-03_ep50_Constrained,True,MCAR,0.4,5,0.0,0.0,0.0,0.0,0.0,Deep_Learning,VAEM
VAEM_ld64_lr1e-03_ep200,False,MCAR,0.4,5,3.54202212402164,8.435553142668441,0.8459352078819247,1.7826361656188965,7.0,Deep_Learning,VAEM
VAEM_ld64_lr1e-03_ep200_Constrained,True,MCAR,0.4,5,0.0,0.0,0.0,0.0,0.0,Deep_Learning,VAEM
VaDER_ld16_lr1e-04_ep50,False,MCAR,0.4,5,3.4204315697720387,7.893456754873462,0.8651003761406915,0.4738171100616455,15.0,Deep_Learning,VaDER
VaDER_ld16_lr1e-04_ep50_Constrained,True,MCAR,0.4,5,0.0,0.0,0.0,0.0,0.0,Deep_Learning,VaDER
VaDER_ld16_lr1e-04_ep200,False,MCAR,0.4,5,3.4548917000643407,8.10925374008557,0.8576235859768855,1.8127503395080569,7.0,Deep_Learning,VaDER
VaDER_ld16_lr1e-04_ep200_Constrained,True,MCAR,0.4,5,0.0,0.0,0.0,0.0,0.0,Deep_Learning,VaDER
VaDER_ld16_lr1e-03_ep50,False,MCAR,0.4,5,3.491719342254481,8.291251892275179,0.8511610870036662,0.4628059864044189,12.0,Deep_Learning,VaDER
VaDER_ld16_lr1e-03_ep50_Constrained,True,MCAR,0.4,5,0.0,0.0,0.0,0.0,0.0,Deep_Learning,VaDER
VaDER_ld16_lr1e-03_ep200,False,MCAR,0.4,5,3.556561496447298,8.47223266243157,0.8445924841990405,1.8092641830444336,7.0,Deep_Learning,VaDER
VaDER_ld16_lr1e-03_ep200_Constrained,True,MCAR,0.4,5,0.0,0.0,0.0,0.0,0.0,Deep_Learning,VaDER
VaDER_ld32_lr1e-04_ep50,False,MCAR,0.4,5,3.4129956860454347,7.881717549251376,0.8655013251521555,0.4630672931671142,4.0,Deep_Learning,VaDER
VaDER_ld32_lr1e-04_ep50_Constrained,True,MCAR,0.4,5,0.0,0.0,0.0,0.0,0.0,Deep_Learning,VaDER
VaDER_ld32_lr1e-04_ep200,False,MCAR,0.4,5,3.479347111106001,8.15905401954908,0.855869501802368,1.889546632766724,18.0,Deep_Learning,VaDER
VaDER_ld32_lr1e-04_ep200_Constrained,True,MCAR,0.4,5,0.0,0.0,0.0,0.0,0.0,Deep_Learning,VaDER
VaDER_ld32_lr1e-03_ep50,False,MCAR,0.4,5,3.5317224553543163,8.374500078397293,0.8481572527567279,0.3766217231750488,8.0,Deep_Learning,VaDER
VaDER_ld32_lr1e-03_ep50_Constrained,True,MCAR,0.4,5,0.0,0.0,0.0,0.0,0.0,Deep_Learning,VaDER
VaDER_ld32_lr1e-03_ep200,False,MCAR,0.4,5,3.613614323626815,8.602503962513572,0.8397765667762228,1.1134886741638184,8.0,Deep_Learning,VaDER
VaDER_ld32_lr1e-03_ep200_Constrained,True,MCAR,0.4,5,0.0,0.0,0.0,0.0,0.0,Deep_Learning,VaDER
VaDER_ld64_lr1e-04_ep50,False,MCAR,0.4,5,3.420018053869388,7.909936468193916,0.8645365096714674,0.3759944438934326,3.0,Deep_Learning,VaDER
VaDER_ld64_lr1e-04_ep50_Constrained,True,MCAR,0.4,5,0.0,0.0,0.0,0.0,0.0,Deep_Learning,VaDER
VaDER_ld64_lr1e-04_ep200,False,MCAR,0.4,5,3.4887410773463747,8.194918510164536,0.8545996173628942,1.516310453414917,22.0,Deep_Learning,VaDER
VaDER_ld64_lr1e-04_ep200_Constrained,True,MCAR,0.4,5,0.0,0.0,0.0,0.0,0.0,Deep_Learning,VaDER
VaDER_ld64_lr1e-03_ep50,False,MCAR,0.4,5,3.535097213825401,8.404824658847273,0.8470555979062284,0.3756818771362304,21.0,Deep_Learning,VaDER
VaDER_ld64_lr1e-03_ep50_Constrained,True,MCAR,0.4,5,0.0,0.0,0.0,0.0,0.0,Deep_Learning,VaDER
VaDER_ld64_lr1e-03_ep200,False,MCAR,0.4,5,3.6317131100843016,8.63533179966266,0.8385513828805139,1.4440979957580566,8.0,Deep_Learning,VaDER
VaDER_ld64_lr1e-03_ep200_Constrained,True,MCAR,0.4,5,0.0,0.0,0.0,0.0,0.0,Deep_Learning,VaDER
GAIN,False,MAR,0.1,1,4.434359210351196,9.82505187221474,0.7761922808308801,1.7507245540618896,515.0,Deep_Learning,GAIN
GAIN_Constrained,True,MAR,0.1,1,0.0,0.0,0.0,0.0,0.0,Deep_Learning,GAIN
VAEM_ld16_lr1e-04_ep50,False,MAR,0.1,1,3.227525446308094,7.545986499933219,0.8679807062138613,0.2824299335479736,4.0,Deep_Learning,VAEM
VAEM_ld16_lr1e-04_ep50_Constrained,True,MAR,0.1,1,0.0,0.0,0.0,0.0,0.0,Deep_Learning,VAEM
VAEM_ld16_lr1e-04_ep200,False,MAR,0.1,1,3.156460735002046,7.428585918933834,0.8720566673472113,1.7979815006256104,24.0,Deep_Learning,VAEM
VAEM_ld16_lr1e-04_ep200_Constrained,True,MAR,0.1,1,0.0,0.0,0.0,0.0,0.0,Deep_Learning,VAEM
VAEM_ld16_lr1e-03_ep50,False,MAR,0.1,1,3.1705776229328837,7.451124731153168,0.8712791127941864,0.5492148399353027,21.0,Deep_Learning,VAEM
VAEM_ld16_lr1e-03_ep50_Constrained,True,MAR,0.1,1,0.0,0.0,0.0,0.0,0.0,Deep_Learning,VAEM
VAEM_ld16_lr1e-03_ep200,False,MAR,0.1,1,3.221433105481644,7.674271700297655,0.8634537745959285,1.853060007095337,22.0,Deep_Learning,VAEM
VAEM_ld16_lr1e-03_ep200_Constrained,True,MAR,0.1,1,0.0,0.0,0.0,0.0,0.0,Deep_Learning,VAEM
VAEM_ld32_lr1e-04_ep50,False,MAR,0.1,1,3.219693442835593,7.52019723619053,0.8688815460036322,0.4668262004852295,4.0,Deep_Learning,VAEM
VAEM_ld32_lr1e-04_ep50_Constrained,True,MAR,0.1,1,0.0,0.0,0.0,0.0,0.0,Deep_Learning,VAEM
VAEM_ld32_lr1e-04_ep200,False,MAR,0.1,1,3.1501096905417647,7.424009007049715,0.8722142760684997,1.8542263507843015,39.0,Deep_Learning,VAEM
VAEM_ld32_lr1e-04_ep200_Constrained,True,MAR,0.1,1,0.0,0.0,0.0,0.0,0.0,Deep_Learning,VAEM
VAEM_ld32_lr1e-03_ep50,False,MAR,0.1,1,3.177974466988036,7.51302577408651,0.86913150292405,0.4668080806732178,36.0,Deep_Learning,VAEM
VAEM_ld32_lr1e-03_ep50_Constrained,True,MAR,0.1,1,0.0,0.0,0.0,0.0,0.0,Deep_Learning,VAEM
VAEM_ld32_lr1e-03_ep200,False,MAR,0.1,1,3.2479644124348472,7.827496535931143,0.8579467659140607,1.833965539932251,22.0,Deep_Learning,VAEM
VAEM_ld32_lr1e-03_ep200_Constrained,True,MAR,0.1,1,0.0,0.0,0.0,0.0,0.0,Deep_Learning,VAEM
VAEM_ld64_lr1e-04_ep50,False,MAR,0.1,1,3.2127762896371714,7.510335340840768,0.8692252148114457,0.4637465476989746,6.0,Deep_Learning,VAEM
VAEM_ld64_lr1e-04_ep50_Constrained,True,MAR,0.1,1,0.0,0.0,0.0,0.0,0.0,Deep_Learning,VAEM
VAEM_ld64_lr1e-04_ep200,False,MAR,0.1,1,3.188031455294249,7.556420053728777,0.8676153775283204,1.8284173011779783,34.0,Deep_Learning,VAEM
VAEM_ld64_lr1e-04_ep200_Constrained,True,MAR,0.1,1,0.0,0.0,0.0,0.0,0.0,Deep_Learning,VAEM
VAEM_ld64_lr1e-03_ep50,False,MAR,0.1,1,3.2126306475921025,7.618013661671777,0.8654484045556046,0.4664268493652344,40.0,Deep_Learning,VAEM
VAEM_ld64_lr1e-03_ep50_Constrained,True,MAR,0.1,1,0.0,0.0,0.0,0.0,0.0,Deep_Learning,VAEM
VAEM_ld64_lr1e-03_ep200,False,MAR,0.1,1,3.3259980906338216,8.183442704780521,0.8447336121268443,1.825605869293213,18.0,Deep_Learning,VAEM
VAEM_ld64_lr1e-03_ep200_Constrained,True,MAR,0.1,1,0.0,0.0,0.0,0.0,0.0,Deep_Learning,VAEM
VaDER_ld16_lr1e-04_ep50,False,MAR,0.1,1,3.232129038326545,7.58211938557449,0.8667133679145235,0.4666335582733154,8.0,Deep_Learning,VaDER
VaDER_ld16_lr1e-04_ep50_Constrained,True,MAR,0.1,1,0.0,0.0,0.0,0.0,0.0,Deep_Learning,VaDER
VaDER_ld16_lr1e-04_ep200,False,MAR,0.1,1,3.2420514475072064,7.853687150907922,0.8569945621461119,1.8513355255126955,47.0,Deep_Learning,VaDER
VaDER_ld16_lr1e-04_ep200_Constrained,True,MAR,0.1,1,0.0,0.0,0.0,0.0,0.0,Deep_Learning,VaDER
VaDER_ld16_lr1e-03_ep50,False,MAR,0.1,1,3.268102471774935,7.932074608583806,0.8541256484696299,0.4690308570861816,44.0,Deep_Learning,VaDER
VaDER_ld16_lr1e-03_ep50_Constrained,True,MAR,0.1,1,0.0,0.0,0.0,0.0,0.0,Deep_Learning,VaDER
VaDER_ld16_lr1e-03_ep200,False,MAR,0.1,1,3.389716663463396,8.451533060930934,0.8343938934741234,1.854167461395264,30.0,Deep_Learning,VaDER
VaDER_ld16_lr1e-03_ep200_Constrained,True,MAR,0.1,1,0.0,0.0,0.0,0.0,0.0,Deep_Learning,VaDER
VaDER_ld32_lr1e-04_ep50,False,MAR,0.1,1,3.227961525881813,7.610945526989394,0.8656979676699409,0.6056971549987793,10.0,Deep_Learning,VaDER
VaDER_ld32_lr1e-04_ep50_Constrained,True,MAR,0.1,1,0.0,0.0,0.0,0.0,0.0,Deep_Learning,VaDER
VaDER_ld32_lr1e-04_ep200,False,MAR,0.1,1,3.260140402106549,7.853144731985326,0.8570143149514808,2.321013927459717,45.0,Deep_Learning,VaDER
VaDER_ld32_lr1e-04_ep200_Constrained,True,MAR,0.1,1,0.0,0.0,0.0,0.0,0.0,Deep_Learning,VaDER
VaDER_ld32_lr1e-03_ep50,False,MAR,0.1,1,3.318929503058369,8.071246687271438,0.8489618700763578,0.3874275684356689,42.0,Deep_Learning,VaDER
VaDER_ld32_lr1e-03_ep50_Constrained,True,MAR,0.1,1,0.0,0.0,0.0,0.0,0.0,Deep_Learning,VaDER
VaDER_ld32_lr1e-03_ep200,False,MAR,0.1,1,3.440426081554384,8.516996328068199,0.831818478368323,1.1054644584655762,24.0,Deep_Learning,VaDER
VaDER_ld32_lr1e-03_ep200_Constrained,True,MAR,0.1,1,0.0,0.0,0.0,0.0,0.0,Deep_Learning,VaDER
VaDER_ld64_lr1e-04_ep50,False,MAR,0.1,1,3.22409794665904,7.567986724746714,0.8672097829973813,0.2854814529418945,5.0,Deep_Learning,VaDER
VaDER_ld64_lr1e-04_ep50_Constrained,True,MAR,0.1,1,0.0,0.0,0.0,0.0,0.0,Deep_Learning,VaDER
VaDER_ld64_lr1e-04_ep200,False,MAR,0.1,1,3.257439685967921,7.793330747001674,0.8591841395015722,1.096205234527588,40.0,Deep_Learning,VaDER
VaDER_ld64_lr1e-04_ep200_Constrained,True,MAR,0.1,1,0.0,0.0,0.0,0.0,0.0,Deep_Learning,VaDER
VaDER_ld64_lr1e-03_ep50,False,MAR,0.1,1,3.317578441115335,7.996769861624487,0.8517363959915727,0.3866922855377197,38.0,Deep_Learning,VaDER
VaDER_ld64_lr1e-03_ep50_Constrained,True,MAR,0.1,1,0.0,0.0,0.0,0.0,0.0,Deep_Learning,VaDER
VaDER_ld64_lr1e-03_ep200,False,MAR,0.1,1,3.4974494475192137,8.62930020758768,0.8273540028381098,1.7886614799499512,31.0,Deep_Learning,VaDER
VaDER_ld64_lr1e-03_ep200_Constrained,True,MAR,0.1,1,0.0,0.0,0.0,0.0,0.0,Deep_Learning,VaDER
GAIN,False,MAR,0.1,2,4.494978988169123,10.035400063711986,0.7677409127980479,0.9705348014831544,567.0,Deep_Learning,GAIN
GAIN_Constrained,True,MAR,0.1,2,0.0,0.0,0.0,0.0,0.0,Deep_Learning,GAIN
VAEM_ld16_lr1e-04_ep50,False,MAR,0.1,2,3.2323032549870456,7.469614738673791,0.8713233518815355,0.3089995384216308,7.0,Deep_Learning,VAEM
VAEM_ld16_lr1e-04_ep50_Constrained,True,MAR,0.1,2,0.0,0.0,0.0,0.0,0.0,Deep_Learning,VAEM
VAEM_ld16_lr1e-04_ep200,False,MAR,0.1,2,3.150226698754508,7.427998063507667,0.8727531917329218,1.1136417388916016,28.0,Deep_Learning,VAEM
VAEM_ld16_lr1e-04_ep200_Constrained,True,MAR,0.1,2,0.0,0.0,0.0,0.0,0.0,Deep_Learning,VAEM
VAEM_ld16_lr1e-03_ep50,False,MAR,0.1,2,3.1530895736219384,7.43983409592043,0.8723473496020198,0.3826386928558349,33.0,Deep_Learning,VAEM
VAEM_ld16_lr1e-03_ep50_Constrained,True,MAR,0.1,2,0.0,0.0,0.0,0.0,0.0,Deep_Learning,VAEM
VAEM_ld16_lr1e-03_ep200,False,MAR,0.1,2,3.1954192505701537,7.627749146467232,0.865817420009429,1.5583724975585938,24.0,Deep_Learning,VAEM
VAEM_ld16_lr1e-03_ep200_Constrained,True,MAR,0.1,2,0.0,0.0,0.0,0.0,0.0,Deep_Learning,VAEM
VAEM_ld32_lr1e-04_ep50,False,MAR,0.1,2,3.226789405355627,7.523039732733125,0.8694760990169084,0.4481191635131836,9.0,Deep_Learning,VAEM
VAEM_ld32_lr1e-04_ep50_Constrained,True,MAR,0.1,2,0.0,0.0,0.0,0.0,0.0,Deep_Learning,VAEM
VAEM_ld32_lr1e-04_ep200,False,MAR,0.1,2,3.163428403080696,7.444162286171633,0.8721987802489332,1.84525203704834,22.0,Deep_Learning,VAEM
VAEM_ld32_lr1e-04_ep200_Constrained,True,MAR,0.1,2,0.0,0.0,0.0,0.0,0.0,Deep_Learning,VAEM
VAEM_ld32_lr1e-03_ep50,False,MAR,0.1,2,3.1687080440683397,7.459398444805182,0.8716750967840661,0.470083475112915,33.0,Deep_Learning,VAEM
VAEM_ld32_lr1e-03_ep50_Constrained,True,MAR,0.1,2,0.0,0.0,0.0,0.0,0.0,Deep_Learning,VAEM
VAEM_ld32_lr1e-03_ep200,False,MAR,0.1,2,3.242776681729425,7.784147920298898,0.8602584698828647,1.9061567783355715,21.0,Deep_Learning,VAEM
VAEM_ld32_lr1e-03_ep200_Constrained,True,MAR,0.1,2,0.0,0.0,0.0,0.0,0.0,Deep_Learning,VAEM
VAEM_ld64_lr1e-04_ep50,False,MAR,0.1,2,3.211647624747831,7.501582876846086,0.8702195853514624,0.2835278511047363,12.0,Deep_Learning,VAEM
VAEM_ld64_lr1e-04_ep50_Constrained,True,MAR,0.1,2,0.0,0.0,0.0,0.0,0.0,Deep_Learning,VAEM
VAEM_ld64_lr1e-04_ep200,False,MAR,0.1,2,3.14533994628252,7.363072575031447,0.8749679083846693,1.0849931240081787,38.0,Deep_Learning,VAEM
VAEM_ld64_lr1e-04_ep200_Constrained,True,MAR,0.1,2,0.0,0.0,0.0,0.0,0.0,Deep_Learning,VAEM
VAEM_ld64_lr1e-03_ep50,False,MAR,0.1,2,3.199262160545099,7.620479831617311,0.8660730525984632,0.2823145389556885,39.0,Deep_Learning,VAEM
VAEM_ld64_lr1e-03_ep50_Constrained,True,MAR,0.1,2,0.0,0.0,0.0,0.0,0.0,Deep_Learning,VAEM
VAEM_ld64_lr1e-03_ep200,False,MAR,0.1,2,3.2982230302440505,8.006020016376512,0.8521788157678825,1.0773260593414309,26.0,Deep_Learning,VAEM
VAEM_ld64_lr1e-03_ep200_Constrained,True,MAR,0.1,2,0.0,0.0,0.0,0.0,0.0,Deep_Learning,VAEM
VaDER_ld16_lr1e-04_ep50,False,MAR,0.1,2,3.215981937605421,7.491239820727274,0.8705772167328755,0.2855541706085205,14.0,Deep_Learning,VaDER
VaDER_ld16_lr1e-04_ep50_Constrained,True,MAR,0.1,2,0.0,0.0,0.0,0.0,0.0,Deep_Learning,VaDER
VaDER_ld16_lr1e-04_ep200,False,MAR,0.1,2,3.216206279357757,7.631185853613612,0.8656964799763518,1.09427809715271,40.0,Deep_Learning,VaDER
VaDER_ld16_lr1e-04_ep200_Constrained,True,MAR,0.1,2,0.0,0.0,0.0,0.0,0.0,Deep_Learning,VaDER
VaDER_ld16_lr1e-03_ep50,False,MAR,0.1,2,3.256392843281494,7.964550920228996,0.853706200151136,0.4651858806610107,50.0,Deep_Learning,VaDER
VaDER_ld16_lr1e-03_ep50_Constrained,True,MAR,0.1,2,0.0,0.0,0.0,0.0,0.0,Deep_Learning,VaDER
VaDER_ld16_lr1e-03_ep200,False,MAR,0.1,2,3.34846311127729,8.215420660828048,0.8443450465952267,1.7925896644592283,21.0,Deep_Learning,VaDER
VaDER_ld16_lr1e-03_ep200_Constrained,True,MAR,0.1,2,0.0,0.0,0.0,0.0,0.0,Deep_Learning,VaDER
VaDER_ld32_lr1e-04_ep50,False,MAR,0.1,2,3.228266777437484,7.6103022455734415,0.8664305478857115,0.5569572448730469,13.0,Deep_Learning,VaDER
VaDER_ld32_lr1e-04_ep50_Constrained,True,MAR,0.1,2,0.0,0.0,0.0,0.0,0.0,Deep_Learning,VaDER
VaDER_ld32_lr1e-04_ep200,False,MAR,0.1,2,3.222488649034363,7.736224941968662,0.8619738062113287,2.3944549560546875,54.0,Deep_Learning,VaDER
VaDER_ld32_lr1e-04_ep200_Constrained,True,MAR,0.1,2,0.0,0.0,0.0,0.0,0.0,Deep_Learning,VaDER
VaDER_ld32_lr1e-03_ep50,False,MAR,0.1,2,3.2634915458939964,7.862361287867629,0.8574361789569787,0.4589724540710449,40.0,Deep_Learning,VaDER
VaDER_ld32_lr1e-03_ep50_Constrained,True,MAR,0.1,2,0.0,0.0,0.0,0.0,0.0,Deep_Learning,VaDER
VaDER_ld32_lr1e-03_ep200,False,MAR,0.1,2,3.4205585265112046,8.486966980877657,0.8338851879712215,1.7996270656585691,17.0,Deep_Learning,VaDER
VaDER_ld32_lr1e-03_ep200_Constrained,True,MAR,0.1,2,0.0,0.0,0.0,0.0,0.0,Deep_Learning,VaDER
VaDER_ld64_lr1e-04_ep50,False,MAR,0.1,2,3.222399404496454,7.551004119847443,0.8685039375259782,0.4583423137664795,15.0,Deep_Learning,VaDER
VaDER_ld64_lr1e-04_ep50_Constrained,True,MAR,0.1,2,0.0,0.0,0.0,0.0,0.0,Deep_Learning,VaDER
VaDER_ld64_lr1e-04_ep200,False,MAR,0.1,2,3.2314180348307566,7.758180255840128,0.8611892611492892,1.573763132095337,62.0,Deep_Learning,VaDER
VaDER_ld64_lr1e-04_ep200_Constrained,True,MAR,0.1,2,0.0,0.0,0.0,0.0,0.0,Deep_Learning,VaDER
VaDER_ld64_lr1e-03_ep50,False,MAR,0.1,2,3.2935392128739664,8.020760155715388,0.8516339980746863,0.4643464088439941,43.0,Deep_Learning,VaDER
VaDER_ld64_lr1e-03_ep50_Constrained,True,MAR,0.1,2,0.0,0.0,0.0,0.0,0.0,Deep_Learning,VaDER
VaDER_ld64_lr1e-03_ep200,False,MAR,0.1,2,3.466844131615094,8.525823503013939,0.8323606339633681,1.802116632461548,32.0,Deep_Learning,VaDER
VaDER_ld64_lr1e-03_ep200_Constrained,True,MAR,0.1,2,0.0,0.0,0.0,0.0,0.0,Deep_Learning,VaDER
GAIN,False,MAR,0.1,3,4.429562372746736,9.88267496030312,0.7705431887968206,1.3669729232788086,529.0,Deep_Learning,GAIN
GAIN_Constrained,True,MAR,0.1,3,0.0,0.0,0.0,0.0,0.0,Deep_Learning,GAIN
VAEM_ld16_lr1e-04_ep50,False,MAR,0.1,3,3.225438419806201,7.520263944744431,0.8671327037040438,0.3764843940734863,11.0,Deep_Learning,VAEM
VAEM_ld16_lr1e-04_ep50_Constrained,True,MAR,0.1,3,0.0,0.0,0.0,0.0,0.0,Deep_Learning,VAEM
VAEM_ld16_lr1e-04_ep200,False,MAR,0.1,3,3.1603755773191664,7.41048287292954,0.8709835920623921,1.4511661529541016,43.0,Deep_Learning,VAEM
VAEM_ld16_lr1e-04_ep200_Constrained,True,MAR,0.1,3,0.0,0.0,0.0,0.0,0.0,Deep_Learning,VAEM
VAEM_ld16_lr1e-03_ep50,False,MAR,0.1,3,3.170080324272837,7.456526797339987,0.8693753630719416,0.3752434253692627,38.0,Deep_Learning,VAEM
VAEM_ld16_lr1e-03_ep50_Constrained,True,MAR,0.1,3,0.0,0.0,0.0,0.0,0.0,Deep_Learning,VAEM
VAEM_ld16_lr1e-03_ep200,False,MAR,0.1,3,3.201324929603153,7.669765102003625,0.8617974498378643,1.4354448318481443,25.0,Deep_Learning,VAEM
VAEM_ld16_lr1e-03_ep200_Constrained,True,MAR,0.1,3,0.0,0.0,0.0,0.0,0.0,Deep_Learning,VAEM
VAEM_ld32_lr1e-04_ep50,False,MAR,0.1,3,3.228764054079632,7.546488858736169,0.8662044094422343,0.3711581230163574,15.0,Deep_Learning,VAEM
VAEM_ld32_lr1e-04_ep50_Constrained,True,MAR,0.1,3,0.0,0.0,0.0,0.0,0.0,Deep_Learning,VAEM
VAEM_ld32_lr1e-04_ep200,False,MAR,0.1,3,3.1622416675822813,7.479359128244985,0.8685741774103456,1.4408881664276123,48.0,Deep_Learning,VAEM
VAEM_ld32_lr1e-04_ep200_Constrained,True,MAR,0.1,3,0.0,0.0,0.0,0.0,0.0,Deep_Learning,VAEM
VAEM_ld32_lr1e-03_ep50,False,MAR,0.1,3,3.1843962599026097,7.502009088054776,0.8677769708856758,0.3712852001190185,26.0,Deep_Learning,VAEM
VAEM_ld32_lr1e-03_ep50_Constrained,True,MAR,0.1,3,0.0,0.0,0.0,0.0,0.0,Deep_Learning,VAEM
VAEM_ld32_lr1e-03_ep200,False,MAR,0.1,3,3.2378350033711807,7.788341761560649,0.8574911184502367,1.4426214694976809,22.0,Deep_Learning,VAEM
VAEM_ld32_lr1e-03_ep200_Constrained,True,MAR,0.1,3,0.0,0.0,0.0,0.0,0.0,Deep_Learning,VAEM
VAEM_ld64_lr1e-04_ep50,False,MAR,0.1,3,3.214715787003641,7.532066178711194,0.8667153349962005,0.3713765144348144,19.0,Deep_Learning,VAEM
VAEM_ld64_lr1e-04_ep50_Constrained,True,MAR,0.1,3,0.0,0.0,0.0,0.0,0.0,Deep_Learning,VAEM
VAEM_ld64_lr1e-04_ep200,False,MAR,0.1,3,3.17173494475505,7.454670204678338,0.8694404031521153,1.4355547428131104,56.0,Deep_Learning,VAEM
VAEM_ld64_lr1e-04_ep200_Constrained,True,MAR,0.1,3,0.0,0.0,0.0,0.0,0.0,Deep_Learning,VAEM
VAEM_ld64_lr1e-03_ep50,False,MAR,0.1,3,3.204023173027868,7.568361367936705,0.8654277075085427,0.3716499805450439,54.0,Deep_Learning,VAEM
VAEM_ld64_lr1e-03_ep50_Constrained,True,MAR,0.1,3,0.0,0.0,0.0,0.0,0.0,Deep_Learning,VAEM
VAEM_ld64_lr1e-03_ep200,False,MAR,0.1,3,3.2992557217496765,8.03623652519745,0.8482749282551998,1.4335050582885742,17.0,Deep_Learning,VAEM
VAEM_ld64_lr1e-03_ep200_Constrained,True,MAR,0.1,3,0.0,0.0,0.0,0.0,0.0,Deep_Learning,VAEM
VaDER_ld16_lr1e-04_ep50,False,MAR,0.1,3,3.242794753581682,7.56560228873524,0.865525807458199,0.3743438720703125,18.0,Deep_Learning,VaDER
VaDER_ld16_lr1e-04_ep50_Constrained,True,MAR,0.1,3,0.0,0.0,0.0,0.0,0.0,Deep_Learning,VaDER
VaDER_ld16_lr1e-04_ep200,False,MAR,0.1,3,3.225763618114353,7.698962883109691,0.8607432093219376,1.452681064605713,47.0,Deep_Learning,VaDER
VaDER_ld16_lr1e-04_ep200_Constrained,True,MAR,0.1,3,0.0,0.0,0.0,0.0,0.0,Deep_Learning,VaDER
VaDER_ld16_lr1e-03_ep50,False,MAR,0.1,3,3.2606099561666366,7.833482874588427,0.8558343723698002,0.37457275390625,44.0,Deep_Learning,VaDER
VaDER_ld16_lr1e-03_ep50_Constrained,True,MAR,0.1,3,0.0,0.0,0.0,0.0,0.0,Deep_Learning,VaDER
VaDER_ld16_lr1e-03_ep200,False,MAR,0.1,3,3.3519648033986016,8.295825032531754,0.8383144910977838,1.4532229900360107,31.0,Deep_Learning,VaDER
VaDER_ld16_lr1e-03_ep200_Constrained,True,MAR,0.1,3,0.0,0.0,0.0,0.0,0.0,Deep_Learning,VaDER
VaDER_ld32_lr1e-04_ep50,False,MAR,0.1,3,3.2207755977205084,7.548746270217171,0.8661243518467447,0.3768143653869629,21.0,Deep_Learning,VaDER
VaDER_ld32_lr1e-04_ep50_Constrained,True,MAR,0.1,3,0.0,0.0,0.0,0.0,0.0,Deep_Learning,VaDER
VaDER_ld32_lr1e-04_ep200,False,MAR,0.1,3,3.2376137701040832,7.747728266037581,0.8589735118425597,1.4527995586395264,52.0,Deep_Learning,VaDER
VaDER_ld32_lr1e-04_ep200_Constrained,True,MAR,0.1,3,0.0,0.0,0.0,0.0,0.0,Deep_Learning,VaDER
VaDER_ld32_lr1e-03_ep50,False,MAR,0.1,3,3.289024825855946,8.103704560271929,0.8457166255059548,0.484816312789917,29.0,Deep_Learning,VaDER
VaDER_ld32_lr1e-03_ep50_Constrained,True,MAR,0.1,3,0.0,0.0,0.0,0.0,0.0,Deep_Learning,VaDER
VaDER_ld32_lr1e-03_ep200,False,MAR,0.1,3,3.46086969362891,8.614438986200858,0.8256564322491885,1.9821207523345947,21.0,Deep_Learning,VaDER
VaDER_ld32_lr1e-03_ep200_Constrained,True,MAR,0.1,3,0.0,0.0,0.0,0.0,0.0,Deep_Learning,VaDER
VaDER_ld64_lr1e-04_ep50,False,MAR,0.1,3,3.2247683751705147,7.52987463112351,0.8667928853480246,0.4562034606933594,26.0,Deep_Learning,VaDER
VaDER_ld64_lr1e-04_ep50_Constrained,True,MAR,0.1,3,0.0,0.0,0.0,0.0,0.0,Deep_Learning,VaDER
VaDER_ld64_lr1e-04_ep200,False,MAR,0.1,3,3.2207718363659747,7.623025026965723,0.863476748972548,1.829674482345581,51.0,Deep_Learning,VaDER
VaDER_ld64_lr1e-04_ep200_Constrained,True,MAR,0.1,3,0.0,0.0,0.0,0.0,0.0,Deep_Learning,VaDER
VaDER_ld64_lr1e-03_ep50,False,MAR,0.1,3,3.2918491400316734,7.93706948671976,0.8519963945151425,0.4579505920410156,52.0,Deep_Learning,VaDER
VaDER_ld64_lr1e-03_ep50_Constrained,True,MAR,0.1,3,0.0,0.0,0.0,0.0,0.0,Deep_Learning,VaDER
VaDER_ld64_lr1e-03_ep200,False,MAR,0.1,3,3.453540323248187,8.498151185934459,0.8303316499156564,1.7884366512298584,19.0,Deep_Learning,VaDER
VaDER_ld64_lr1e-03_ep200_Constrained,True,MAR,0.1,3,0.0,0.0,0.0,0.0,0.0,Deep_Learning,VaDER
GAIN,False,MAR,0.1,4,4.461935746718015,9.975247957755965,0.7732584105911502,1.5086705684661863,538.0,Deep_Learning,GAIN
GAIN_Constrained,True,MAR,0.1,4,0.0,0.0,0.0,0.0,0.0,Deep_Learning,GAIN
VAEM_ld16_lr1e-04_ep50,False,MAR,0.1,4,3.186495355373886,7.47112138730726,0.8728092956861827,0.4506325721740722,14.0,Deep_Learning,VAEM
VAEM_ld16_lr1e-04_ep50_Constrained,True,MAR,0.1,4,0.0,0.0,0.0,0.0,0.0,Deep_Learning,VAEM
VAEM_ld16_lr1e-04_ep200,False,MAR,0.1,4,3.151322761411523,7.587103853985111,0.8688295995186956,2.235929250717163,28.0,Deep_Learning,VAEM
VAEM_ld16_lr1e-04_ep200_Constrained,True,MAR,0.1,4,0.0,0.0,0.0,0.0,0.0,Deep_Learning,VAEM
VAEM_ld16_lr1e-03_ep50,False,MAR,0.1,4,3.1293052144961746,7.4588435763482686,0.8732269947652045,0.4587790966033935,32.0,Deep_Learning,VAEM
VAEM_ld16_lr1e-03_ep50_Constrained,True,MAR,0.1,4,0.0,0.0,0.0,0.0,0.0,Deep_Learning,VAEM
VAEM_ld16_lr1e-03_ep200,False,MAR,0.1,4,3.169206528894598,7.62337328724077,0.8675725065594699,1.7802560329437256,17.0,Deep_Learning,VAEM
VAEM_ld16_lr1e-03_ep200_Constrained,True,MAR,0.1,4,0.0,0.0,0.0,0.0,0.0,Deep_Learning,VAEM
VAEM_ld32_lr1e-04_ep50,False,MAR,0.1,4,3.166803404820458,7.450956206901164,0.873494965756123,0.4573068618774414,21.0,Deep_Learning,VAEM
VAEM_ld32_lr1e-04_ep50_Constrained,True,MAR,0.1,4,0.0,0.0,0.0,0.0,0.0,Deep_Learning,VAEM
VAEM_ld32_lr1e-04_ep200,False,MAR,0.1,4,3.133712986395427,7.44546559939678,0.873681340108537,1.7858970165252686,32.0,Deep_Learning,VAEM
VAEM_ld32_lr1e-04_ep200_Constrained,True,MAR,0.1,4,0.0,0.0,0.0,0.0,0.0,Deep_Learning,VAEM
VAEM_ld32_lr1e-03_ep50,False,MAR,0.1,4,3.148962554319927,7.531400615384658,0.8707485910820102,0.4568319320678711,36.0,Deep_Learning,VAEM
VAEM_ld32_lr1e-03_ep50_Constrained,True,MAR,0.1,4,0.0,0.0,0.0,0.0,0.0,Deep_Learning,VAEM
VAEM_ld32_lr1e-03_ep200,False,MAR,0.1,4,3.23243642091779,7.84882557343141,0.8596239097305046,1.7868406772613523,18.0,Deep_Learning,VAEM
VAEM_ld32_lr1e-03_ep200_Constrained,True,MAR,0.1,4,0.0,0.0,0.0,0.0,0.0,Deep_Learning,VAEM
VAEM_ld64_lr1e-04_ep50,False,MAR,0.1,4,3.167076523870049,7.494617749704246,0.8720080188470088,0.5473246574401855,24.0,Deep_Learning,VAEM
VAEM_ld64_lr1e-04_ep50_Constrained,True,MAR,0.1,4,0.0,0.0,0.0,0.0,0.0,Deep_Learning,VAEM
VAEM_ld64_lr1e-04_ep200,False,MAR,0.1,4,3.1603806755877843,7.51514849055984,0.871305816402873,1.5508043766021729,47.0,Deep_Learning,VAEM
VAEM_ld64_lr1e-04_ep200_Constrained,True,MAR,0.1,4,0.0,0.0,0.0,0.0,0.0,Deep_Learning,VAEM
VAEM_ld64_lr1e-03_ep50,False,MAR,0.1,4,3.212545517717801,7.687826518977062,0.8653237745136919,0.5847222805023193,43.0,Deep_Learning,VAEM
VAEM_ld64_lr1e-03_ep50_Constrained,True,MAR,0.1,4,0.0,0.0,0.0,0.0,0.0,Deep_Learning,VAEM
VAEM_ld64_lr1e-03_ep200,False,MAR,0.1,4,3.332784740286298,8.235738193696928,0.8454429387148307,1.1406028270721436,22.0,Deep_Learning,VAEM
VAEM_ld64_lr1e-03_ep200_Constrained,True,MAR,0.1,4,0.0,0.0,0.0,0.0,0.0,Deep_Learning,VAEM
VaDER_ld16_lr1e-04_ep50,False,MAR,0.1,4,3.210958986381664,7.632567856519406,0.8672528716680887,0.2873904705047607,22.0,Deep_Learning,VaDER
VaDER_ld16_lr1e-04_ep50_Constrained,True,MAR,0.1,4,0.0,0.0,0.0,0.0,0.0,Deep_Learning,VaDER
VaDER_ld16_lr1e-04_ep200,False,MAR,0.1,4,3.2255642331377032,7.842713836078286,0.8598424412176797,1.098292589187622,40.0,Deep_Learning,VaDER
VaDER_ld16_lr1e-04_ep200_Constrained,True,MAR,0.1,4,0.0,0.0,0.0,0.0,0.0,Deep_Learning,VaDER
VaDER_ld16_lr1e-03_ep50,False,MAR,0.1,4,3.2385095314700143,7.808591664960387,0.8610593863896101,0.2867968082427978,39.0,Deep_Learning,VaDER
VaDER_ld16_lr1e-03_ep50_Constrained,True,MAR,0.1,4,0.0,0.0,0.0,0.0,0.0,Deep_Learning,VaDER
VaDER_ld16_lr1e-03_ep200,False,MAR,0.1,4,3.32961933000638,8.260275608473401,0.8445205975279109,1.1250298023223877,26.0,Deep_Learning,VaDER
VaDER_ld16_lr1e-03_ep200_Constrained,True,MAR,0.1,4,0.0,0.0,0.0,0.0,0.0,Deep_Learning,VaDER
VaDER_ld32_lr1e-04_ep50,False,MAR,0.1,4,3.1925235559982577,7.554901455609524,0.8699407052796031,0.2867040634155273,31.0,Deep_Learning,VaDER
VaDER_ld32_lr1e-04_ep50_Constrained,True,MAR,0.1,4,0.0,0.0,0.0,0.0,0.0,Deep_Learning,VaDER
VaDER_ld32_lr1e-04_ep200,False,MAR,0.1,4,3.2211984498644166,7.78593072603909,0.8618646420111997,1.0974924564361572,46.0,Deep_Learning,VaDER
VaDER_ld32_lr1e-04_ep200_Constrained,True,MAR,0.1,4,0.0,0.0,0.0,0.0,0.0,Deep_Learning,VaDER
VaDER_ld32_lr1e-03_ep50,False,MAR,0.1,4,3.3055630108811527,8.099028067202775,0.8505315279682026,0.4719908237457275,29.0,Deep_Learning,VaDER
VaDER_ld32_lr1e-03_ep50_Constrained,True,MAR,0.1,4,0.0,0.0,0.0,0.0,0.0,Deep_Learning,VaDER
VaDER_ld32_lr1e-03_ep200,False,MAR,0.1,4,3.434752139765448,8.499844399440159,0.8353712283457484,1.5007929801940918,23.0,Deep_Learning,VaDER
VaDER_ld32_lr1e-03_ep200_Constrained,True,MAR,0.1,4,0.0,0.0,0.0,0.0,0.0,Deep_Learning,VaDER
VaDER_ld64_lr1e-04_ep50,False,MAR,0.1,4,3.196864237968812,7.538018815557371,0.8705213325451155,0.2837774753570556,24.0,Deep_Learning,VaDER
VaDER_ld64_lr1e-04_ep50_Constrained,True,MAR,0.1,4,0.0,0.0,0.0,0.0,0.0,Deep_Learning,VaDER
VaDER_ld64_lr1e-04_ep200,False,MAR,0.1,4,3.246170213619741,7.898769114287177,0.8578317474002259,1.0944976806640625,53.0,Deep_Learning,VaDER
VaDER_ld64_lr1e-04_ep200_Constrained,True,MAR,0.1,4,0.0,0.0,0.0,0.0,0.0,Deep_Learning,VaDER
VaDER_ld64_lr1e-03_ep50,False,MAR,0.1,4,3.3145710014074345,8.18972384134718,0.847165182774004,0.3532044887542724,53.0,Deep_Learning,VaDER
VaDER_ld64_lr1e-03_ep50_Constrained,True,MAR,0.1,4,0.0,0.0,0.0,0.0,0.0,Deep_Learning,VaDER
VaDER_ld64_lr1e-03_ep200,False,MAR,0.1,4,3.490652145406773,8.685898957053288,0.8280851737388253,1.1025233268737793,29.0,Deep_Learning,VaDER
VaDER_ld64_lr1e-03_ep200_Constrained,True,MAR,0.1,4,0.0,0.0,0.0,0.0,0.0,Deep_Learning,VaDER
GAIN,False,MAR,0.1,5,4.502812860289657,9.894704476607735,0.7752325259275121,0.9816195964813232,561.0,Deep_Learning,GAIN
GAIN_Constrained,True,MAR,0.1,5,0.0,0.0,0.0,0.0,0.0,Deep_Learning,GAIN
VAEM_ld16_lr1e-04_ep50,False,MAR,0.1,5,3.211444882523232,7.333673105439737,0.8765273114508008,0.2832674980163574,10.0,Deep_Learning,VAEM
VAEM_ld16_lr1e-04_ep50_Constrained,True,MAR,0.1,5,0.0,0.0,0.0,0.0,0.0,Deep_Learning,VAEM
VAEM_ld16_lr1e-04_ep200,False,MAR,0.1,5,3.1765111291623755,7.321390831134436,0.8769405438069429,1.1212468147277832,34.0,Deep_Learning,VAEM
VAEM_ld16_lr1e-04_ep200_Constrained,True,MAR,0.1,5,0.0,0.0,0.0,0.0,0.0,Deep_Learning,VAEM
VAEM_ld16_lr1e-03_ep50,False,MAR,0.1,5,3.1741547672387838,7.309562845064373,0.8773378371143291,0.2832083702087402,28.0,Deep_Learning,VAEM
VAEM_ld16_lr1e-03_ep50_Constrained,True,MAR,0.1,5,0.0,0.0,0.0,0.0,0.0,Deep_Learning,VAEM
VAEM_ld16_lr1e-03_ep200,False,MAR,0.1,5,3.225024971337412,7.484715720461738,0.8713889069217704,1.2653942108154297,13.0,Deep_Learning,VAEM
VAEM_ld16_lr1e-03_ep200_Constrained,True,MAR,0.1,5,0.0,0.0,0.0,0.0,0.0,Deep_Learning,VAEM
VAEM_ld32_lr1e-04_ep50,False,MAR,0.1,5,3.2052685486894696,7.363007692457421,0.8755375579428387,0.2839477062225342,22.0,Deep_Learning,VAEM
VAEM_ld32_lr1e-04_ep50_Constrained,True,MAR,0.1,5,0.0,0.0,0.0,0.0,0.0,Deep_Learning,VAEM
VAEM_ld32_lr1e-04_ep200,False,MAR,0.1,5,3.1883279271986464,7.3839601589091,0.8748281995737127,1.0993993282318115,42.0,Deep_Learning,VAEM
VAEM_ld32_lr1e-04_ep200_Constrained,True,MAR,0.1,5,0.0,0.0,0.0,0.0,0.0,Deep_Learning,VAEM
VAEM_ld32_lr1e-03_ep50,False,MAR,0.1,5,3.190764357072282,7.399513260501014,0.8743003364746971,0.2855486869812011,24.0,Deep_Learning,VAEM
VAEM_ld32_lr1e-03_ep50_Constrained,True,MAR,0.1,5,0.0,0.0,0.0,0.0,0.0,Deep_Learning,VAEM
VAEM_ld32_lr1e-03_ep200,False,MAR,0.1,5,3.254834723644608,7.640870292945015,0.8659664673009985,1.7470588684082031,25.0,Deep_Learning,VAEM
VAEM_ld32_lr1e-03_ep200_Constrained,True,MAR,0.1,5,0.0,0.0,0.0,0.0,0.0,Deep_Learning,VAEM
VAEM_ld64_lr1e-04_ep50,False,MAR,0.1,5,3.2168522768113723,7.37721904652793,0.8750566439280678,0.298713207244873,19.0,Deep_Learning,VAEM
VAEM_ld64_lr1e-04_ep50_Constrained,True,MAR,0.1,5,0.0,0.0,0.0,0.0,0.0,Deep_Learning,VAEM
VAEM_ld64_lr1e-04_ep200,False,MAR,0.1,5,3.192496644263456,7.4093569948311,0.8739656719936317,1.0925393104553225,43.0,Deep_Learning,VAEM
VAEM_ld64_lr1e-04_ep200_Constrained,True,MAR,0.1,5,0.0,0.0,0.0,0.0,0.0,Deep_Learning,VAEM
VAEM_ld64_lr1e-03_ep50,False,MAR,0.1,5,3.2448673913375585,7.638644692821583,0.8660445373613378,0.2850661277770996,34.0,Deep_Learning,VAEM
VAEM_ld64_lr1e-03_ep50_Constrained,True,MAR,0.1,5,0.0,0.0,0.0,0.0,0.0,Deep_Learning,VAEM
VAEM_ld64_lr1e-03_ep200,False,MAR,0.1,5,3.3345190588581524,7.96166922073772,0.854475515348332,1.1052567958831787,17.0,Deep_Learning,VAEM
VAEM_ld64_lr1e-03_ep200_Constrained,True,MAR,0.1,5,0.0,0.0,0.0,0.0,0.0,Deep_Learning,VAEM
VaDER_ld16_lr1e-04_ep50,False,MAR,0.1,5,3.239025389829685,7.47062786407044,0.8718725991622727,0.4750542640686035,22.0,Deep_Learning,VaDER
VaDER_ld16_lr1e-04_ep50_Constrained,True,MAR,0.1,5,0.0,0.0,0.0,0.0,0.0,Deep_Learning,VaDER
VaDER_ld16_lr1e-04_ep200,False,MAR,0.1,5,3.255735461676514,7.654793569419617,0.865477547543663,1.1065571308135986,37.0,Deep_Learning,VaDER
VaDER_ld16_lr1e-04_ep200_Constrained,True,MAR,0.1,5,0.0,0.0,0.0,0.0,0.0,Deep_Learning,VaDER
VaDER_ld16_lr1e-03_ep50,False,MAR,0.1,5,3.3230941975003283,7.907146457780666,0.8564618397641539,0.2886886596679687,40.0,Deep_Learning,VaDER
VaDER_ld16_lr1e-03_ep50_Constrained,True,MAR,0.1,5,0.0,0.0,0.0,0.0,0.0,Deep_Learning,VaDER
VaDER_ld16_lr1e-03_ep200,False,MAR,0.1,5,3.4247892198162826,8.410862404770617,0.8375914585180882,1.1076209545135498,12.0,Deep_Learning,VaDER
VaDER_ld16_lr1e-03_ep200_Constrained,True,MAR,0.1,5,0.0,0.0,0.0,0.0,0.0,Deep_Learning,VaDER
VaDER_ld32_lr1e-04_ep50,False,MAR,0.1,5,3.223685357344724,7.407705154283414,0.87402186186457,0.2888321876525879,23.0,Deep_Learning,VaDER
VaDER_ld32_lr1e-04_ep50_Constrained,True,MAR,0.1,5,0.0,0.0,0.0,0.0,0.0,Deep_Learning,VaDER
VaDER_ld32_lr1e-04_ep200,False,MAR,0.1,5,3.277778497934733,7.608909364407112,0.8670854175216544,1.1087570190429688,36.0,Deep_Learning,VaDER
VaDER_ld32_lr1e-04_ep200_Constrained,True,MAR,0.1,5,0.0,0.0,0.0,0.0,0.0,Deep_Learning,VaDER
VaDER_ld32_lr1e-03_ep50,False,MAR,0.1,5,3.394794508336653,8.244749139968736,0.8439431984350961,0.2893414497375488,28.0,Deep_Learning,VaDER
VaDER_ld32_lr1e-03_ep50_Constrained,True,MAR,0.1,5,0.0,0.0,0.0,0.0,0.0,Deep_Learning,VaDER
VaDER_ld32_lr1e-03_ep200,False,MAR,0.1,5,3.5107014838817507,8.611516817797963,0.8297500011314507,1.1085803508758545,22.0,Deep_Learning,VaDER
VaDER_ld32_lr1e-03_ep200_Constrained,True,MAR,0.1,5,0.0,0.0,0.0,0.0,0.0,Deep_Learning,VaDER
VaDER_ld64_lr1e-04_ep50,False,MAR,0.1,5,3.223447858326646,7.39863394607155,0.8743302095100407,0.2897162437438965,22.0,Deep_Learning,VaDER
VaDER_ld64_lr1e-04_ep50_Constrained,True,MAR,0.1,5,0.0,0.0,0.0,0.0,0.0,Deep_Learning,VaDER
VaDER_ld64_lr1e-04_ep200,False,MAR,0.1,5,3.2939707595794943,7.702188565528527,0.863806587055755,1.10603666305542,44.0,Deep_Learning,VaDER
VaDER_ld64_lr1e-04_ep200_Constrained,True,MAR,0.1,5,0.0,0.0,0.0,0.0,0.0,Deep_Learning,VaDER
VaDER_ld64_lr1e-03_ep50,False,MAR,0.1,5,3.387193414106937,8.185606958302632,0.8461740574594294,0.288642406463623,38.0,Deep_Learning,VaDER
VaDER_ld64_lr1e-03_ep50_Constrained,True,MAR,0.1,5,0.0,0.0,0.0,0.0,0.0,Deep_Learning,VaDER
VaDER_ld64_lr1e-03_ep200,False,MAR,0.1,5,3.553559442526014,8.60534597187592,0.8299939094041762,1.1066677570343018,20.0,Deep_Learning,VaDER
VaDER_ld64_lr1e-03_ep200_Constrained,True,MAR,0.1,5,0.0,0.0,0.0,0.0,0.0,Deep_Learning,VaDER
GAIN,False,MAR,0.2,1,4.506712952967771,10.028663044750203,0.7714258455422746,1.5132648944854736,1057.0,Deep_Learning,GAIN
GAIN_Constrained,True,MAR,0.2,1,0.0,0.0,0.0,0.0,0.0,Deep_Learning,GAIN
VAEM_ld16_lr1e-04_ep50,False,MAR,0.2,1,3.272609765947444,7.704746628325955,0.865085767962618,0.5547006130218506,13.0,Deep_Learning,VAEM
VAEM_ld16_lr1e-04_ep50_Constrained,True,MAR,0.2,1,0.0,0.0,0.0,0.0,0.0,Deep_Learning,VAEM
VAEM_ld16_lr1e-04_ep200,False,MAR,0.2,1,3.261813376913308,7.800074940353161,0.8617266154788266,2.216087818145752,19.0,Deep_Learning,VAEM
VAEM_ld16_lr1e-04_ep200_Constrained,True,MAR,0.2,1,0.0,0.0,0.0,0.0,0.0,Deep_Learning,VAEM
VAEM_ld16_lr1e-03_ep50,False,MAR,0.2,1,3.275568422577675,7.827248606164649,0.8607615120100471,0.4445199966430664,13.0,Deep_Learning,VAEM
VAEM_ld16_lr1e-03_ep50_Constrained,True,MAR,0.2,1,0.0,0.0,0.0,0.0,0.0,Deep_Learning,VAEM
VAEM_ld16_lr1e-03_ep200,False,MAR,0.2,1,3.3243285040220645,8.118863450654562,0.8501932035156685,1.8414738178253172,10.0,Deep_Learning,VAEM
VAEM_ld16_lr1e-03_ep200_Constrained,True,MAR,0.2,1,0.0,0.0,0.0,0.0,0.0,Deep_Learning,VAEM
VAEM_ld32_lr1e-04_ep50,False,MAR,0.2,1,3.2650927250797026,7.68516612258404,0.8657706268648242,0.4602599143981933,24.0,Deep_Learning,VAEM
VAEM_ld32_lr1e-04_ep50_Constrained,True,MAR,0.2,1,0.0,0.0,0.0,0.0,0.0,Deep_Learning,VAEM
VAEM_ld32_lr1e-04_ep200,False,MAR,0.2,1,3.2762016288888582,7.886715161602354,0.8586377806840543,1.791527509689331,20.0,Deep_Learning,VAEM
VAEM_ld32_lr1e-04_ep200_Constrained,True,MAR,0.2,1,0.0,0.0,0.0,0.0,0.0,Deep_Learning,VAEM
VAEM_ld32_lr1e-03_ep50,False,MAR,0.2,1,3.2992611442657167,7.981391238118536,0.8552234435728058,0.458841323852539,17.0,Deep_Learning,VAEM
VAEM_ld32_lr1e-03_ep50_Constrained,True,MAR,0.2,1,0.0,0.0,0.0,0.0,0.0,Deep_Learning,VAEM
VAEM_ld32_lr1e-03_ep200,False,MAR,0.2,1,3.3658630580111515,8.243837293722073,0.8455457489213999,1.7910079956054688,10.0,Deep_Learning,VAEM
VAEM_ld32_lr1e-03_ep200_Constrained,True,MAR,0.2,1,0.0,0.0,0.0,0.0,0.0,Deep_Learning,VAEM
VAEM_ld64_lr1e-04_ep50,False,MAR,0.2,1,3.262564498948,7.73775564513126,0.8639272805872374,0.4592947959899902,24.0,Deep_Learning,VAEM
VAEM_ld64_lr1e-04_ep50_Constrained,True,MAR,0.2,1,0.0,0.0,0.0,0.0,0.0,Deep_Learning,VAEM
VAEM_ld64_lr1e-04_ep200,False,MAR,0.2,1,3.290323895046817,7.877282859755708,0.8589757094051433,1.7879836559295654,17.0,Deep_Learning,VAEM
VAEM_ld64_lr1e-04_ep200_Constrained,True,MAR,0.2,1,0.0,0.0,0.0,0.0,0.0,Deep_Learning,VAEM
VAEM_ld64_lr1e-03_ep50,False,MAR,0.2,1,3.3369745050176665,8.094644680368027,0.8510856252205492,0.4692637920379638,23.0,Deep_Learning,VAEM
VAEM_ld64_lr1e-03_ep50_Constrained,True,MAR,0.2,1,0.0,0.0,0.0,0.0,0.0,Deep_Learning,VAEM
VAEM_ld64_lr1e-03_ep200,False,MAR,0.2,1,3.424253829007376,8.509809916464086,0.8354185965439243,1.8201549053192136,11.0,Deep_Learning,VAEM
VAEM_ld64_lr1e-03_ep200_Constrained,True,MAR,0.2,1,0.0,0.0,0.0,0.0,0.0,Deep_Learning,VAEM
VaDER_ld16_lr1e-04_ep50,False,MAR,0.2,1,3.2866971046559392,7.774658450351247,0.8626262730484768,0.457172155380249,23.0,Deep_Learning,VaDER
VaDER_ld16_lr1e-04_ep50_Constrained,True,MAR,0.2,1,0.0,0.0,0.0,0.0,0.0,Deep_Learning,VaDER
VaDER_ld16_lr1e-04_ep200,False,MAR,0.2,1,3.353612549418918,8.216580268987302,0.8465654205579803,1.82720685005188,18.0,Deep_Learning,VaDER
VaDER_ld16_lr1e-04_ep200_Constrained,True,MAR,0.2,1,0.0,0.0,0.0,0.0,0.0,Deep_Learning,VaDER
VaDER_ld16_lr1e-03_ep50,False,MAR,0.2,1,3.391332794200281,8.339689096825213,0.8419331627439199,0.4603235721588135,18.0,Deep_Learning,VaDER
VaDER_ld16_lr1e-03_ep50_Constrained,True,MAR,0.2,1,0.0,0.0,0.0,0.0,0.0,Deep_Learning,VaDER
VaDER_ld16_lr1e-03_ep200,False,MAR,0.2,1,3.466727710037027,8.681867072315395,0.8286960777505702,1.8209893703460691,11.0,Deep_Learning,VaDER
VaDER_ld16_lr1e-03_ep200_Constrained,True,MAR,0.2,1,0.0,0.0,0.0,0.0,0.0,Deep_Learning,VaDER
VaDER_ld32_lr1e-04_ep50,False,MAR,0.2,1,3.3004769798132263,7.80677399933763,0.8614890025479451,0.459754467010498,27.0,Deep_Learning,VaDER
VaDER_ld32_lr1e-04_ep50_Constrained,True,MAR,0.2,1,0.0,0.0,0.0,0.0,0.0,Deep_Learning,VaDER
VaDER_ld32_lr1e-04_ep200,False,MAR,0.2,1,3.361804861285658,8.204628141030417,0.8470114786163603,1.800140619277954,13.0,Deep_Learning,VaDER
VaDER_ld32_lr1e-04_ep200_Constrained,True,MAR,0.2,1,0.0,0.0,0.0,0.0,0.0,Deep_Learning,VaDER
VaDER_ld32_lr1e-03_ep50,False,MAR,0.2,1,3.438790196742713,8.544110215186397,0.8340891736001029,0.4661312103271484,16.0,Deep_Learning,VaDER
VaDER_ld32_lr1e-03_ep50_Constrained,True,MAR,0.2,1,0.0,0.0,0.0,0.0,0.0,Deep_Learning,VaDER
VaDER_ld32_lr1e-03_ep200,False,MAR,0.2,1,3.543918371909977,8.86705117202594,0.8213103195060225,2.0582046508789062,8.0,Deep_Learning,VaDER
VaDER_ld32_lr1e-03_ep200_Constrained,True,MAR,0.2,1,0.0,0.0,0.0,0.0,0.0,Deep_Learning,VaDER
VaDER_ld64_lr1e-04_ep50,False,MAR,0.2,1,3.29617010805493,7.837222944192893,0.8604064200221095,0.5584113597869873,34.0,Deep_Learning,VaDER
VaDER_ld64_lr1e-04_ep50_Constrained,True,MAR,0.2,1,0.0,0.0,0.0,0.0,0.0,Deep_Learning,VaDER
VaDER_ld64_lr1e-04_ep200,False,MAR,0.2,1,3.374304883586843,8.197433947528046,0.84727965566634,2.2812445163726807,35.0,Deep_Learning,VaDER
VaDER_ld64_lr1e-04_ep200_Constrained,True,MAR,0.2,1,0.0,0.0,0.0,0.0,0.0,Deep_Learning,VaDER
VaDER_ld64_lr1e-03_ep50,False,MAR,0.2,1,3.436239816317738,8.532979964370098,0.8345211498457459,0.5537652969360352,22.0,Deep_Learning,VaDER
VaDER_ld64_lr1e-03_ep50_Constrained,True,MAR,0.2,1,0.0,0.0,0.0,0.0,0.0,Deep_Learning,VaDER
VaDER_ld64_lr1e-03_ep200,False,MAR,0.2,1,3.570051237471682,8.928427924590238,0.8188280174118187,1.9473857879638672,12.0,Deep_Learning,VaDER
VaDER_ld64_lr1e-03_ep200_Constrained,True,MAR,0.2,1,0.0,0.0,0.0,0.0,0.0,Deep_Learning,VaDER
GAIN,False,MAR,0.2,2,4.461100010581537,9.995055418161078,0.7737330665837998,1.4407994747161863,1085.0,Deep_Learning,GAIN
GAIN_Constrained,True,MAR,0.2,2,0.0,0.0,0.0,0.0,0.0,Deep_Learning,GAIN
VAEM_ld16_lr1e-04_ep50,False,MAR,0.2,2,3.249134798811624,7.665251384387156,0.8669228527023966,0.4816794395446777,20.0,Deep_Learning,VAEM
VAEM_ld16_lr1e-04_ep50_Constrained,True,MAR,0.2,2,0.0,0.0,0.0,0.0,0.0,Deep_Learning,VAEM
VAEM_ld16_lr1e-04_ep200,False,MAR,0.2,2,3.232954624751032,7.697989540456639,0.86578368481484,1.9053192138671875,22.0,Deep_Learning,VAEM
VAEM_ld16_lr1e-04_ep200_Constrained,True,MAR,0.2,2,0.0,0.0,0.0,0.0,0.0,Deep_Learning,VAEM
VAEM_ld16_lr1e-03_ep50,False,MAR,0.2,2,3.2496050776958603,7.743542958435984,0.8641905150839393,0.4828791618347168,14.0,Deep_Learning,VAEM
VAEM_ld16_lr1e-03_ep50_Constrained,True,MAR,0.2,2,0.0,0.0,0.0,0.0,0.0,Deep_Learning,VAEM
VAEM_ld16_lr1e-03_ep200,False,MAR,0.2,2,3.3119615676618945,8.116965123138476,0.8507762196844986,1.8840124607086184,8.0,Deep_Learning,VAEM
VAEM_ld16_lr1e-03_ep200_Constrained,True,MAR,0.2,2,0.0,0.0,0.0,0.0,0.0,Deep_Learning,VAEM
VAEM_ld32_lr1e-04_ep50,False,MAR,0.2,2,3.244601892468182,7.677731099272268,0.8664891769598759,0.5068941116333008,21.0,Deep_Learning,VAEM
VAEM_ld32_lr1e-04_ep50_Constrained,True,MAR,0.2,2,0.0,0.0,0.0,0.0,0.0,Deep_Learning,VAEM
VAEM_ld32_lr1e-04_ep200,False,MAR,0.2,2,3.242161209639094,7.69225429220888,0.865983601204202,1.8490092754364011,19.0,Deep_Learning,VAEM
VAEM_ld32_lr1e-04_ep200_Constrained,True,MAR,0.2,2,0.0,0.0,0.0,0.0,0.0,Deep_Learning,VAEM
VAEM_ld32_lr1e-03_ep50,False,MAR,0.2,2,3.2727579844129737,7.87286933383181,0.859616273999284,0.4676697254180908,15.0,Deep_Learning,VAEM
VAEM_ld32_lr1e-03_ep50_Constrained,True,MAR,0.2,2,0.0,0.0,0.0,0.0,0.0,Deep_Learning,VAEM
VAEM_ld32_lr1e-03_ep200,False,MAR,0.2,2,3.349020185199052,8.186070548557575,0.8482245097659584,1.8213317394256592,13.0,Deep_Learning,VAEM
VAEM_ld32_lr1e-03_ep200_Constrained,True,MAR,0.2,2,0.0,0.0,0.0,0.0,0.0,Deep_Learning,VAEM
VAEM_ld64_lr1e-04_ep50,False,MAR,0.2,2,3.246241698330425,7.663404111311333,0.8669869863353934,0.4660544395446777,31.0,Deep_Learning,VAEM
VAEM_ld64_lr1e-04_ep50_Constrained,True,MAR,0.2,2,0.0,0.0,0.0,0.0,0.0,Deep_Learning,VAEM
VAEM_ld64_lr1e-04_ep200,False,MAR,0.2,2,3.269727353396064,7.846570601364611,0.8605525902557516,1.8146965503692627,17.0,Deep_Learning,VAEM
VAEM_ld64_lr1e-04_ep200_Constrained,True,MAR,0.2,2,0.0,0.0,0.0,0.0,0.0,Deep_Learning,VAEM
VAEM_ld64_lr1e-03_ep50,False,MAR,0.2,2,3.3191434941265405,8.048803605931274,0.8532718846839711,0.466233491897583,18.0,Deep_Learning,VAEM
VAEM_ld64_lr1e-03_ep50_Constrained,True,MAR,0.2,2,0.0,0.0,0.0,0.0,0.0,Deep_Learning,VAEM
VAEM_ld64_lr1e-03_ep200,False,MAR,0.2,2,3.41813583994189,8.429408347554482,0.839067090115693,1.814125061035156,10.0,Deep_Learning,VAEM
VAEM_ld64_lr1e-03_ep200_Constrained,True,MAR,0.2,2,0.0,0.0,0.0,0.0,0.0,Deep_Learning,VAEM
VaDER_ld16_lr1e-04_ep50,False,MAR,0.2,2,3.2726525942769467,7.757620141677796,0.8636962832358263,0.4713494777679443,34.0,Deep_Learning,VaDER
VaDER_ld16_lr1e-04_ep50_Constrained,True,MAR,0.2,2,0.0,0.0,0.0,0.0,0.0,Deep_Learning,VaDER
VaDER_ld16_lr1e-04_ep200,False,MAR,0.2,2,3.3229260972692884,8.129903406489344,0.8503001209772297,1.83665132522583,17.0,Deep_Learning,VaDER
VaDER_ld16_lr1e-04_ep200_Constrained,True,MAR,0.2,2,0.0,0.0,0.0,0.0,0.0,Deep_Learning,VaDER
VaDER_ld16_lr1e-03_ep50,False,MAR,0.2,2,3.371286491456844,8.2910672145556,0.8443061170557924,0.4721851348876953,25.0,Deep_Learning,VaDER
VaDER_ld16_lr1e-03_ep50_Constrained,True,MAR,0.2,2,0.0,0.0,0.0,0.0,0.0,Deep_Learning,VaDER
VaDER_ld16_lr1e-03_ep200,False,MAR,0.2,2,3.4449061995760792,8.596628897771788,0.8326186613708099,1.8376171588897705,7.0,Deep_Learning,VaDER
VaDER_ld16_lr1e-03_ep200_Constrained,True,MAR,0.2,2,0.0,0.0,0.0,0.0,0.0,Deep_Learning,VaDER
VaDER_ld32_lr1e-04_ep50,False,MAR,0.2,2,3.268744630534584,7.748150402321149,0.8640288524595646,0.4715638160705566,46.0,Deep_Learning,VaDER
VaDER_ld32_lr1e-04_ep50_Constrained,True,MAR,0.2,2,0.0,0.0,0.0,0.0,0.0,Deep_Learning,VaDER
VaDER_ld32_lr1e-04_ep200,False,MAR,0.2,2,3.338122122407866,8.141857399566664,0.8498595679096657,1.957902669906616,18.0,Deep_Learning,VaDER
VaDER_ld32_lr1e-04_ep200_Constrained,True,MAR,0.2,2,0.0,0.0,0.0,0.0,0.0,Deep_Learning,VaDER
VaDER_ld32_lr1e-03_ep50,False,MAR,0.2,2,3.4118615965007755,8.533985226937727,0.8350491903829778,0.4836039543151855,15.0,Deep_Learning,VaDER
VaDER_ld32_lr1e-03_ep50_Constrained,True,MAR,0.2,2,0.0,0.0,0.0,0.0,0.0,Deep_Learning,VaDER
VaDER_ld32_lr1e-03_ep200,False,MAR,0.2,2,3.5149441346896686,8.764505179659345,0.8260175340244981,1.9208636283874512,15.0,Deep_Learning,VaDER
VaDER_ld32_lr1e-03_ep200_Constrained,True,MAR,0.2,2,0.0,0.0,0.0,0.0,0.0,Deep_Learning,VaDER
VaDER_ld64_lr1e-04_ep50,False,MAR,0.2,2,3.275071398545732,7.751220757516864,0.86392106868799,0.4917976856231689,36.0,Deep_Learning,VaDER
VaDER_ld64_lr1e-04_ep50_Constrained,True,MAR,0.2,2,0.0,0.0,0.0,0.0,0.0,Deep_Learning,VaDER
VaDER_ld64_lr1e-04_ep200,False,MAR,0.2,2,3.3522875421944724,8.217143227975729,0.8470701044251001,1.9260823726654053,27.0,Deep_Learning,VaDER
VaDER_ld64_lr1e-04_ep200_Constrained,True,MAR,0.2,2,0.0,0.0,0.0,0.0,0.0,Deep_Learning,VaDER
VaDER_ld64_lr1e-03_ep50,False,MAR,0.2,2,3.434063450899801,8.518943292835045,0.8356301598806292,0.482853889465332,18.0,Deep_Learning,VaDER
VaDER_ld64_lr1e-03_ep50_Constrained,True,MAR,0.2,2,0.0,0.0,0.0,0.0,0.0,Deep_Learning,VaDER
VaDER_ld64_lr1e-03_ep200,False,MAR,0.2,2,3.543967251986838,8.827699649747201,0.8234995670625085,1.9362950325012207,17.0,Deep_Learning,VaDER
VaDER_ld64_lr1e-03_ep200_Constrained,True,MAR,0.2,2,0.0,0.0,0.0,0.0,0.0,Deep_Learning,VaDER
GAIN,False,MAR,0.2,3,4.3984024851658985,9.723819553944862,0.7757401890199607,1.3437228202819824,1087.0,Deep_Learning,GAIN
GAIN_Constrained,True,MAR,0.2,3,0.0,0.0,0.0,0.0,0.0,Deep_Learning,GAIN
VAEM_ld16_lr1e-04_ep50,False,MAR,0.2,3,3.2018653871354545,7.378167505756672,0.8708855970648541,0.2847192287445068,15.0,Deep_Learning,VAEM
VAEM_ld16_lr1e-04_ep50_Constrained,True,MAR,0.2,3,0.0,0.0,0.0,0.0,0.0,Deep_Learning,VAEM
VAEM_ld16_lr1e-04_ep200,False,MAR,0.2,3,3.1790038763394857,7.392600287486999,0.8703799694506965,1.091993808746338,8.0,Deep_Learning,VAEM
VAEM_ld16_lr1e-04_ep200_Constrained,True,MAR,0.2,3,0.0,0.0,0.0,0.0,0.0,Deep_Learning,VAEM
VAEM_ld16_lr1e-03_ep50,False,MAR,0.2,3,3.1979563134141795,7.461023350008111,0.8679694391554813,0.2854220867156982,10.0,Deep_Learning,VAEM
VAEM_ld16_lr1e-03_ep50_Constrained,True,MAR,0.2,3,0.0,0.0,0.0,0.0,0.0,Deep_Learning,VAEM
VAEM_ld16_lr1e-03_ep200,False,MAR,0.2,3,3.243526489857892,7.714834849218934,0.8588337308586633,1.0928561687469482,8.0,Deep_Learning,VAEM
VAEM_ld16_lr1e-03_ep200_Constrained,True,MAR,0.2,3,0.0,0.0,0.0,0.0,0.0,Deep_Learning,VAEM
VAEM_ld32_lr1e-04_ep50,False,MAR,0.2,3,3.2017131238142733,7.359383554508819,0.8715421805350431,0.2858271598815918,10.0,Deep_Learning,VAEM
VAEM_ld32_lr1e-04_ep50_Constrained,True,MAR,0.2,3,0.0,0.0,0.0,0.0,0.0,Deep_Learning,VAEM
VAEM_ld32_lr1e-04_ep200,False,MAR,0.2,3,3.188042267413742,7.400594635156252,0.870099476028537,1.0920817852020264,15.0,Deep_Learning,VAEM
VAEM_ld32_lr1e-04_ep200_Constrained,True,MAR,0.2,3,0.0,0.0,0.0,0.0,0.0,Deep_Learning,VAEM
VAEM_ld32_lr1e-03_ep50,False,MAR,0.2,3,3.22539533327012,7.514512934872613,0.866069545550809,0.2850642204284668,15.0,Deep_Learning,VAEM
VAEM_ld32_lr1e-03_ep50_Constrained,True,MAR,0.2,3,0.0,0.0,0.0,0.0,0.0,Deep_Learning,VAEM
VAEM_ld32_lr1e-03_ep200,False,MAR,0.2,3,3.3092950288513205,7.946385859706732,0.8502327108026514,1.0943233966827393,12.0,Deep_Learning,VAEM
VAEM_ld32_lr1e-03_ep200_Constrained,True,MAR,0.2,3,0.0,0.0,0.0,0.0,0.0,Deep_Learning,VAEM
VAEM_ld64_lr1e-04_ep50,False,MAR,0.2,3,3.197606818402242,7.391456659162666,0.8704200705427344,0.2833240032196045,23.0,Deep_Learning,VAEM
VAEM_ld64_lr1e-04_ep50_Constrained,True,MAR,0.2,3,0.0,0.0,0.0,0.0,0.0,Deep_Learning,VAEM
VAEM_ld64_lr1e-04_ep200,False,MAR,0.2,3,3.213148806799015,7.484187002810857,0.867148356745062,1.080785036087036,10.0,Deep_Learning,VAEM
VAEM_ld64_lr1e-04_ep200_Constrained,True,MAR,0.2,3,0.0,0.0,0.0,0.0,0.0,Deep_Learning,VAEM
VAEM_ld64_lr1e-03_ep50,False,MAR,0.2,3,3.280819372544101,7.742696339555754,0.8578122690234783,0.2830722332000732,21.0,Deep_Learning,VAEM
VAEM_ld64_lr1e-03_ep50_Constrained,True,MAR,0.2,3,0.0,0.0,0.0,0.0,0.0,Deep_Learning,VAEM
VAEM_ld64_lr1e-03_ep200,False,MAR,0.2,3,3.355844825546943,8.154915381242889,0.8422691703246967,1.0811176300048828,12.0,Deep_Learning,VAEM
VAEM_ld64_lr1e-03_ep200_Constrained,True,MAR,0.2,3,0.0,0.0,0.0,0.0,0.0,Deep_Learning,VAEM
VaDER_ld16_lr1e-04_ep50,False,MAR,0.2,3,3.221754214647562,7.43746772614737,0.8688018056033456,0.2874398231506347,24.0,Deep_Learning,VaDER
VaDER_ld16_lr1e-04_ep50_Constrained,True,MAR,0.2,3,0.0,0.0,0.0,0.0,0.0,Deep_Learning,VaDER
VaDER_ld16_lr1e-04_ep200,False,MAR,0.2,3,3.291548755200197,7.883170343611114,0.8526061062056611,1.0944924354553225,18.0,Deep_Learning,VaDER
VaDER_ld16_lr1e-04_ep200_Constrained,True,MAR,0.2,3,0.0,0.0,0.0,0.0,0.0,Deep_Learning,VaDER
VaDER_ld16_lr1e-03_ep50,False,MAR,0.2,3,3.309291737517168,7.946242142062327,0.8502381281100286,0.2881381511688232,17.0,Deep_Learning,VaDER
VaDER_ld16_lr1e-03_ep50_Constrained,True,MAR,0.2,3,0.0,0.0,0.0,0.0,0.0,Deep_Learning,VaDER
VaDER_ld16_lr1e-03_ep200,False,MAR,0.2,3,3.3865055688941443,8.245858510531558,0.8387315444238153,1.0918123722076416,15.0,Deep_Learning,VaDER
VaDER_ld16_lr1e-03_ep200_Constrained,True,MAR,0.2,3,0.0,0.0,0.0,0.0,0.0,Deep_Learning,VaDER
VaDER_ld32_lr1e-04_ep50,False,MAR,0.2,3,3.205706909632889,7.403469772304044,0.8699985234998815,0.2873318195343017,28.0,Deep_Learning,VaDER
VaDER_ld32_lr1e-04_ep50_Constrained,True,MAR,0.2,3,0.0,0.0,0.0,0.0,0.0,Deep_Learning,VaDER
VaDER_ld32_lr1e-04_ep200,False,MAR,0.2,3,3.3066557569992208,7.900545338100458,0.8519556596856341,1.094958782196045,19.0,Deep_Learning,VaDER
VaDER_ld32_lr1e-04_ep200_Constrained,True,MAR,0.2,3,0.0,0.0,0.0,0.0,0.0,Deep_Learning,VaDER
VaDER_ld32_lr1e-03_ep50,False,MAR,0.2,3,3.3622833027059023,8.126704190526203,0.8433585937005046,0.2862167358398437,16.0,Deep_Learning,VaDER
VaDER_ld32_lr1e-03_ep50_Constrained,True,MAR,0.2,3,0.0,0.0,0.0,0.0,0.0,Deep_Learning,VaDER
VaDER_ld32_lr1e-03_ep200,False,MAR,0.2,3,3.4525158019606024,8.346016078167759,0.8347900864957689,1.0934388637542725,17.0,Deep_Learning,VaDER
VaDER_ld32_lr1e-03_ep200_Constrained,True,MAR,0.2,3,0.0,0.0,0.0,0.0,0.0,Deep_Learning,VaDER
VaDER_ld64_lr1e-04_ep50,False,MAR,0.2,3,3.2127201525291755,7.43728225799038,0.8688083489013643,0.2845120429992676,29.0,Deep_Learning,VaDER
VaDER_ld64_lr1e-04_ep50_Constrained,True,MAR,0.2,3,0.0,0.0,0.0,0.0,0.0,Deep_Learning,VaDER
VaDER_ld64_lr1e-04_ep200,False,MAR,0.2,3,3.301436848073351,7.840591510163614,0.8541940235266243,1.5317268371582031,21.0,Deep_Learning,VaDER
VaDER_ld64_lr1e-04_ep200_Constrained,True,MAR,0.2,3,0.0,0.0,0.0,0.0,0.0,Deep_Learning,VaDER
VaDER_ld64_lr1e-03_ep50,False,MAR,0.2,3,3.3756605558831616,8.156098033795201,0.8422234177237317,0.3824038505554199,12.0,Deep_Learning,VaDER
VaDER_ld64_lr1e-03_ep50_Constrained,True,MAR,0.2,3,0.0,0.0,0.0,0.0,0.0,Deep_Learning,VaDER
VaDER_ld64_lr1e-03_ep200,False,MAR,0.2,3,3.4831009483888358,8.43604418913688,0.8312066386854465,1.4740800857543943,14.0,Deep_Learning,VaDER
VaDER_ld64_lr1e-03_ep200_Constrained,True,MAR,0.2,3,0.0,0.0,0.0,0.0,0.0,Deep_Learning,VaDER
GAIN,False,MAR,0.2,4,4.505200870015826,10.0201530536086,0.7620833578183752,1.2624735832214355,1080.0,Deep_Learning,GAIN
GAIN_Constrained,True,MAR,0.2,4,0.0,0.0,0.0,0.0,0.0,Deep_Learning,GAIN
VAEM_ld16_lr1e-04_ep50,False,MAR,0.2,4,3.234706772291594,7.498891248462629,0.8667490782012698,0.377314805984497,15.0,Deep_Learning,VAEM
VAEM_ld16_lr1e-04_ep50_Constrained,True,MAR,0.2,4,0.0,0.0,0.0,0.0,0.0,Deep_Learning,VAEM
VAEM_ld16_lr1e-04_ep200,False,MAR,0.2,4,3.22306934692459,7.587544087771621,0.8635798362474785,1.4618470668792725,10.0,Deep_Learning,VAEM
VAEM_ld16_lr1e-04_ep200_Constrained,True,MAR,0.2,4,0.0,0.0,0.0,0.0,0.0,Deep_Learning,VAEM
VAEM_ld16_lr1e-03_ep50,False,MAR,0.2,4,3.240390895664436,7.629249836147375,0.8620760185579667,0.37701416015625,12.0,Deep_Learning,VAEM
VAEM_ld16_lr1e-03_ep50_Constrained,True,MAR,0.2,4,0.0,0.0,0.0,0.0,0.0,Deep_Learning,VAEM
VAEM_ld16_lr1e-03_ep200,False,MAR,0.2,4,3.2885076869838046,7.852011927314691,0.8539041052373587,1.4606044292449951,13.0,Deep_Learning,VAEM
VAEM_ld16_lr1e-03_ep200_Constrained,True,MAR,0.2,4,0.0,0.0,0.0,0.0,0.0,Deep_Learning,VAEM
VAEM_ld32_lr1e-04_ep50,False,MAR,0.2,4,3.2203644324743155,7.518322701042422,0.8660576123345511,0.467221736907959,21.0,Deep_Learning,VAEM
VAEM_ld32_lr1e-04_ep50_Constrained,True,MAR,0.2,4,0.0,0.0,0.0,0.0,0.0,Deep_Learning,VAEM
VAEM_ld32_lr1e-04_ep200,False,MAR,0.2,4,3.239649260302658,7.625511701426004,0.8622111437996287,1.8878841400146484,16.0,Deep_Learning,VAEM
VAEM_ld32_lr1e-04_ep200_Constrained,True,MAR,0.2,4,0.0,0.0,0.0,0.0,0.0,Deep_Learning,VAEM
VAEM_ld32_lr1e-03_ep50,False,MAR,0.2,4,3.275050821411776,7.773640447104415,0.8568059375945363,0.4815871715545654,13.0,Deep_Learning,VAEM
VAEM_ld32_lr1e-03_ep50_Constrained,True,MAR,0.2,4,0.0,0.0,0.0,0.0,0.0,Deep_Learning,VAEM
VAEM_ld32_lr1e-03_ep200,False,MAR,0.2,4,3.363143308858849,8.110454457849169,0.8441285802124909,1.89324164390564,10.0,Deep_Learning,VAEM
VAEM_ld32_lr1e-03_ep200_Constrained,True,MAR,0.2,4,0.0,0.0,0.0,0.0,0.0,Deep_Learning,VAEM
VAEM_ld64_lr1e-04_ep50,False,MAR,0.2,4,3.2328996085594035,7.528162326884159,0.865706787965288,0.4797017574310303,20.0,Deep_Learning,VAEM
VAEM_ld64_lr1e-04_ep50_Constrained,True,MAR,0.2,4,0.0,0.0,0.0,0.0,0.0,Deep_Learning,VAEM
VAEM_ld64_lr1e-04_ep200,False,MAR,0.2,4,3.2906971989693066,7.798795560538823,0.8558777004434708,1.8825314044952397,16.0,Deep_Learning,VAEM
VAEM_ld64_lr1e-04_ep200_Constrained,True,MAR,0.2,4,0.0,0.0,0.0,0.0,0.0,Deep_Learning,VAEM
VAEM_ld64_lr1e-03_ep50,False,MAR,0.2,4,3.3326741222357827,7.960069460079988,0.8498553623352709,0.476619005203247,14.0,Deep_Learning,VAEM
VAEM_ld64_lr1e-03_ep50_Constrained,True,MAR,0.2,4,0.0,0.0,0.0,0.0,0.0,Deep_Learning,VAEM
VAEM_ld64_lr1e-03_ep200,False,MAR,0.2,4,3.410805770296002,8.295001780454383,0.8369544017984406,1.8837037086486816,8.0,Deep_Learning,VAEM
VAEM_ld64_lr1e-03_ep200_Constrained,True,MAR,0.2,4,0.0,0.0,0.0,0.0,0.0,Deep_Learning,VAEM
VaDER_ld16_lr1e-04_ep50,False,MAR,0.2,4,3.2622184315099543,7.599228501212728,0.8631593531752118,0.4930105209350586,30.0,Deep_Learning,VaDER
VaDER_ld16_lr1e-04_ep50_Constrained,True,MAR,0.2,4,0.0,0.0,0.0,0.0,0.0,Deep_Learning,VaDER
VaDER_ld16_lr1e-04_ep200,False,MAR,0.2,4,3.3261798855065936,7.89758152146408,0.852203433009574,1.9043738842010496,12.0,Deep_Learning,VaDER
VaDER_ld16_lr1e-04_ep200_Constrained,True,MAR,0.2,4,0.0,0.0,0.0,0.0,0.0,Deep_Learning,VaDER
VaDER_ld16_lr1e-03_ep50,False,MAR,0.2,4,3.346730829017955,8.041823296157494,0.8467554057849016,0.4844734668731689,22.0,Deep_Learning,VaDER
VaDER_ld16_lr1e-03_ep50_Constrained,True,MAR,0.2,4,0.0,0.0,0.0,0.0,0.0,Deep_Learning,VaDER
VaDER_ld16_lr1e-03_ep200,False,MAR,0.2,4,3.4300580670914327,8.351137710914697,0.8347401318472165,1.9077820777893064,12.0,Deep_Learning,VaDER
VaDER_ld16_lr1e-03_ep200_Constrained,True,MAR,0.2,4,0.0,0.0,0.0,0.0,0.0,Deep_Learning,VaDER
VaDER_ld32_lr1e-04_ep50,False,MAR,0.2,4,3.263211585255418,7.645941879651227,0.8614718302886015,0.4859211444854736,25.0,Deep_Learning,VaDER
VaDER_ld32_lr1e-04_ep50_Constrained,True,MAR,0.2,4,0.0,0.0,0.0,0.0,0.0,Deep_Learning,VaDER
VaDER_ld32_lr1e-04_ep200,False,MAR,0.2,4,3.354942511854926,8.124140504288466,0.8436020836033294,1.9096665382385252,25.0,Deep_Learning,VaDER
VaDER_ld32_lr1e-04_ep200_Constrained,True,MAR,0.2,4,0.0,0.0,0.0,0.0,0.0,Deep_Learning,VaDER
VaDER_ld32_lr1e-03_ep50,False,MAR,0.2,4,3.4029354305351114,8.26935018721794,0.837961252103457,0.4846811294555664,18.0,Deep_Learning,VaDER
VaDER_ld32_lr1e-03_ep50_Constrained,True,MAR,0.2,4,0.0,0.0,0.0,0.0,0.0,Deep_Learning,VaDER
VaDER_ld32_lr1e-03_ep200,False,MAR,0.2,4,3.5198147456014754,8.565637058267555,0.8261416920751113,1.9197118282318115,14.0,Deep_Learning,VaDER
VaDER_ld32_lr1e-03_ep200_Constrained,True,MAR,0.2,4,0.0,0.0,0.0,0.0,0.0,Deep_Learning,VaDER
VaDER_ld64_lr1e-04_ep50,False,MAR,0.2,4,3.2556671295466733,7.590375071330259,0.8634780179821215,0.4854152202606201,22.0,Deep_Learning,VaDER
VaDER_ld64_lr1e-04_ep50_Constrained,True,MAR,0.2,4,0.0,0.0,0.0,0.0,0.0,Deep_Learning,VaDER
VaDER_ld64_lr1e-04_ep200,False,MAR,0.2,4,3.365783274305279,8.118064130785699,0.8438359487755621,1.910672664642334,29.0,Deep_Learning,VaDER
VaDER_ld64_lr1e-04_ep200_Constrained,True,MAR,0.2,4,0.0,0.0,0.0,0.0,0.0,Deep_Learning,VaDER
VaDER_ld64_lr1e-03_ep50,False,MAR,0.2,4,3.4116241832488656,8.268330278464852,0.8380012200675727,0.4854841232299804,14.0,Deep_Learning,VaDER
VaDER_ld64_lr1e-03_ep50_Constrained,True,MAR,0.2,4,0.0,0.0,0.0,0.0,0.0,Deep_Learning,VaDER
VaDER_ld64_lr1e-03_ep200,False,MAR,0.2,4,3.5270339436192275,8.542121914844902,0.8270949641395212,1.9051861763000488,14.0,Deep_Learning,VaDER
VaDER_ld64_lr1e-03_ep200_Constrained,True,MAR,0.2,4,0.0,0.0,0.0,0.0,0.0,Deep_Learning,VaDER
GAIN,False,MAR,0.2,5,4.466167791610661,9.814590988221749,0.774038611268489,1.6670019626617432,1136.0,Deep_Learning,GAIN
GAIN_Constrained,True,MAR,0.2,5,0.0,0.0,0.0,0.0,0.0,Deep_Learning,GAIN
VAEM_ld16_lr1e-04_ep50,False,MAR,0.2,5,3.250651589781724,7.349702578525532,0.8732846132093777,0.465695858001709,11.0,Deep_Learning,VAEM
VAEM_ld16_lr1e-04_ep50_Constrained,True,MAR,0.2,5,0.0,0.0,0.0,0.0,0.0,Deep_Learning,VAEM
VAEM_ld16_lr1e-04_ep200,False,MAR,0.2,5,3.264237558921441,7.481922902278758,0.8686844123936999,1.910010576248169,8.0,Deep_Learning,VAEM
VAEM_ld16_lr1e-04_ep200_Constrained,True,MAR,0.2,5,0.0,0.0,0.0,0.0,0.0,Deep_Learning,VAEM
VAEM_ld16_lr1e-03_ep50,False,MAR,0.2,5,3.277051586952883,7.573235456606826,0.8654595911676596,0.4649651050567627,11.0,Deep_Learning,VAEM
VAEM_ld16_lr1e-03_ep50_Constrained,True,MAR,0.2,5,0.0,0.0,0.0,0.0,0.0,Deep_Learning,VAEM
VAEM_ld16_lr1e-03_ep200,False,MAR,0.2,5,3.336567557425558,7.783885950362977,0.8578709831020819,1.812122821807861,5.0,Deep_Learning,VAEM
VAEM_ld16_lr1e-03_ep200_Constrained,True,MAR,0.2,5,0.0,0.0,0.0,0.0,0.0,Deep_Learning,VAEM
VAEM_ld32_lr1e-04_ep50,False,MAR,0.2,5,3.25885099300861,7.441644970567478,0.8700944466063436,0.4650242328643799,17.0,Deep_Learning,VAEM
VAEM_ld32_lr1e-04_ep50_Constrained,True,MAR,0.2,5,0.0,0.0,0.0,0.0,0.0,Deep_Learning,VAEM
VAEM_ld32_lr1e-04_ep200,False,MAR,0.2,5,3.270701030522126,7.543541414609277,0.8665125668588044,1.8151652812957764,6.0,Deep_Learning,VAEM
VAEM_ld32_lr1e-04_ep200_Constrained,True,MAR,0.2,5,0.0,0.0,0.0,0.0,0.0,Deep_Learning,VAEM
VAEM_ld32_lr1e-03_ep50,False,MAR,0.2,5,3.313067802939328,7.725602528991484,0.8599914540978588,0.464277982711792,12.0,Deep_Learning,VAEM
VAEM_ld32_lr1e-03_ep50_Constrained,True,MAR,0.2,5,0.0,0.0,0.0,0.0,0.0,Deep_Learning,VAEM
VAEM_ld32_lr1e-03_ep200,False,MAR,0.2,5,3.410695835436752,8.122142469851681,0.8452498672290101,1.8132591247558596,5.0,Deep_Learning,VAEM
VAEM_ld32_lr1e-03_ep200_Constrained,True,MAR,0.2,5,0.0,0.0,0.0,0.0,0.0,Deep_Learning,VAEM
VAEM_ld64_lr1e-04_ep50,False,MAR,0.2,5,3.252634556888414,7.407970734123111,0.8712674595263401,0.4634871482849121,17.0,Deep_Learning,VAEM
VAEM_ld64_lr1e-04_ep50_Constrained,True,MAR,0.2,5,0.0,0.0,0.0,0.0,0.0,Deep_Learning,VAEM
VAEM_ld64_lr1e-04_ep200,False,MAR,0.2,5,3.3065163897616285,7.665385448365526,0.8621655365949559,1.853930711746216,16.0,Deep_Learning,VAEM
VAEM_ld64_lr1e-04_ep200_Constrained,True,MAR,0.2,5,0.0,0.0,0.0,0.0,0.0,Deep_Learning,VAEM
VAEM_ld64_lr1e-03_ep50,False,MAR,0.2,5,3.368162402017279,7.941443272545768,0.8520589488970296,0.466742992401123,17.0,Deep_Learning,VAEM
VAEM_ld64_lr1e-03_ep50_Constrained,True,MAR,0.2,5,0.0,0.0,0.0,0.0,0.0,Deep_Learning,VAEM
VAEM_ld64_lr1e-03_ep200,False,MAR,0.2,5,3.4548598630368628,8.283955731414167,0.8390224316650636,2.1183741092681885,9.0,Deep_Learning,VAEM
VAEM_ld64_lr1e-03_ep200_Constrained,True,MAR,0.2,5,0.0,0.0,0.0,0.0,0.0,Deep_Learning,VAEM
VaDER_ld16_lr1e-04_ep50,False,MAR,0.2,5,3.293501695632368,7.559469429900462,0.8659482603984999,0.486250638961792,17.0,Deep_Learning,VaDER
VaDER_ld16_lr1e-04_ep50_Constrained,True,MAR,0.2,5,0.0,0.0,0.0,0.0,0.0,Deep_Learning,VaDER
VaDER_ld16_lr1e-04_ep200,False,MAR,0.2,5,3.3779025227693618,8.004452210873927,0.8497020502926893,1.9035944938659668,16.0,Deep_Learning,VaDER
VaDER_ld16_lr1e-04_ep200_Constrained,True,MAR,0.2,5,0.0,0.0,0.0,0.0,0.0,Deep_Learning,VaDER
VaDER_ld16_lr1e-03_ep50,False,MAR,0.2,5,3.4110163282655077,8.130895970859346,0.8449161288343254,0.4829380512237549,23.0,Deep_Learning,VaDER
VaDER_ld16_lr1e-03_ep50_Constrained,True,MAR,0.2,5,0.0,0.0,0.0,0.0,0.0,Deep_Learning,VaDER
VaDER_ld16_lr1e-03_ep200,False,MAR,0.2,5,3.484981396649676,8.3668893381985,0.8357830907450023,1.8980743885040283,8.0,Deep_Learning,VaDER
VaDER_ld16_lr1e-03_ep200_Constrained,True,MAR,0.2,5,0.0,0.0,0.0,0.0,0.0,Deep_Learning,VaDER
VaDER_ld32_lr1e-04_ep50,False,MAR,0.2,5,3.2906097507632897,7.51502818236402,0.8675197767823337,0.4850289821624756,25.0,Deep_Learning,VaDER
VaDER_ld32_lr1e-04_ep50_Constrained,True,MAR,0.2,5,0.0,0.0,0.0,0.0,0.0,Deep_Learning,VaDER
VaDER_ld32_lr1e-04_ep200,False,MAR,0.2,5,3.3966272633991763,8.039290526392879,0.8483908994405988,1.9118382930755613,9.0,Deep_Learning,VaDER
VaDER_ld32_lr1e-04_ep200_Constrained,True,MAR,0.2,5,0.0,0.0,0.0,0.0,0.0,Deep_Learning,VaDER
VaDER_ld32_lr1e-03_ep50,False,MAR,0.2,5,3.4653798166691336,8.297668392240446,0.8384890493348239,0.4840302467346191,14.0,Deep_Learning,VaDER
VaDER_ld32_lr1e-03_ep50_Constrained,True,MAR,0.2,5,0.0,0.0,0.0,0.0,0.0,Deep_Learning,VaDER
VaDER_ld32_lr1e-03_ep200,False,MAR,0.2,5,3.560076713678748,8.508605857952205,0.830173039502333,1.9092512130737305,18.0,Deep_Learning,VaDER
VaDER_ld32_lr1e-03_ep200_Constrained,True,MAR,0.2,5,0.0,0.0,0.0,0.0,0.0,Deep_Learning,VaDER
VaDER_ld64_lr1e-04_ep50,False,MAR,0.2,5,3.26764109692346,7.4506055501386035,0.8697814163922903,0.4966189861297607,22.0,Deep_Learning,VaDER
VaDER_ld64_lr1e-04_ep50_Constrained,True,MAR,0.2,5,0.0,0.0,0.0,0.0,0.0,Deep_Learning,VaDER
VaDER_ld64_lr1e-04_ep200,False,MAR,0.2,5,3.398217634721745,8.057468110075732,0.8477045197751301,1.838919162750244,23.0,Deep_Learning,VaDER
VaDER_ld64_lr1e-04_ep200_Constrained,True,MAR,0.2,5,0.0,0.0,0.0,0.0,0.0,Deep_Learning,VaDER
VaDER_ld64_lr1e-03_ep50,False,MAR,0.2,5,3.4635387039173158,8.28939138682705,0.8388111061345906,0.4876124858856201,15.0,Deep_Learning,VaDER
VaDER_ld64_lr1e-03_ep50_Constrained,True,MAR,0.2,5,0.0,0.0,0.0,0.0,0.0,Deep_Learning,VaDER
VaDER_ld64_lr1e-03_ep200,False,MAR,0.2,5,3.5716568403752214,8.531319903841995,0.8292651102239299,1.8745231628417969,15.0,Deep_Learning,VaDER
VaDER_ld64_lr1e-03_ep200_Constrained,True,MAR,0.2,5,0.0,0.0,0.0,0.0,0.0,Deep_Learning,VaDER
GAIN,False,MAR,0.3,1,4.469773401826953,9.917373512792237,0.768098970644884,1.5271046161651611,1593.0,Deep_Learning,GAIN
GAIN_Constrained,True,MAR,0.3,1,0.0,0.0,0.0,0.0,0.0,Deep_Learning,GAIN
VAEM_ld16_lr1e-04_ep50,False,MAR,0.3,1,3.2825156476005857,7.677855341202151,0.8610081976212116,0.4646739959716797,8.0,Deep_Learning,VAEM
VAEM_ld16_lr1e-04_ep50_Constrained,True,MAR,0.3,1,0.0,0.0,0.0,0.0,0.0,Deep_Learning,VAEM
VAEM_ld16_lr1e-04_ep200,False,MAR,0.3,1,3.3130275681026093,7.884638124742898,0.8534206243961603,1.8473753929138184,6.0,Deep_Learning,VAEM
VAEM_ld16_lr1e-04_ep200_Constrained,True,MAR,0.3,1,0.0,0.0,0.0,0.0,0.0,Deep_Learning,VAEM
VAEM_ld16_lr1e-03_ep50,False,MAR,0.3,1,3.3209533592873584,7.953814189202374,0.8508373060506933,0.4644219875335693,7.0,Deep_Learning,VAEM
VAEM_ld16_lr1e-03_ep50_Constrained,True,MAR,0.3,1,0.0,0.0,0.0,0.0,0.0,Deep_Learning,VAEM
VAEM_ld16_lr1e-03_ep200,False,MAR,0.3,1,3.3899367869598525,8.194110095015628,0.8416883316633668,1.854053258895874,4.0,Deep_Learning,VAEM
VAEM_ld16_lr1e-03_ep200_Constrained,True,MAR,0.3,1,0.0,0.0,0.0,0.0,0.0,Deep_Learning,VAEM
VAEM_ld32_lr1e-04_ep50,False,MAR,0.3,1,3.282340958765518,7.696034318052098,0.8603492323417846,0.4677503108978271,10.0,Deep_Learning,VAEM
VAEM_ld32_lr1e-04_ep50_Constrained,True,MAR,0.3,1,0.0,0.0,0.0,0.0,0.0,Deep_Learning,VAEM
VAEM_ld32_lr1e-04_ep200,False,MAR,0.3,1,3.3402704635297424,7.985838190735163,0.8496337570411377,1.858968496322632,7.0,Deep_Learning,VAEM
VAEM_ld32_lr1e-04_ep200_Constrained,True,MAR,0.3,1,0.0,0.0,0.0,0.0,0.0,Deep_Learning,VAEM
VAEM_ld32_lr1e-03_ep50,False,MAR,0.3,1,3.349743065944216,8.051921568837905,0.8471348777659743,0.4648566246032715,4.0,Deep_Learning,VAEM
VAEM_ld32_lr1e-03_ep50_Constrained,True,MAR,0.3,1,0.0,0.0,0.0,0.0,0.0,Deep_Learning,VAEM
VAEM_ld32_lr1e-03_ep200,False,MAR,0.3,1,3.425817944869682,8.356040460504383,0.8353694593282968,1.9022371768951416,10.0,Deep_Learning,VAEM
VAEM_ld32_lr1e-03_ep200_Constrained,True,MAR,0.3,1,0.0,0.0,0.0,0.0,0.0,Deep_Learning,VAEM
VAEM_ld64_lr1e-04_ep50,False,MAR,0.3,1,3.283523929498887,7.746872788762643,0.8584981281125144,0.4714982509613037,9.0,Deep_Learning,VAEM
VAEM_ld64_lr1e-04_ep50_Constrained,True,MAR,0.3,1,0.0,0.0,0.0,0.0,0.0,Deep_Learning,VAEM
VAEM_ld64_lr1e-04_ep200,False,MAR,0.3,1,3.349994600475925,8.035530514834148,0.8477566101423759,1.8033785820007324,7.0,Deep_Learning,VAEM
VAEM_ld64_lr1e-04_ep200_Constrained,True,MAR,0.3,1,0.0,0.0,0.0,0.0,0.0,Deep_Learning,VAEM
VAEM_ld64_lr1e-03_ep50,False,MAR,0.3,1,3.3950447881787302,8.27785469764653,0.8384358746330521,0.4664199352264404,6.0,Deep_Learning,VAEM
VAEM_ld64_lr1e-03_ep50_Constrained,True,MAR,0.3,1,0.0,0.0,0.0,0.0,0.0,Deep_Learning,VAEM
VAEM_ld64_lr1e-03_ep200,False,MAR,0.3,1,3.4651193080815967,8.500334136005874,0.8296346259259192,1.8050861358642576,7.0,Deep_Learning,VAEM
VAEM_ld64_lr1e-03_ep200_Constrained,True,MAR,0.3,1,0.0,0.0,0.0,0.0,0.0,Deep_Learning,VAEM
VaDER_ld16_lr1e-04_ep50,False,MAR,0.3,1,3.3133189640272587,7.802899500698442,0.856443995369712,0.3822076320648193,9.0,Deep_Learning,VaDER
VaDER_ld16_lr1e-04_ep50_Constrained,True,MAR,0.3,1,0.0,0.0,0.0,0.0,0.0,Deep_Learning,VaDER
VaDER_ld16_lr1e-04_ep200,False,MAR,0.3,1,3.403853385379273,8.344353795338169,0.8358296381855305,1.4823033809661863,6.0,Deep_Learning,VaDER
VaDER_ld16_lr1e-04_ep200_Constrained,True,MAR,0.3,1,0.0,0.0,0.0,0.0,0.0,Deep_Learning,VaDER
VaDER_ld16_lr1e-03_ep50,False,MAR,0.3,1,3.419732346541878,8.357746193245351,0.8353022398440428,0.3836061954498291,6.0,Deep_Learning,VaDER
VaDER_ld16_lr1e-03_ep50_Constrained,True,MAR,0.3,1,0.0,0.0,0.0,0.0,0.0,Deep_Learning,VaDER
VaDER_ld16_lr1e-03_ep200,False,MAR,0.3,1,3.475124035831081,8.514214900376523,0.8290777695958115,1.4789283275604248,11.0,Deep_Learning,VaDER
VaDER_ld16_lr1e-03_ep200_Constrained,True,MAR,0.3,1,0.0,0.0,0.0,0.0,0.0,Deep_Learning,VaDER
VaDER_ld32_lr1e-04_ep50,False,MAR,0.3,1,3.3273216221073003,7.868743921132316,0.8540109911789733,0.3818118572235107,7.0,Deep_Learning,VaDER
VaDER_ld32_lr1e-04_ep50_Constrained,True,MAR,0.3,1,0.0,0.0,0.0,0.0,0.0,Deep_Learning,VaDER
VaDER_ld32_lr1e-04_ep200,False,MAR,0.3,1,3.402501360602643,8.273767505212025,0.8385953798847363,1.544696807861328,8.0,Deep_Learning,VaDER
VaDER_ld32_lr1e-04_ep200_Constrained,True,MAR,0.3,1,0.0,0.0,0.0,0.0,0.0,Deep_Learning,VaDER
VaDER_ld32_lr1e-03_ep50,False,MAR,0.3,1,3.462338905656535,8.490540175855992,0.8300269847244198,0.3820950984954834,8.0,Deep_Learning,VaDER
VaDER_ld32_lr1e-03_ep50_Constrained,True,MAR,0.3,1,0.0,0.0,0.0,0.0,0.0,Deep_Learning,VaDER
VaDER_ld32_lr1e-03_ep200,False,MAR,0.3,1,3.530286064139614,8.614216972573901,0.8250391221775826,1.4818780422210691,7.0,Deep_Learning,VaDER
VaDER_ld32_lr1e-03_ep200_Constrained,True,MAR,0.3,1,0.0,0.0,0.0,0.0,0.0,Deep_Learning,VaDER
VaDER_ld64_lr1e-04_ep50,False,MAR,0.3,1,3.315190705290272,7.8052043212378095,0.8563591756961264,0.38313889503479,13.0,Deep_Learning,VaDER
VaDER_ld64_lr1e-04_ep50_Constrained,True,MAR,0.3,1,0.0,0.0,0.0,0.0,0.0,Deep_Learning,VaDER
VaDER_ld64_lr1e-04_ep200,False,MAR,0.3,1,3.4368243633248654,8.372704870041394,0.8347121608362643,2.109780550003052,6.0,Deep_Learning,VaDER
VaDER_ld64_lr1e-04_ep200_Constrained,True,MAR,0.3,1,0.0,0.0,0.0,0.0,0.0,Deep_Learning,VaDER
VaDER_ld64_lr1e-03_ep50,False,MAR,0.3,1,3.4637640231811604,8.465443605938145,0.8310303214212724,0.4591424465179443,6.0,Deep_Learning,VaDER
VaDER_ld64_lr1e-03_ep50_Constrained,True,MAR,0.3,1,0.0,0.0,0.0,0.0,0.0,Deep_Learning,VaDER
VaDER_ld64_lr1e-03_ep200,False,MAR,0.3,1,3.537590236556201,8.636531318151901,0.8241315076702296,1.787827730178833,8.0,Deep_Learning,VaDER
VaDER_ld64_lr1e-03_ep200_Constrained,True,MAR,0.3,1,0.0,0.0,0.0,0.0,0.0,Deep_Learning,VaDER
GAIN,False,MAR,0.3,2,4.429682553528276,9.815778802816016,0.775143632579911,1.489386796951294,1675.0,Deep_Learning,GAIN
GAIN_Constrained,True,MAR,0.3,2,0.0,0.0,0.0,0.0,0.0,Deep_Learning,GAIN
VAEM_ld16_lr1e-04_ep50,False,MAR,0.3,2,3.2650633150922643,7.634022043312934,0.8639926172206478,0.2850668430328369,10.0,Deep_Learning,VAEM
VAEM_ld16_lr1e-04_ep50_Constrained,True,MAR,0.3,2,0.0,0.0,0.0,0.0,0.0,Deep_Learning,VAEM
VAEM_ld16_lr1e-04_ep200,False,MAR,0.3,2,3.307655130676816,7.883178777621118,0.8549698100739966,1.0898849964141846,7.0,Deep_Learning,VAEM
VAEM_ld16_lr1e-04_ep200_Constrained,True,MAR,0.3,2,0.0,0.0,0.0,0.0,0.0,Deep_Learning,VAEM
VAEM_ld16_lr1e-03_ep50,False,MAR,0.3,2,3.3249792158779337,7.945584030744865,0.8526645295320319,0.3426995277404785,4.0,Deep_Learning,VAEM
VAEM_ld16_lr1e-03_ep50_Constrained,True,MAR,0.3,2,0.0,0.0,0.0,0.0,0.0,Deep_Learning,VAEM
VAEM_ld16_lr1e-03_ep200,False,MAR,0.3,2,3.366430502733261,8.134995147590612,0.8455562775332655,1.4387998580932615,7.0,Deep_Learning,VAEM
VAEM_ld16_lr1e-03_ep200_Constrained,True,MAR,0.3,2,0.0,0.0,0.0,0.0,0.0,Deep_Learning,VAEM
VAEM_ld32_lr1e-04_ep50,False,MAR,0.3,2,3.2681144306159085,7.673614354947276,0.8625782093601095,0.4527263641357422,7.0,Deep_Learning,VAEM
VAEM_ld32_lr1e-04_ep50_Constrained,True,MAR,0.3,2,0.0,0.0,0.0,0.0,0.0,Deep_Learning,VAEM
VAEM_ld32_lr1e-04_ep200,False,MAR,0.3,2,3.3286070716174145,7.967129433446181,0.8518644106441612,1.7760651111602783,5.0,Deep_Learning,VAEM
VAEM_ld32_lr1e-04_ep200_Constrained,True,MAR,0.3,2,0.0,0.0,0.0,0.0,0.0,Deep_Learning,VAEM
VAEM_ld32_lr1e-03_ep50,False,MAR,0.3,2,3.3530702888203057,8.046330118849173,0.8489045601739501,0.4545385837554931,4.0,Deep_Learning,VAEM
VAEM_ld32_lr1e-03_ep50_Constrained,True,MAR,0.3,2,0.0,0.0,0.0,0.0,0.0,Deep_Learning,VAEM
VAEM_ld32_lr1e-03_ep200,False,MAR,0.3,2,3.4342926596369723,8.36456916037785,0.8367163060122114,1.7787766456604004,5.0,Deep_Learning,VAEM
VAEM_ld32_lr1e-03_ep200_Constrained,True,MAR,0.3,2,0.0,0.0,0.0,0.0,0.0,Deep_Learning,VAEM
VAEM_ld64_lr1e-04_ep50,False,MAR,0.3,2,3.2760670700274086,7.68315574734711,0.862236255662698,0.453279972076416,14.0,Deep_Learning,VAEM
VAEM_ld64_lr1e-04_ep50_Constrained,True,MAR,0.3,2,0.0,0.0,0.0,0.0,0.0,Deep_Learning,VAEM
VAEM_ld64_lr1e-04_ep200,False,MAR,0.3,2,3.348444735655824,8.041495160810623,0.8490860890482372,1.7686450481414795,7.0,Deep_Learning,VAEM
VAEM_ld64_lr1e-04_ep200_Constrained,True,MAR,0.3,2,0.0,0.0,0.0,0.0,0.0,Deep_Learning,VAEM
VAEM_ld64_lr1e-03_ep50,False,MAR,0.3,2,3.3924964331799234,8.212059780526497,0.8426162574284835,0.4691071510314941,8.0,Deep_Learning,VAEM
VAEM_ld64_lr1e-03_ep50_Constrained,True,MAR,0.3,2,0.0,0.0,0.0,0.0,0.0,Deep_Learning,VAEM
VAEM_ld64_lr1e-03_ep200,False,MAR,0.3,2,3.4687500941533727,8.504590998591333,0.8312038530012754,1.651599407196045,7.0,Deep_Learning,VAEM
VAEM_ld64_lr1e-03_ep200_Constrained,True,MAR,0.3,2,0.0,0.0,0.0,0.0,0.0,Deep_Learning,VAEM
VaDER_ld16_lr1e-04_ep50,False,MAR,0.3,2,3.3008636831266256,7.787563305618235,0.8584666310631288,0.4056673049926758,11.0,Deep_Learning,VaDER
VaDER_ld16_lr1e-04_ep50_Constrained,True,MAR,0.3,2,0.0,0.0,0.0,0.0,0.0,Deep_Learning,VaDER
VaDER_ld16_lr1e-04_ep200,False,MAR,0.3,2,3.40553914672522,8.280375804183981,0.8399868187868123,1.570305109024048,8.0,Deep_Learning,VaDER
VaDER_ld16_lr1e-04_ep200_Constrained,True,MAR,0.3,2,0.0,0.0,0.0,0.0,0.0,Deep_Learning,VaDER
VaDER_ld16_lr1e-03_ep50,False,MAR,0.3,2,3.4209709310211447,8.337651304284032,0.8377655351509781,0.4057974815368652,4.0,Deep_Learning,VaDER
VaDER_ld16_lr1e-03_ep50_Constrained,True,MAR,0.3,2,0.0,0.0,0.0,0.0,0.0,Deep_Learning,VaDER
VaDER_ld16_lr1e-03_ep200,False,MAR,0.3,2,3.476930390014688,8.490014323414856,0.8317819826249717,1.5720164775848389,5.0,Deep_Learning,VaDER
VaDER_ld16_lr1e-03_ep200_Constrained,True,MAR,0.3,2,0.0,0.0,0.0,0.0,0.0,Deep_Learning,VaDER
VaDER_ld32_lr1e-04_ep50,False,MAR,0.3,2,3.307751065763351,7.815476932216175,0.8574501924445657,0.4669661521911621,7.0,Deep_Learning,VaDER
VaDER_ld32_lr1e-04_ep50_Constrained,True,MAR,0.3,2,0.0,0.0,0.0,0.0,0.0,Deep_Learning,VaDER
VaDER_ld32_lr1e-04_ep200,False,MAR,0.3,2,3.4191592363963195,8.305699170999423,0.8390066051632173,1.8121981620788572,4.0,Deep_Learning,VaDER
VaDER_ld32_lr1e-04_ep200_Constrained,True,MAR,0.3,2,0.0,0.0,0.0,0.0,0.0,Deep_Learning,VaDER
VaDER_ld32_lr1e-03_ep50,False,MAR,0.3,2,3.460982820145243,8.483477658259362,0.8320409130607727,0.466543436050415,6.0,Deep_Learning,VaDER
VaDER_ld32_lr1e-03_ep50_Constrained,True,MAR,0.3,2,0.0,0.0,0.0,0.0,0.0,Deep_Learning,VaDER
VaDER_ld32_lr1e-03_ep200,False,MAR,0.3,2,3.531964950912841,8.637245753122233,0.8258970148906533,1.8138399124145508,10.0,Deep_Learning,VaDER
VaDER_ld32_lr1e-03_ep200_Constrained,True,MAR,0.3,2,0.0,0.0,0.0,0.0,0.0,Deep_Learning,VaDER
VaDER_ld64_lr1e-04_ep50,False,MAR,0.3,2,3.3074103222006994,7.794987789125418,0.8581966331107045,0.4653127193450928,11.0,Deep_Learning,VaDER
VaDER_ld64_lr1e-04_ep50_Constrained,True,MAR,0.3,2,0.0,0.0,0.0,0.0,0.0,Deep_Learning,VaDER
VaDER_ld64_lr1e-04_ep200,False,MAR,0.3,2,3.4339706091696365,8.365967146185843,0.8366617216438013,1.8073155879974363,7.0,Deep_Learning,VaDER
VaDER_ld64_lr1e-04_ep200_Constrained,True,MAR,0.3,2,0.0,0.0,0.0,0.0,0.0,Deep_Learning,VaDER
VaDER_ld64_lr1e-03_ep50,False,MAR,0.3,2,3.473947692695743,8.51787356149237,0.8306761859410168,0.473536729812622,6.0,Deep_Learning,VaDER
VaDER_ld64_lr1e-03_ep50_Constrained,True,MAR,0.3,2,0.0,0.0,0.0,0.0,0.0,Deep_Learning,VaDER
VaDER_ld64_lr1e-03_ep200,False,MAR,0.3,2,3.531487075654125,8.628366487202843,0.8262547937785995,1.7926702499389648,5.0,Deep_Learning,VaDER
VaDER_ld64_lr1e-03_ep200_Constrained,True,MAR,0.3,2,0.0,0.0,0.0,0.0,0.0,Deep_Learning,VaDER
GAIN,False,MAR,0.3,3,4.34334964890193,9.561880091840202,0.7811774772029937,1.4385619163513184,1637.0,Deep_Learning,GAIN
GAIN_Constrained,True,MAR,0.3,3,0.0,0.0,0.0,0.0,0.0,Deep_Learning,GAIN
VAEM_ld16_lr1e-04_ep50,False,MAR,0.3,3,3.2391549900697165,7.4980766192972705,0.865443345048472,0.3944902420043945,4.0,Deep_Learning,VAEM
VAEM_ld16_lr1e-04_ep50_Constrained,True,MAR,0.3,3,0.0,0.0,0.0,0.0,0.0,Deep_Learning,VAEM
VAEM_ld16_lr1e-04_ep200,False,MAR,0.3,3,3.270808374740324,7.683384984844044,0.85871026085279,1.5240716934204102,2.0,Deep_Learning,VAEM
VAEM_ld16_lr1e-04_ep200_Constrained,True,MAR,0.3,3,0.0,0.0,0.0,0.0,0.0,Deep_Learning,VAEM
VAEM_ld16_lr1e-03_ep50,False,MAR,0.3,3,3.2762646567105773,7.70558193941017,0.8578927222028228,0.3936829566955566,3.0,Deep_Learning,VAEM
VAEM_ld16_lr1e-03_ep50_Constrained,True,MAR,0.3,3,0.0,0.0,0.0,0.0,0.0,Deep_Learning,VAEM
VAEM_ld16_lr1e-03_ep200,False,MAR,0.3,3,3.3337825372211976,7.982626955829062,0.8474904278201751,1.52419114112854,2.0,Deep_Learning,VAEM
VAEM_ld16_lr1e-03_ep200_Constrained,True,MAR,0.3,3,0.0,0.0,0.0,0.0,0.0,Deep_Learning,VAEM
VAEM_ld32_lr1e-04_ep50,False,MAR,0.3,3,3.237824125531144,7.510715609846003,0.8649893369822722,0.393702745437622,5.0,Deep_Learning,VAEM
VAEM_ld32_lr1e-04_ep50_Constrained,True,MAR,0.3,3,0.0,0.0,0.0,0.0,0.0,Deep_Learning,VAEM
VAEM_ld32_lr1e-04_ep200,False,MAR,0.3,3,3.285264967460253,7.755553653014027,0.8560435767861031,1.5231797695159912,5.0,Deep_Learning,VAEM
VAEM_ld32_lr1e-04_ep200_Constrained,True,MAR,0.3,3,0.0,0.0,0.0,0.0,0.0,Deep_Learning,VAEM
VAEM_ld32_lr1e-03_ep50,False,MAR,0.3,3,3.305033915835874,7.787214384205371,0.8548658223728978,0.3933336734771728,6.0,Deep_Learning,VAEM
VAEM_ld32_lr1e-03_ep50_Constrained,True,MAR,0.3,3,0.0,0.0,0.0,0.0,0.0,Deep_Learning,VAEM
VAEM_ld32_lr1e-03_ep200,False,MAR,0.3,3,3.3855025788271296,8.160463665756076,0.8406195293035768,1.5243864059448242,3.0,Deep_Learning,VAEM
VAEM_ld32_lr1e-03_ep200_Constrained,True,MAR,0.3,3,0.0,0.0,0.0,0.0,0.0,Deep_Learning,VAEM
VAEM_ld64_lr1e-04_ep50,False,MAR,0.3,3,3.2341939108631514,7.520939486301431,0.8646215233433374,0.3927192687988281,9.0,Deep_Learning,VAEM
VAEM_ld64_lr1e-04_ep50_Constrained,True,MAR,0.3,3,0.0,0.0,0.0,0.0,0.0,Deep_Learning,VAEM
VAEM_ld64_lr1e-04_ep200,False,MAR,0.3,3,3.3134166049353517,7.779695800186808,0.8551459422396819,1.520275592803955,6.0,Deep_Learning,VAEM
VAEM_ld64_lr1e-04_ep200_Constrained,True,MAR,0.3,3,0.0,0.0,0.0,0.0,0.0,Deep_Learning,VAEM
VAEM_ld64_lr1e-03_ep50,False,MAR,0.3,3,3.353504064404694,7.994809943069116,0.8470245561146692,0.3934445381164551,3.0,Deep_Learning,VAEM
VAEM_ld64_lr1e-03_ep50_Constrained,True,MAR,0.3,3,0.0,0.0,0.0,0.0,0.0,Deep_Learning,VAEM
VAEM_ld64_lr1e-03_ep200,False,MAR,0.3,3,3.416922038023634,8.281799014335387,0.8358447383923174,1.5210044384002686,5.0,Deep_Learning,VAEM
VAEM_ld64_lr1e-03_ep200_Constrained,True,MAR,0.3,3,0.0,0.0,0.0,0.0,0.0,Deep_Learning,VAEM
VaDER_ld16_lr1e-04_ep50,False,MAR,0.3,3,3.2639651484470797,7.581408577114275,0.862435859599287,0.3977487087249756,6.0,Deep_Learning,VaDER
VaDER_ld16_lr1e-04_ep50_Constrained,True,MAR,0.3,3,0.0,0.0,0.0,0.0,0.0,Deep_Learning,VaDER
VaDER_ld16_lr1e-04_ep200,False,MAR,0.3,3,3.3570255710000643,8.032771112484742,0.8455683830323545,1.5381207466125488,4.0,Deep_Learning,VaDER
VaDER_ld16_lr1e-04_ep200_Constrained,True,MAR,0.3,3,0.0,0.0,0.0,0.0,0.0,Deep_Learning,VaDER
VaDER_ld16_lr1e-03_ep50,False,MAR,0.3,3,3.381980801890143,8.15947715695842,0.8406580616074427,0.3979334831237793,6.0,Deep_Learning,VaDER
VaDER_ld16_lr1e-03_ep50_Constrained,True,MAR,0.3,3,0.0,0.0,0.0,0.0,0.0,Deep_Learning,VaDER
VaDER_ld16_lr1e-03_ep200,False,MAR,0.3,3,3.441175286685998,8.359926835869125,0.8327329538980657,1.5396709442138672,6.0,Deep_Learning,VaDER
VaDER_ld16_lr1e-03_ep200_Constrained,True,MAR,0.3,3,0.0,0.0,0.0,0.0,0.0,Deep_Learning,VaDER
VaDER_ld32_lr1e-04_ep50,False,MAR,0.3,3,3.2753720260554453,7.634975538038507,0.8604850543981806,0.3971843719482422,5.0,Deep_Learning,VaDER
VaDER_ld32_lr1e-04_ep50_Constrained,True,MAR,0.3,3,0.0,0.0,0.0,0.0,0.0,Deep_Learning,VaDER
VaDER_ld32_lr1e-04_ep200,False,MAR,0.3,3,3.374517121898769,8.104453956352602,0.8427998512267492,1.5382955074310305,3.0,Deep_Learning,VaDER
VaDER_ld32_lr1e-04_ep200_Constrained,True,MAR,0.3,3,0.0,0.0,0.0,0.0,0.0,Deep_Learning,VaDER
VaDER_ld32_lr1e-03_ep50,False,MAR,0.3,3,3.416645730083686,8.252222313158915,0.8370151366355272,0.283066987991333,6.0,Deep_Learning,VaDER
VaDER_ld32_lr1e-03_ep50_Constrained,True,MAR,0.3,3,0.0,0.0,0.0,0.0,0.0,Deep_Learning,VaDER
VaDER_ld32_lr1e-03_ep200,False,MAR,0.3,3,3.4816267565422714,8.38903310901998,0.831566198338744,1.0824129581451416,7.0,Deep_Learning,VaDER
VaDER_ld32_lr1e-03_ep200_Constrained,True,MAR,0.3,3,0.0,0.0,0.0,0.0,0.0,Deep_Learning,VaDER
VaDER_ld64_lr1e-04_ep50,False,MAR,0.3,3,3.2724666120146844,7.619707339233951,0.8610424922098848,0.2831995487213135,8.0,Deep_Learning,VaDER
VaDER_ld64_lr1e-04_ep50_Constrained,True,MAR,0.3,3,0.0,0.0,0.0,0.0,0.0,Deep_Learning,VaDER
VaDER_ld64_lr1e-04_ep200,False,MAR,0.3,3,3.3960141985559824,8.179419682484223,0.8398782165543961,1.0815861225128174,5.0,Deep_Learning,VaDER
VaDER_ld64_lr1e-04_ep200_Constrained,True,MAR,0.3,3,0.0,0.0,0.0,0.0,0.0,Deep_Learning,VaDER
VaDER_ld64_lr1e-03_ep50,False,MAR,0.3,3,3.4135719718263084,8.246907755873753,0.83722499852231,0.2832386493682861,5.0,Deep_Learning,VaDER
VaDER_ld64_lr1e-03_ep50_Constrained,True,MAR,0.3,3,0.0,0.0,0.0,0.0,0.0,Deep_Learning,VaDER
VaDER_ld64_lr1e-03_ep200,False,MAR,0.3,3,3.4941827002838357,8.44016581406789,0.8295066705950273,1.0790619850158691,4.0,Deep_Learning,VaDER
VaDER_ld64_lr1e-03_ep200_Constrained,True,MAR,0.3,3,0.0,0.0,0.0,0.0,0.0,Deep_Learning,VaDER
GAIN,False,MAR,0.3,4,4.447059972561944,9.841577038282184,0.7667049039520372,0.9649085998535156,1676.0,Deep_Learning,GAIN
GAIN_Constrained,True,MAR,0.3,4,0.0,0.0,0.0,0.0,0.0,Deep_Learning,GAIN
VAEM_ld16_lr1e-04_ep50,False,MAR,0.3,4,3.2334808124210537,7.517039865054687,0.8638963024490021,0.2804121971130371,9.0,Deep_Learning,VAEM
VAEM_ld16_lr1e-04_ep50_Constrained,True,MAR,0.3,4,0.0,0.0,0.0,0.0,0.0,Deep_Learning,VAEM
VAEM_ld16_lr1e-04_ep200,False,MAR,0.3,4,3.280121807828725,7.819033524141874,0.8527408235409154,1.073293685913086,6.0,Deep_Learning,VAEM
VAEM_ld16_lr1e-04_ep200_Constrained,True,MAR,0.3,4,0.0,0.0,0.0,0.0,0.0,Deep_Learning,VAEM
VAEM_ld16_lr1e-03_ep50,False,MAR,0.3,4,3.289634379004652,7.751453393734258,0.8552753535430233,0.2805008888244629,3.0,Deep_Learning,VAEM
VAEM_ld16_lr1e-03_ep50_Constrained,True,MAR,0.3,4,0.0,0.0,0.0,0.0,0.0,Deep_Learning,VAEM
VAEM_ld16_lr1e-03_ep200,False,MAR,0.3,4,3.3314188431997174,8.004283246246628,0.8456803910538413,1.073073387145996,6.0,Deep_Learning,VAEM
VAEM_ld16_lr1e-03_ep200_Constrained,True,MAR,0.3,4,0.0,0.0,0.0,0.0,0.0,Deep_Learning,VAEM
VAEM_ld32_lr1e-04_ep50,False,MAR,0.3,4,3.239233343754976,7.526228114160404,0.8635633737987595,0.2801566123962402,9.0,Deep_Learning,VAEM
VAEM_ld32_lr1e-04_ep50_Constrained,True,MAR,0.3,4,0.0,0.0,0.0,0.0,0.0,Deep_Learning,VAEM
VAEM_ld32_lr1e-04_ep200,False,MAR,0.3,4,3.299068901731545,7.894678074261775,0.8498777491035693,1.071664810180664,8.0,Deep_Learning,VAEM
VAEM_ld32_lr1e-04_ep200_Constrained,True,MAR,0.3,4,0.0,0.0,0.0,0.0,0.0,Deep_Learning,VAEM
VAEM_ld32_lr1e-03_ep50,False,MAR,0.3,4,3.3238859534571885,7.951284334627276,0.8477172240689924,0.2802319526672363,6.0,Deep_Learning,VAEM
VAEM_ld32_lr1e-03_ep50_Constrained,True,MAR,0.3,4,0.0,0.0,0.0,0.0,0.0,Deep_Learning,VAEM
VAEM_ld32_lr1e-03_ep200,False,MAR,0.3,4,3.3956537353749523,8.25663770402292,0.835796400164078,1.0715267658233645,8.0,Deep_Learning,VAEM
VAEM_ld32_lr1e-03_ep200_Constrained,True,MAR,0.3,4,0.0,0.0,0.0,0.0,0.0,Deep_Learning,VAEM
VAEM_ld64_lr1e-04_ep50,False,MAR,0.3,4,3.239095935949309,7.562099981969719,0.8622596928267876,0.279646635055542,11.0,Deep_Learning,VAEM
VAEM_ld64_lr1e-04_ep50_Constrained,True,MAR,0.3,4,0.0,0.0,0.0,0.0,0.0,Deep_Learning,VAEM
VAEM_ld64_lr1e-04_ep200,False,MAR,0.3,4,3.3280256095323093,7.9683097453122524,0.8470643855008566,1.0690302848815918,5.0,Deep_Learning,VAEM
VAEM_ld64_lr1e-04_ep200_Constrained,True,MAR,0.3,4,0.0,0.0,0.0,0.0,0.0,Deep_Learning,VAEM
VAEM_ld64_lr1e-03_ep50,False,MAR,0.3,4,3.364846771077968,8.135363174144507,0.8405846608377849,0.2793152332305908,9.0,Deep_Learning,VAEM
VAEM_ld64_lr1e-03_ep50_Constrained,True,MAR,0.3,4,0.0,0.0,0.0,0.0,0.0,Deep_Learning,VAEM
VAEM_ld64_lr1e-03_ep200,False,MAR,0.3,4,3.4227830844625005,8.329421926327681,0.8328886527015502,1.0682501792907717,8.0,Deep_Learning,VAEM
VAEM_ld64_lr1e-03_ep200_Constrained,True,MAR,0.3,4,0.0,0.0,0.0,0.0,0.0,Deep_Learning,VAEM
VaDER_ld16_lr1e-04_ep50,False,MAR,0.3,4,3.280291481614152,7.740418105002419,0.8556871321723878,0.2830841541290283,12.0,Deep_Learning,VaDER
VaDER_ld16_lr1e-04_ep50_Constrained,True,MAR,0.3,4,0.0,0.0,0.0,0.0,0.0,Deep_Learning,VaDER
VaDER_ld16_lr1e-04_ep200,False,MAR,0.3,4,3.36279805144043,8.150711723484164,0.8399825728268898,1.0807840824127195,6.0,Deep_Learning,VaDER
VaDER_ld16_lr1e-04_ep200_Constrained,True,MAR,0.3,4,0.0,0.0,0.0,0.0,0.0,Deep_Learning,VaDER
VaDER_ld16_lr1e-03_ep50,False,MAR,0.3,4,3.391068491871133,8.209760348910219,0.8376556507494666,0.2828097343444824,7.0,Deep_Learning,VaDER
VaDER_ld16_lr1e-03_ep50_Constrained,True,MAR,0.3,4,0.0,0.0,0.0,0.0,0.0,Deep_Learning,VaDER
VaDER_ld16_lr1e-03_ep200,False,MAR,0.3,4,3.441552113409572,8.375664029705073,0.8310280120213784,1.7357447147369385,11.0,Deep_Learning,VaDER
VaDER_ld16_lr1e-03_ep200_Constrained,True,MAR,0.3,4,0.0,0.0,0.0,0.0,0.0,Deep_Learning,VaDER
VaDER_ld32_lr1e-04_ep50,False,MAR,0.3,4,3.285811747740497,7.725209313284416,0.8562536824709732,0.3982877731323242,9.0,Deep_Learning,VaDER
VaDER_ld32_lr1e-04_ep50_Constrained,True,MAR,0.3,4,0.0,0.0,0.0,0.0,0.0,Deep_Learning,VaDER
VaDER_ld32_lr1e-04_ep200,False,MAR,0.3,4,3.3885413940816904,8.191583728466124,0.8383737240766997,1.539147138595581,7.0,Deep_Learning,VaDER
VaDER_ld32_lr1e-04_ep200_Constrained,True,MAR,0.3,4,0.0,0.0,0.0,0.0,0.0,Deep_Learning,VaDER
VaDER_ld32_lr1e-03_ep50,False,MAR,0.3,4,3.4379903380402665,8.369778098772292,0.8312654160023983,0.3974578380584717,4.0,Deep_Learning,VaDER
VaDER_ld32_lr1e-03_ep50_Constrained,True,MAR,0.3,4,0.0,0.0,0.0,0.0,0.0,Deep_Learning,VaDER
VaDER_ld32_lr1e-03_ep200,False,MAR,0.3,4,3.4888264905257205,8.471680164837913,0.827131716526326,1.5377349853515625,7.0,Deep_Learning,VaDER
VaDER_ld32_lr1e-03_ep200_Constrained,True,MAR,0.3,4,0.0,0.0,0.0,0.0,0.0,Deep_Learning,VaDER
VaDER_ld64_lr1e-04_ep50,False,MAR,0.3,4,3.2879616772294127,7.695348842141873,0.8573627882452676,0.3968739509582519,13.0,Deep_Learning,VaDER
VaDER_ld64_lr1e-04_ep50_Constrained,True,MAR,0.3,4,0.0,0.0,0.0,0.0,0.0,Deep_Learning,VaDER
VaDER_ld64_lr1e-04_ep200,False,MAR,0.3,4,3.387994011589821,8.191130409003891,0.8383916122681876,1.5376739501953125,7.0,Deep_Learning,VaDER
VaDER_ld64_lr1e-04_ep200_Constrained,True,MAR,0.3,4,0.0,0.0,0.0,0.0,0.0,Deep_Learning,VaDER
VaDER_ld64_lr1e-03_ep50,False,MAR,0.3,4,3.4330164504204315,8.383245320129676,0.8307219812458839,0.3978571891784668,6.0,Deep_Learning,VaDER
VaDER_ld64_lr1e-03_ep50_Constrained,True,MAR,0.3,4,0.0,0.0,0.0,0.0,0.0,Deep_Learning,VaDER
VaDER_ld64_lr1e-03_ep200,False,MAR,0.3,4,3.4949733749056526,8.499912925572563,0.8259775933156375,1.538322687149048,7.0,Deep_Learning,VaDER
VaDER_ld64_lr1e-03_ep200_Constrained,True,MAR,0.3,4,0.0,0.0,0.0,0.0,0.0,Deep_Learning,VaDER
GAIN,False,MAR,0.3,5,4.422702103620531,9.790029134014944,0.7770432863075138,1.9022879600524905,1710.0,Deep_Learning,GAIN
GAIN_Constrained,True,MAR,0.3,5,0.0,0.0,0.0,0.0,0.0,Deep_Learning,GAIN
VAEM_ld16_lr1e-04_ep50,False,MAR,0.3,5,3.2893491826814727,7.711826625744215,0.861653842697499,0.6290538311004639,2.0,Deep_Learning,VAEM
VAEM_ld16_lr1e-04_ep50_Constrained,True,MAR,0.3,5,0.0,0.0,0.0,0.0,0.0,Deep_Learning,VAEM
VAEM_ld16_lr1e-04_ep200,False,MAR,0.3,5,3.338856612989695,7.9286862736704755,0.8537637460120177,2.2051565647125244,6.0,Deep_Learning,VAEM
VAEM_ld16_lr1e-04_ep200_Constrained,True,MAR,0.3,5,0.0,0.0,0.0,0.0,0.0,Deep_Learning,VAEM
VAEM_ld16_lr1e-03_ep50,False,MAR,0.3,5,3.3472836834144744,7.981465986818382,0.8518103335798577,0.785158634185791,4.0,Deep_Learning,VAEM
VAEM_ld16_lr1e-03_ep50_Constrained,True,MAR,0.3,5,0.0,0.0,0.0,0.0,0.0,Deep_Learning,VAEM
VAEM_ld16_lr1e-03_ep200,False,MAR,0.3,5,3.41264054887073,8.272243592964967,0.8408160726910071,2.81933069229126,2.0,Deep_Learning,VAEM
VAEM_ld16_lr1e-03_ep200_Constrained,True,MAR,0.3,5,0.0,0.0,0.0,0.0,0.0,Deep_Learning,VAEM
VAEM_ld32_lr1e-04_ep50,False,MAR,0.3,5,3.296351651362186,7.755661075646588,0.86007663849311,0.7442269325256348,3.0,Deep_Learning,VAEM
VAEM_ld32_lr1e-04_ep50_Constrained,True,MAR,0.3,5,0.0,0.0,0.0,0.0,0.0,Deep_Learning,VAEM
VAEM_ld32_lr1e-04_ep200,False,MAR,0.3,5,3.3586851043144192,8.052789406793785,0.8491500156453466,2.304821491241455,4.0,Deep_Learning,VAEM
VAEM_ld32_lr1e-04_ep200_Constrained,True,MAR,0.3,5,0.0,0.0,0.0,0.0,0.0,Deep_Learning,VAEM
VAEM_ld32_lr1e-03_ep50,False,MAR,0.3,5,3.3918043164828218,8.176263232760364,0.844488569615865,0.5746743679046631,7.0,Deep_Learning,VAEM
VAEM_ld32_lr1e-03_ep50_Constrained,True,MAR,0.3,5,0.0,0.0,0.0,0.0,0.0,Deep_Learning,VAEM
VAEM_ld32_lr1e-03_ep200,False,MAR,0.3,5,3.465219159260311,8.517648909232765,0.8312312415046212,1.934257984161377,2.0,Deep_Learning,VAEM
VAEM_ld32_lr1e-03_ep200_Constrained,True,MAR,0.3,5,0.0,0.0,0.0,0.0,0.0,Deep_Learning,VAEM
VAEM_ld64_lr1e-04_ep50,False,MAR,0.3,5,3.3001376964793057,7.771862940061682,0.8594914176451771,0.5745022296905518,8.0,Deep_Learning,VAEM
VAEM_ld64_lr1e-04_ep50_Constrained,True,MAR,0.3,5,0.0,0.0,0.0,0.0,0.0,Deep_Learning,VAEM
VAEM_ld64_lr1e-04_ep200,False,MAR,0.3,5,3.375035563791165,8.133850567955138,0.8460977515100756,2.152417659759521,4.0,Deep_Learning,VAEM
VAEM_ld64_lr1e-04_ep200_Constrained,True,MAR,0.3,5,0.0,0.0,0.0,0.0,0.0,Deep_Learning,VAEM
VAEM_ld64_lr1e-03_ep50,False,MAR,0.3,5,3.438585270443261,8.449133539821121,0.8339354494275955,0.6055982112884521,9.0,Deep_Learning,VAEM
VAEM_ld64_lr1e-03_ep50_Constrained,True,MAR,0.3,5,0.0,0.0,0.0,0.0,0.0,Deep_Learning,VAEM
VAEM_ld64_lr1e-03_ep200,False,MAR,0.3,5,3.494083943629726,8.603729472065371,0.8278028026434912,2.221813917160034,8.0,Deep_Learning,VAEM
VAEM_ld64_lr1e-03_ep200_Constrained,True,MAR,0.3,5,0.0,0.0,0.0,0.0,0.0,Deep_Learning,VAEM
VaDER_ld16_lr1e-04_ep50,False,MAR,0.3,5,3.349266190340709,8.021419279451276,0.85032301688194,0.6375093460083008,5.0,Deep_Learning,VaDER
VaDER_ld16_lr1e-04_ep50_Constrained,True,MAR,0.3,5,0.0,0.0,0.0,0.0,0.0,Deep_Learning,VaDER
VaDER_ld16_lr1e-04_ep200,False,MAR,0.3,5,3.4421243635208136,8.424674025021583,0.8348955428970746,2.499229431152344,9.0,Deep_Learning,VaDER
VaDER_ld16_lr1e-04_ep200_Constrained,True,MAR,0.3,5,0.0,0.0,0.0,0.0,0.0,Deep_Learning,VaDER
VaDER_ld16_lr1e-03_ep50,False,MAR,0.3,5,3.472162201208807,8.523953325616231,0.8309813175413592,0.5902462005615234,3.0,Deep_Learning,VaDER
VaDER_ld16_lr1e-03_ep50_Constrained,True,MAR,0.3,5,0.0,0.0,0.0,0.0,0.0,Deep_Learning,VaDER
VaDER_ld16_lr1e-03_ep200,False,MAR,0.3,5,3.5096638942149907,8.629214980863637,0.8267811450141875,2.1433606147766118,7.0,Deep_Learning,VaDER
VaDER_ld16_lr1e-03_ep200_Constrained,True,MAR,0.3,5,0.0,0.0,0.0,0.0,0.0,Deep_Learning,VaDER
VaDER_ld32_lr1e-04_ep50,False,MAR,0.3,5,3.327866991102902,7.902333821608089,0.8547342169136106,0.6015212535858154,9.0,Deep_Learning,VaDER
VaDER_ld32_lr1e-04_ep50_Constrained,True,MAR,0.3,5,0.0,0.0,0.0,0.0,0.0,Deep_Learning,VaDER
VaDER_ld32_lr1e-04_ep200,False,MAR,0.3,5,3.466831982911008,8.53252457306566,0.8306412337175728,2.1398680210113525,4.0,Deep_Learning,VaDER
VaDER_ld32_lr1e-04_ep200_Constrained,True,MAR,0.3,5,0.0,0.0,0.0,0.0,0.0,Deep_Learning,VaDER
VaDER_ld32_lr1e-03_ep50,False,MAR,0.3,5,3.497452810805552,8.59195924339015,0.8282736249832078,0.6639132499694824,4.0,Deep_Learning,VaDER
VaDER_ld32_lr1e-03_ep50_Constrained,True,MAR,0.3,5,0.0,0.0,0.0,0.0,0.0,Deep_Learning,VaDER
VaDER_ld32_lr1e-03_ep200,False,MAR,0.3,5,3.5567239849963244,8.72888393290671,0.8227566199473753,2.1335489749908447,7.0,Deep_Learning,VaDER
VaDER_ld32_lr1e-03_ep200_Constrained,True,MAR,0.3,5,0.0,0.0,0.0,0.0,0.0,Deep_Learning,VaDER
VaDER_ld64_lr1e-04_ep50,False,MAR,0.3,5,3.3397696173982987,7.904359877655992,0.8546597188338015,0.909303903579712,7.0,Deep_Learning,VaDER
VaDER_ld64_lr1e-04_ep50_Constrained,True,MAR,0.3,5,0.0,0.0,0.0,0.0,0.0,Deep_Learning,VaDER
VaDER_ld64_lr1e-04_ep200,False,MAR,0.3,5,3.4643117824127767,8.494833938089386,0.8321341426628106,2.0703256130218506,10.0,Deep_Learning,VaDER
VaDER_ld64_lr1e-04_ep200_Constrained,True,MAR,0.3,5,0.0,0.0,0.0,0.0,0.0,Deep_Learning,VaDER
VaDER_ld64_lr1e-03_ep50,False,MAR,0.3,5,3.489765486168722,8.58908560337707,0.8283884759141107,0.5927021503448486,6.0,Deep_Learning,VaDER
VaDER_ld64_lr1e-03_ep50_Constrained,True,MAR,0.3,5,0.0,0.0,0.0,0.0,0.0,Deep_Learning,VaDER
VaDER_ld64_lr1e-03_ep200,False,MAR,0.3,5,3.567058414679256,8.73562804790988,0.8224826303918499,3.040134191513061,6.0,Deep_Learning,VaDER
VaDER_ld64_lr1e-03_ep200_Constrained,True,MAR,0.3,5,0.0,0.0,0.0,0.0,0.0,Deep_Learning,VaDER
GAIN,False,MAR,0.4,1,4.414616775762551,9.722840819063723,0.7766924604141583,3.867608785629273,2160.0,Deep_Learning,GAIN
GAIN_Constrained,True,MAR,0.4,1,0.0,0.0,0.0,0.0,0.0,Deep_Learning,GAIN
VAEM_ld16_lr1e-04_ep50,False,MAR,0.4,1,3.3239097578606422,7.906193782731713,0.8523437124732833,0.6484429836273193,2.0,Deep_Learning,VAEM
VAEM_ld16_lr1e-04_ep50_Constrained,True,MAR,0.4,1,0.0,0.0,0.0,0.0,0.0,Deep_Learning,VAEM
VAEM_ld16_lr1e-04_ep200,False,MAR,0.4,1,3.38249104180074,8.215974553756343,0.8405460778144169,3.4415395259857178,2.0,Deep_Learning,VAEM
VAEM_ld16_lr1e-04_ep200_Constrained,True,MAR,0.4,1,0.0,0.0,0.0,0.0,0.0,Deep_Learning,VAEM
VAEM_ld16_lr1e-03_ep50,False,MAR,0.4,1,3.39549962642541,8.287204960099517,0.8377692427746362,1.296806573867798,2.0,Deep_Learning,VAEM
VAEM_ld16_lr1e-03_ep50_Constrained,True,MAR,0.4,1,0.0,0.0,0.0,0.0,0.0,Deep_Learning,VAEM
VAEM_ld16_lr1e-03_ep200,False,MAR,0.4,1,3.438345873965165,8.424892490312764,0.8323337039204861,2.8484511375427246,2.0,Deep_Learning,VAEM
VAEM_ld16_lr1e-03_ep200_Constrained,True,MAR,0.4,1,0.0,0.0,0.0,0.0,0.0,Deep_Learning,VAEM
VAEM_ld32_lr1e-04_ep50,False,MAR,0.4,1,3.332955514918692,7.957747848981977,0.8504117839082939,0.6124875545501709,2.0,Deep_Learning,VAEM
VAEM_ld32_lr1e-04_ep50_Constrained,True,MAR,0.4,1,0.0,0.0,0.0,0.0,0.0,Deep_Learning,VAEM
VAEM_ld32_lr1e-04_ep200,False,MAR,0.4,1,3.406790918580484,8.306686358168571,0.837005608527593,2.9510326385498047,2.0,Deep_Learning,VAEM
VAEM_ld32_lr1e-04_ep200_Constrained,True,MAR,0.4,1,0.0,0.0,0.0,0.0,0.0,Deep_Learning,VAEM
VAEM_ld32_lr1e-03_ep50,False,MAR,0.4,1,3.4154405140486994,8.357928155931543,0.8349884656300361,0.4967164993286133,2.0,Deep_Learning,VAEM
VAEM_ld32_lr1e-03_ep50_Constrained,True,MAR,0.4,1,0.0,0.0,0.0,0.0,0.0,Deep_Learning,VAEM
VAEM_ld32_lr1e-03_ep200,False,MAR,0.4,1,3.461673288815861,8.501350748988928,0.8292766576244932,2.155534267425537,3.0,Deep_Learning,VAEM
VAEM_ld32_lr1e-03_ep200_Constrained,True,MAR,0.4,1,0.0,0.0,0.0,0.0,0.0,Deep_Learning,VAEM
VAEM_ld64_lr1e-04_ep50,False,MAR,0.4,1,3.333698168292037,7.965789675583837,0.8501092937176977,1.005213737487793,2.0,Deep_Learning,VAEM
VAEM_ld64_lr1e-04_ep50_Constrained,True,MAR,0.4,1,0.0,0.0,0.0,0.0,0.0,Deep_Learning,VAEM
VAEM_ld64_lr1e-04_ep200,False,MAR,0.4,1,3.419447027061234,8.36089942193256,0.8348711206845016,3.4772145748138428,3.0,Deep_Learning,VAEM
VAEM_ld64_lr1e-04_ep200_Constrained,True,MAR,0.4,1,0.0,0.0,0.0,0.0,0.0,Deep_Learning,VAEM
VAEM_ld64_lr1e-03_ep50,False,MAR,0.4,1,3.4477186239229125,8.457748602462555,0.8310233953083495,0.5204780101776123,3.0,Deep_Learning,VAEM
VAEM_ld64_lr1e-03_ep50_Constrained,True,MAR,0.4,1,0.0,0.0,0.0,0.0,0.0,Deep_Learning,VAEM
VAEM_ld64_lr1e-03_ep200,False,MAR,0.4,1,3.488696651611598,8.582958458706559,0.8259832487748856,2.484919786453247,2.0,Deep_Learning,VAEM
VAEM_ld64_lr1e-03_ep200_Constrained,True,MAR,0.4,1,0.0,0.0,0.0,0.0,0.0,Deep_Learning,VAEM
VaDER_ld16_lr1e-04_ep50,False,MAR,0.4,1,3.3741408242112305,8.109941918868724,0.8446352383349465,0.5762104988098145,2.0,Deep_Learning,VaDER
VaDER_ld16_lr1e-04_ep50_Constrained,True,MAR,0.4,1,0.0,0.0,0.0,0.0,0.0,Deep_Learning,VaDER
VaDER_ld16_lr1e-04_ep200,False,MAR,0.4,1,3.4523360306917774,8.46804294062957,0.8306118056503079,2.128683567047119,2.0,Deep_Learning,VaDER
VaDER_ld16_lr1e-04_ep200_Constrained,True,MAR,0.4,1,0.0,0.0,0.0,0.0,0.0,Deep_Learning,VaDER
VaDER_ld16_lr1e-03_ep50,False,MAR,0.4,1,3.4655166851750803,8.51785490118935,0.8286131444638857,0.626568078994751,2.0,Deep_Learning,VaDER
VaDER_ld16_lr1e-03_ep50_Constrained,True,MAR,0.4,1,0.0,0.0,0.0,0.0,0.0,Deep_Learning,VaDER
VaDER_ld16_lr1e-03_ep200,False,MAR,0.4,1,3.496158847522528,8.59187862431207,0.8256213537783755,2.326434373855591,8.0,Deep_Learning,VaDER
VaDER_ld16_lr1e-03_ep200_Constrained,True,MAR,0.4,1,0.0,0.0,0.0,0.0,0.0,Deep_Learning,VaDER
VaDER_ld32_lr1e-04_ep50,False,MAR,0.4,1,3.378332574974357,8.117617246572923,0.8443410217409016,0.6139748096466064,2.0,Deep_Learning,VaDER
VaDER_ld32_lr1e-04_ep50_Constrained,True,MAR,0.4,1,0.0,0.0,0.0,0.0,0.0,Deep_Learning,VaDER
VaDER_ld32_lr1e-04_ep200,False,MAR,0.4,1,3.469037220764553,8.523293079703286,0.8283942325778146,2.2568392753601074,3.0,Deep_Learning,VaDER
VaDER_ld32_lr1e-04_ep200_Constrained,True,MAR,0.4,1,0.0,0.0,0.0,0.0,0.0,Deep_Learning,VaDER
VaDER_ld32_lr1e-03_ep50,False,MAR,0.4,1,3.4924286869877776,8.585522788905292,0.8258792512841795,0.8033320903778076,2.0,Deep_Learning,VaDER
VaDER_ld32_lr1e-03_ep50_Constrained,True,MAR,0.4,1,0.0,0.0,0.0,0.0,0.0,Deep_Learning,VaDER
VaDER_ld32_lr1e-03_ep200,False,MAR,0.4,1,3.523567696379447,8.63420359096617,0.8238990879865926,3.7252357006073,4.0,Deep_Learning,VaDER
VaDER_ld32_lr1e-03_ep200_Constrained,True,MAR,0.4,1,0.0,0.0,0.0,0.0,0.0,Deep_Learning,VaDER
VaDER_ld64_lr1e-04_ep50,False,MAR,0.4,1,3.3820387293008283,8.118900812992981,0.8442917919170277,0.8178403377532959,3.0,Deep_Learning,VaDER
VaDER_ld64_lr1e-04_ep50_Constrained,True,MAR,0.4,1,0.0,0.0,0.0,0.0,0.0,Deep_Learning,VaDER
VaDER_ld64_lr1e-04_ep200,False,MAR,0.4,1,3.4710007536966216,8.50680942480212,0.8290573459882549,2.1767797470092773,4.0,Deep_Learning,VaDER
VaDER_ld64_lr1e-04_ep200_Constrained,True,MAR,0.4,1,0.0,0.0,0.0,0.0,0.0,Deep_Learning,VaDER
VaDER_ld64_lr1e-03_ep50,False,MAR,0.4,1,3.486870111544198,8.551364578387826,0.8272620026253992,0.6534700393676758,3.0,Deep_Learning,VaDER
VaDER_ld64_lr1e-03_ep50_Constrained,True,MAR,0.4,1,0.0,0.0,0.0,0.0,0.0,Deep_Learning,VaDER
VaDER_ld64_lr1e-03_ep200,False,MAR,0.4,1,3.526522415157401,8.643797332339712,0.8235075277927565,4.006072998046875,2.0,Deep_Learning,VaDER
VaDER_ld64_lr1e-03_ep200_Constrained,True,MAR,0.4,1,0.0,0.0,0.0,0.0,0.0,Deep_Learning,VaDER
GAIN,False,MAR,0.4,2,4.391409455893613,9.698040641373249,0.7782465079368821,4.213494777679443,2287.0,Deep_Learning,GAIN
GAIN_Constrained,True,MAR,0.4,2,0.0,0.0,0.0,0.0,0.0,Deep_Learning,GAIN
VAEM_ld16_lr1e-04_ep50,False,MAR,0.4,2,3.30869308528893,7.892572738150559,0.8531277817553888,0.7822427749633789,2.0,Deep_Learning,VAEM
VAEM_ld16_lr1e-04_ep50_Constrained,True,MAR,0.4,2,0.0,0.0,0.0,0.0,0.0,Deep_Learning,VAEM
VAEM_ld16_lr1e-04_ep200,False,MAR,0.4,2,3.369804434950769,8.189831022896707,0.8418561343020818,3.6107232570648193,2.0,Deep_Learning,VAEM
VAEM_ld16_lr1e-04_ep200_Constrained,True,MAR,0.4,2,0.0,0.0,0.0,0.0,0.0,Deep_Learning,VAEM
VAEM_ld16_lr1e-03_ep50,False,MAR,0.4,2,3.384652146900287,8.23116455580494,0.8402558229734642,1.168381929397583,2.0,Deep_Learning,VAEM
VAEM_ld16_lr1e-03_ep50_Constrained,True,MAR,0.4,2,0.0,0.0,0.0,0.0,0.0,Deep_Learning,VAEM
VAEM_ld16_lr1e-03_ep200,False,MAR,0.4,2,3.4314525435132004,8.455875521283014,0.8314147282677268,3.7254984378814697,2.0,Deep_Learning,VAEM
VAEM_ld16_lr1e-03_ep200_Constrained,True,MAR,0.4,2,0.0,0.0,0.0,0.0,0.0,Deep_Learning,VAEM
VAEM_ld32_lr1e-04_ep50,False,MAR,0.4,2,3.3198569035178207,7.944193668162874,0.8512002799053632,0.5897872447967529,2.0,Deep_Learning,VAEM
VAEM_ld32_lr1e-04_ep50_Constrained,True,MAR,0.4,2,0.0,0.0,0.0,0.0,0.0,Deep_Learning,VAEM
VAEM_ld32_lr1e-04_ep200,False,MAR,0.4,2,3.398466356287047,8.349969318957324,0.8356111991368222,2.990830898284912,3.0,Deep_Learning,VAEM
VAEM_ld32_lr1e-04_ep200_Constrained,True,MAR,0.4,2,0.0,0.0,0.0,0.0,0.0,Deep_Learning,VAEM
VAEM_ld32_lr1e-03_ep50,False,MAR,0.4,2,3.4132727963914413,8.362480211405314,0.8351182173581195,1.0014913082122805,2.0,Deep_Learning,VAEM
VAEM_ld32_lr1e-03_ep50_Constrained,True,MAR,0.4,2,0.0,0.0,0.0,0.0,0.0,Deep_Learning,VAEM
VAEM_ld32_lr1e-03_ep200,False,MAR,0.4,2,3.467212816400398,8.554855806651277,0.8274448777414316,3.6489408016204834,3.0,Deep_Learning,VAEM
VAEM_ld32_lr1e-03_ep200_Constrained,True,MAR,0.4,2,0.0,0.0,0.0,0.0,0.0,Deep_Learning,VAEM
VAEM_ld64_lr1e-04_ep50,False,MAR,0.4,2,3.322475585104527,7.95419483922282,0.8508253876841516,0.7427537441253662,4.0,Deep_Learning,VAEM
VAEM_ld64_lr1e-04_ep50_Constrained,True,MAR,0.4,2,0.0,0.0,0.0,0.0,0.0,Deep_Learning,VAEM
VAEM_ld64_lr1e-04_ep200,False,MAR,0.4,2,3.420048646769764,8.384035332276921,0.8342671236351713,2.423375129699707,2.0,Deep_Learning,VAEM
VAEM_ld64_lr1e-04_ep200_Constrained,True,MAR,0.4,2,0.0,0.0,0.0,0.0,0.0,Deep_Learning,VAEM
VAEM_ld64_lr1e-03_ep50,False,MAR,0.4,2,3.4336832574141827,8.416764566589974,0.8329706363179962,0.5849840641021729,3.0,Deep_Learning,VAEM
VAEM_ld64_lr1e-03_ep50_Constrained,True,MAR,0.4,2,0.0,0.0,0.0,0.0,0.0,Deep_Learning,VAEM
VAEM_ld64_lr1e-03_ep200,False,MAR,0.4,2,3.481989027310079,8.579202265786284,0.8264613230586453,2.119471788406372,4.0,Deep_Learning,VAEM
VAEM_ld64_lr1e-03_ep200_Constrained,True,MAR,0.4,2,0.0,0.0,0.0,0.0,0.0,Deep_Learning,VAEM
VaDER_ld16_lr1e-04_ep50,False,MAR,0.4,2,3.362076802282999,8.111009763333167,0.8448855288834932,0.5962655544281006,2.0,Deep_Learning,VaDER
VaDER_ld16_lr1e-04_ep50_Constrained,True,MAR,0.4,2,0.0,0.0,0.0,0.0,0.0,Deep_Learning,VaDER
VaDER_ld16_lr1e-04_ep200,False,MAR,0.4,2,3.4477574506517428,8.483836755944365,0.83029795543149,2.132664442062378,3.0,Deep_Learning,VaDER
VaDER_ld16_lr1e-04_ep200_Constrained,True,MAR,0.4,2,0.0,0.0,0.0,0.0,0.0,Deep_Learning,VaDER
VaDER_ld16_lr1e-03_ep50,False,MAR,0.4,2,3.4617025980659086,8.527287801450608,0.828555202895473,0.6019883155822754,4.0,Deep_Learning,VaDER
VaDER_ld16_lr1e-03_ep50_Constrained,True,MAR,0.4,2,0.0,0.0,0.0,0.0,0.0,Deep_Learning,VaDER
VaDER_ld16_lr1e-03_ep200,False,MAR,0.4,2,3.490627861116117,8.589064436596473,0.8260621130330328,2.149850606918335,6.0,Deep_Learning,VaDER
VaDER_ld16_lr1e-03_ep200_Constrained,True,MAR,0.4,2,0.0,0.0,0.0,0.0,0.0,Deep_Learning,VaDER
VaDER_ld32_lr1e-04_ep50,False,MAR,0.4,2,3.3642020274714475,8.106929025976083,0.8450415691806823,0.5862853527069092,3.0,Deep_Learning,VaDER
VaDER_ld32_lr1e-04_ep50_Constrained,True,MAR,0.4,2,0.0,0.0,0.0,0.0,0.0,Deep_Learning,VaDER
VaDER_ld32_lr1e-04_ep200,False,MAR,0.4,2,3.4600857439143846,8.506663749272745,0.8293835109309051,2.1570093631744385,2.0,Deep_Learning,VaDER
VaDER_ld32_lr1e-04_ep200_Constrained,True,MAR,0.4,2,0.0,0.0,0.0,0.0,0.0,Deep_Learning,VaDER
VaDER_ld32_lr1e-03_ep50,False,MAR,0.4,2,3.486510134192476,8.589567042187953,0.8260417558188,0.6004989147186279,4.0,Deep_Learning,VaDER
VaDER_ld32_lr1e-03_ep50_Constrained,True,MAR,0.4,2,0.0,0.0,0.0,0.0,0.0,Deep_Learning,VaDER
VaDER_ld32_lr1e-03_ep200,False,MAR,0.4,2,3.5147198709272054,8.654573025353363,0.8233987547368596,2.170461177825928,2.0,Deep_Learning,VaDER
VaDER_ld32_lr1e-03_ep200_Constrained,True,MAR,0.4,2,0.0,0.0,0.0,0.0,0.0,Deep_Learning,VaDER
VaDER_ld64_lr1e-04_ep50,False,MAR,0.4,2,3.366675451634729,8.108988105023,0.8449628433949923,0.5852725505828857,4.0,Deep_Learning,VaDER
VaDER_ld64_lr1e-04_ep50_Constrained,True,MAR,0.4,2,0.0,0.0,0.0,0.0,0.0,Deep_Learning,VaDER
VaDER_ld64_lr1e-04_ep200,False,MAR,0.4,2,3.4707527683890715,8.543707813840063,0.8278943043450224,2.170164108276367,3.0,Deep_Learning,VaDER
VaDER_ld64_lr1e-04_ep200_Constrained,True,MAR,0.4,2,0.0,0.0,0.0,0.0,0.0,Deep_Learning,VaDER
VaDER_ld64_lr1e-03_ep50,False,MAR,0.4,2,3.478295656042993,8.586567877500588,0.8261632144059404,0.6587531566619873,4.0,Deep_Learning,VaDER
VaDER_ld64_lr1e-03_ep50_Constrained,True,MAR,0.4,2,0.0,0.0,0.0,0.0,0.0,Deep_Learning,VaDER
VaDER_ld64_lr1e-03_ep200,False,MAR,0.4,2,3.519815274465346,8.658476567075533,0.8232394110481125,2.1538939476013184,4.0,Deep_Learning,VaDER
VaDER_ld64_lr1e-03_ep200_Constrained,True,MAR,0.4,2,0.0,0.0,0.0,0.0,0.0,Deep_Learning,VaDER
GAIN,False,MAR,0.4,3,4.337819743555276,9.536949804636205,0.7845878684359735,3.943387746810913,2178.0,Deep_Learning,GAIN
GAIN_Constrained,True,MAR,0.4,3,0.0,0.0,0.0,0.0,0.0,Deep_Learning,GAIN
VAEM_ld16_lr1e-04_ep50,False,MAR,0.4,3,3.3017623043384767,7.797098024148194,0.8560150324550042,0.5931506156921387,2.0,Deep_Learning,VAEM
VAEM_ld16_lr1e-04_ep50_Constrained,True,MAR,0.4,3,0.0,0.0,0.0,0.0,0.0,Deep_Learning,VAEM
VAEM_ld16_lr1e-04_ep200,False,MAR,0.4,3,3.361036079953073,8.111933565684,0.8441524658919471,2.1612558364868164,2.0,Deep_Learning,VAEM
VAEM_ld16_lr1e-04_ep200_Constrained,True,MAR,0.4,3,0.0,0.0,0.0,0.0,0.0,Deep_Learning,VAEM
VAEM_ld16_lr1e-03_ep50,False,MAR,0.4,3,3.3640153631573715,8.089910461204937,0.8449975387447439,0.5937228202819824,2.0,Deep_Learning,VAEM
VAEM_ld16_lr1e-03_ep50_Constrained,True,MAR,0.4,3,0.0,0.0,0.0,0.0,0.0,Deep_Learning,VAEM
VAEM_ld16_lr1e-03_ep200,False,MAR,0.4,3,3.4153921745804783,8.302788269615208,0.8367327451416938,2.107538938522339,2.0,Deep_Learning,VAEM
VAEM_ld16_lr1e-03_ep200_Constrained,True,MAR,0.4,3,0.0,0.0,0.0,0.0,0.0,Deep_Learning,VAEM
VAEM_ld32_lr1e-04_ep50,False,MAR,0.4,3,3.304293096788117,7.840488057423483,0.8544080510140292,0.5724353790283203,3.0,Deep_Learning,VAEM
VAEM_ld32_lr1e-04_ep50_Constrained,True,MAR,0.4,3,0.0,0.0,0.0,0.0,0.0,Deep_Learning,VAEM
VAEM_ld32_lr1e-04_ep200,False,MAR,0.4,3,3.3865442593817314,8.240760051436718,0.8391630968923243,2.139177799224853,4.0,Deep_Learning,VAEM
VAEM_ld32_lr1e-04_ep200_Constrained,True,MAR,0.4,3,0.0,0.0,0.0,0.0,0.0,Deep_Learning,VAEM
VAEM_ld32_lr1e-03_ep50,False,MAR,0.4,3,3.404004165666828,8.281102087642056,0.8375845118864247,1.0313398838043213,2.0,Deep_Learning,VAEM
VAEM_ld32_lr1e-03_ep50_Constrained,True,MAR,0.4,3,0.0,0.0,0.0,0.0,0.0,Deep_Learning,VAEM
VAEM_ld32_lr1e-03_ep200,False,MAR,0.4,3,3.451625576122236,8.451954448503297,0.8308135958662834,3.676669359207153,2.0,Deep_Learning,VAEM
VAEM_ld32_lr1e-03_ep200_Constrained,True,MAR,0.4,3,0.0,0.0,0.0,0.0,0.0,Deep_Learning,VAEM
VAEM_ld64_lr1e-04_ep50,False,MAR,0.4,3,3.3012260631431767,7.789664832195631,0.8562894314020348,0.9828164577484132,2.0,Deep_Learning,VAEM
VAEM_ld64_lr1e-04_ep50_Constrained,True,MAR,0.4,3,0.0,0.0,0.0,0.0,0.0,Deep_Learning,VAEM
VAEM_ld64_lr1e-04_ep200,False,MAR,0.4,3,3.4094808547325792,8.264779862095036,0.8382241295678781,3.991666316986084,3.0,Deep_Learning,VAEM
VAEM_ld64_lr1e-04_ep200_Constrained,True,MAR,0.4,3,0.0,0.0,0.0,0.0,0.0,Deep_Learning,VAEM
VAEM_ld64_lr1e-03_ep50,False,MAR,0.4,3,3.4289684498709123,8.355624827853685,0.8346481615637789,0.9547431468963624,4.0,Deep_Learning,VAEM
VAEM_ld64_lr1e-03_ep50_Constrained,True,MAR,0.4,3,0.0,0.0,0.0,0.0,0.0,Deep_Learning,VAEM
VAEM_ld64_lr1e-03_ep200,False,MAR,0.4,3,3.472189945406237,8.48895004379598,0.8293292408705045,4.2481725215911865,5.0,Deep_Learning,VAEM
VAEM_ld64_lr1e-03_ep200_Constrained,True,MAR,0.4,3,0.0,0.0,0.0,0.0,0.0,Deep_Learning,VAEM
VaDER_ld16_lr1e-04_ep50,False,MAR,0.4,3,3.3448290048510083,8.024367338852864,0.8474989732563372,0.990859031677246,2.0,Deep_Learning,VaDER
VaDER_ld16_lr1e-04_ep50_Constrained,True,MAR,0.4,3,0.0,0.0,0.0,0.0,0.0,Deep_Learning,VaDER
VaDER_ld16_lr1e-04_ep200,False,MAR,0.4,3,3.43221873846078,8.38046314029861,0.8336636355398669,4.275655508041382,3.0,Deep_Learning,VaDER
VaDER_ld16_lr1e-04_ep200_Constrained,True,MAR,0.4,3,0.0,0.0,0.0,0.0,0.0,Deep_Learning,VaDER
VaDER_ld16_lr1e-03_ep50,False,MAR,0.4,3,3.44377746978572,8.393949920146202,0.8331278305350427,1.1657488346099854,2.0,Deep_Learning,VaDER
VaDER_ld16_lr1e-03_ep50_Constrained,True,MAR,0.4,3,0.0,0.0,0.0,0.0,0.0,Deep_Learning,VaDER
VaDER_ld16_lr1e-03_ep200,False,MAR,0.4,3,3.4837634836600384,8.530647197387717,0.8276484764253065,3.279543399810791,3.0,Deep_Learning,VaDER
VaDER_ld16_lr1e-03_ep200_Constrained,True,MAR,0.4,3,0.0,0.0,0.0,0.0,0.0,Deep_Learning,VaDER
VaDER_ld32_lr1e-04_ep50,False,MAR,0.4,3,3.3411815285360893,7.991175886275776,0.8487579540290414,1.0527191162109375,2.0,Deep_Learning,VaDER
VaDER_ld32_lr1e-04_ep50_Constrained,True,MAR,0.4,3,0.0,0.0,0.0,0.0,0.0,Deep_Learning,VaDER
VaDER_ld32_lr1e-04_ep200,False,MAR,0.4,3,3.45337952896325,8.476101559053653,0.8298454887284313,3.3073277473449707,4.0,Deep_Learning,VaDER
VaDER_ld32_lr1e-04_ep200_Constrained,True,MAR,0.4,3,0.0,0.0,0.0,0.0,0.0,Deep_Learning,VaDER
VaDER_ld32_lr1e-03_ep50,False,MAR,0.4,3,3.4751062215032458,8.506253173930638,0.8286327712131115,0.8367795944213867,5.0,Deep_Learning,VaDER
VaDER_ld32_lr1e-03_ep50_Constrained,True,MAR,0.4,3,0.0,0.0,0.0,0.0,0.0,Deep_Learning,VaDER
VaDER_ld32_lr1e-03_ep200,False,MAR,0.4,3,3.499077225543359,8.556931424908893,0.8265847574458429,2.984527111053467,3.0,Deep_Learning,VaDER
VaDER_ld32_lr1e-03_ep200_Constrained,True,MAR,0.4,3,0.0,0.0,0.0,0.0,0.0,Deep_Learning,VaDER
VaDER_ld64_lr1e-04_ep50,False,MAR,0.4,3,3.349428128653713,7.996504010705368,0.848556205225733,0.8021080493927002,3.0,Deep_Learning,VaDER
VaDER_ld64_lr1e-04_ep50_Constrained,True,MAR,0.4,3,0.0,0.0,0.0,0.0,0.0,Deep_Learning,VaDER
VaDER_ld64_lr1e-04_ep200,False,MAR,0.4,3,3.4518050185071583,8.436233046953738,0.8314424145930408,2.987356424331665,2.0,Deep_Learning,VaDER
VaDER_ld64_lr1e-04_ep200_Constrained,True,MAR,0.4,3,0.0,0.0,0.0,0.0,0.0,Deep_Learning,VaDER
VaDER_ld64_lr1e-03_ep50,False,MAR,0.4,3,3.464837550786345,8.472049608653446,0.8300081325664412,0.808093786239624,2.0,Deep_Learning,VaDER
VaDER_ld64_lr1e-03_ep50_Constrained,True,MAR,0.4,3,0.0,0.0,0.0,0.0,0.0,Deep_Learning,VaDER
VaDER_ld64_lr1e-03_ep200,False,MAR,0.4,3,3.503059984709948,8.562943418679406,0.8263409930506399,3.4341602325439453,4.0,Deep_Learning,VaDER
VaDER_ld64_lr1e-03_ep200_Constrained,True,MAR,0.4,3,0.0,0.0,0.0,0.0,0.0,Deep_Learning,VaDER
GAIN,False,MAR,0.4,4,4.449099494166675,9.840691601939376,0.7695010709253042,3.9587631225585938,2266.0,Deep_Learning,GAIN
GAIN_Constrained,True,MAR,0.4,4,0.0,0.0,0.0,0.0,0.0,Deep_Learning,GAIN
VAEM_ld16_lr1e-04_ep50,False,MAR,0.4,4,3.319160202823268,7.816774124790529,0.8545637077874757,0.5824832916259766,4.0,Deep_Learning,VAEM
VAEM_ld16_lr1e-04_ep50_Constrained,True,MAR,0.4,4,0.0,0.0,0.0,0.0,0.0,Deep_Learning,VAEM
VAEM_ld16_lr1e-04_ep200,False,MAR,0.4,4,3.384169647935364,8.177721805678447,0.8408222603105522,2.117351055145264,3.0,Deep_Learning,VAEM
VAEM_ld16_lr1e-04_ep200_Constrained,True,MAR,0.4,4,0.0,0.0,0.0,0.0,0.0,Deep_Learning,VAEM
VAEM_ld16_lr1e-03_ep50,False,MAR,0.4,4,3.392895213035646,8.187401758015572,0.840445200559601,0.8012878894805908,3.0,Deep_Learning,VAEM
VAEM_ld16_lr1e-03_ep50_Constrained,True,MAR,0.4,4,0.0,0.0,0.0,0.0,0.0,Deep_Learning,VAEM
VAEM_ld16_lr1e-03_ep200,False,MAR,0.4,4,3.4349416793952434,8.351769951489887,0.8339745312292449,3.377048969268799,5.0,Deep_Learning,VAEM
VAEM_ld16_lr1e-03_ep200_Constrained,True,MAR,0.4,4,0.0,0.0,0.0,0.0,0.0,Deep_Learning,VAEM
VAEM_ld32_lr1e-04_ep50,False,MAR,0.4,4,3.32046668533019,7.85250882173101,0.8532309326122407,0.8097944259643555,4.0,Deep_Learning,VAEM
VAEM_ld32_lr1e-04_ep50_Constrained,True,MAR,0.4,4,0.0,0.0,0.0,0.0,0.0,Deep_Learning,VAEM
VAEM_ld32_lr1e-04_ep200,False,MAR,0.4,4,3.4060446269616267,8.28404476477595,0.8366562421118476,2.1426515579223637,3.0,Deep_Learning,VAEM
VAEM_ld32_lr1e-04_ep200_Constrained,True,MAR,0.4,4,0.0,0.0,0.0,0.0,0.0,Deep_Learning,VAEM
VAEM_ld32_lr1e-03_ep50,False,MAR,0.4,4,3.428532179841031,8.312044046076707,0.8355502034638038,0.6067023277282715,3.0,Deep_Learning,VAEM
VAEM_ld32_lr1e-03_ep50_Constrained,True,MAR,0.4,4,0.0,0.0,0.0,0.0,0.0,Deep_Learning,VAEM
VAEM_ld32_lr1e-03_ep200,False,MAR,0.4,4,3.4716002535655432,8.478422035487693,0.8289008978828396,3.023172378540039,6.0,Deep_Learning,VAEM
VAEM_ld32_lr1e-03_ep200_Constrained,True,MAR,0.4,4,0.0,0.0,0.0,0.0,0.0,Deep_Learning,VAEM
VAEM_ld64_lr1e-04_ep50,False,MAR,0.4,4,3.3344734577492723,7.909869856074717,0.85107886258211,1.219374179840088,3.0,Deep_Learning,VAEM
VAEM_ld64_lr1e-04_ep50_Constrained,True,MAR,0.4,4,0.0,0.0,0.0,0.0,0.0,Deep_Learning,VAEM
VAEM_ld64_lr1e-04_ep200,False,MAR,0.4,4,3.423006603020413,8.308388373386071,0.8356948231090447,2.4237289428710938,3.0,Deep_Learning,VAEM
VAEM_ld64_lr1e-04_ep200_Constrained,True,MAR,0.4,4,0.0,0.0,0.0,0.0,0.0,Deep_Learning,VAEM
VAEM_ld64_lr1e-03_ep50,False,MAR,0.4,4,3.4475337032641096,8.40636134803864,0.8317969846083011,0.7878458499908447,5.0,Deep_Learning,VAEM
VAEM_ld64_lr1e-03_ep50_Constrained,True,MAR,0.4,4,0.0,0.0,0.0,0.0,0.0,Deep_Learning,VAEM
VAEM_ld64_lr1e-03_ep200,False,MAR,0.4,4,3.492371979416228,8.542998067651526,0.8262846143013013,2.2159583568573,3.0,Deep_Learning,VAEM
VAEM_ld64_lr1e-03_ep200_Constrained,True,MAR,0.4,4,0.0,0.0,0.0,0.0,0.0,Deep_Learning,VAEM
VaDER_ld16_lr1e-04_ep50,False,MAR,0.4,4,3.3766724886912685,8.082434248626877,0.84451015550837,0.5941181182861328,3.0,Deep_Learning,VaDER
VaDER_ld16_lr1e-04_ep50_Constrained,True,MAR,0.4,4,0.0,0.0,0.0,0.0,0.0,Deep_Learning,VaDER
VaDER_ld16_lr1e-04_ep200,False,MAR,0.4,4,3.4569889538806406,8.426593784025584,0.830986348005711,2.158742904663086,3.0,Deep_Learning,VaDER
VaDER_ld16_lr1e-04_ep200_Constrained,True,MAR,0.4,4,0.0,0.0,0.0,0.0,0.0,Deep_Learning,VaDER
VaDER_ld16_lr1e-03_ep50,False,MAR,0.4,4,3.4623269716194875,8.424179561989463,0.8310831790722629,0.6262621879577637,3.0,Deep_Learning,VaDER
VaDER_ld16_lr1e-03_ep50_Constrained,True,MAR,0.4,4,0.0,0.0,0.0,0.0,0.0,Deep_Learning,VaDER
VaDER_ld16_lr1e-03_ep200,False,MAR,0.4,4,3.4945351790139467,8.548263857515218,0.8260703966158056,2.1946983337402344,4.0,Deep_Learning,VaDER
VaDER_ld16_lr1e-03_ep200_Constrained,True,MAR,0.4,4,0.0,0.0,0.0,0.0,0.0,Deep_Learning,VaDER
VaDER_ld32_lr1e-04_ep50,False,MAR,0.4,4,3.377277867328829,8.073290708801089,0.8448617632918863,0.6052634716033936,3.0,Deep_Learning,VaDER
VaDER_ld32_lr1e-04_ep50_Constrained,True,MAR,0.4,4,0.0,0.0,0.0,0.0,0.0,Deep_Learning,VaDER
VaDER_ld32_lr1e-04_ep200,False,MAR,0.4,4,3.46178681850771,8.457044333758557,0.8297626370700432,3.1498756408691406,5.0,Deep_Learning,VaDER
VaDER_ld32_lr1e-04_ep200_Constrained,True,MAR,0.4,4,0.0,0.0,0.0,0.0,0.0,Deep_Learning,VaDER
VaDER_ld32_lr1e-03_ep50,False,MAR,0.4,4,3.493833842909261,8.546271392730336,0.8261514676328154,0.789454460144043,5.0,Deep_Learning,VaDER
VaDER_ld32_lr1e-03_ep50_Constrained,True,MAR,0.4,4,0.0,0.0,0.0,0.0,0.0,Deep_Learning,VaDER
VaDER_ld32_lr1e-03_ep200,False,MAR,0.4,4,3.513195835188868,8.572901541047598,0.8250663569651622,2.159177303314209,8.0,Deep_Learning,VaDER
VaDER_ld32_lr1e-03_ep200_Constrained,True,MAR,0.4,4,0.0,0.0,0.0,0.0,0.0,Deep_Learning,VaDER
VaDER_ld64_lr1e-04_ep50,False,MAR,0.4,4,3.3804130015958087,8.046370142104237,0.8458946620773624,0.6181213855743408,3.0,Deep_Learning,VaDER
VaDER_ld64_lr1e-04_ep50_Constrained,True,MAR,0.4,4,0.0,0.0,0.0,0.0,0.0,Deep_Learning,VaDER
VaDER_ld64_lr1e-04_ep200,False,MAR,0.4,4,3.475859930472064,8.486642529723708,0.8285689490739437,2.2431089878082275,3.0,Deep_Learning,VaDER
VaDER_ld64_lr1e-04_ep200_Constrained,True,MAR,0.4,4,0.0,0.0,0.0,0.0,0.0,Deep_Learning,VaDER
VaDER_ld64_lr1e-03_ep50,False,MAR,0.4,4,3.4842321227326605,8.521188077025728,0.827170461319291,0.6205666065216064,3.0,Deep_Learning,VaDER
VaDER_ld64_lr1e-03_ep50_Constrained,True,MAR,0.4,4,0.0,0.0,0.0,0.0,0.0,Deep_Learning,VaDER
VaDER_ld64_lr1e-03_ep200,False,MAR,0.4,4,3.514259894425266,8.569999970365862,0.8251847524534792,2.207953453063965,8.0,Deep_Learning,VaDER
VaDER_ld64_lr1e-03_ep200_Constrained,True,MAR,0.4,4,0.0,0.0,0.0,0.0,0.0,Deep_Learning,VaDER
GAIN,False,MAR,0.4,5,4.358475085447191,9.688941010665124,0.7834916113840431,3.231088161468506,2289.0,Deep_Learning,GAIN
GAIN_Constrained,True,MAR,0.4,5,0.0,0.0,0.0,0.0,0.0,Deep_Learning,GAIN
VAEM_ld16_lr1e-04_ep50,False,MAR,0.4,5,3.342133919243128,8.079748323470813,0.8494371695864205,0.5945894718170166,2.0,Deep_Learning,VAEM
VAEM_ld16_lr1e-04_ep50_Constrained,True,MAR,0.4,5,0.0,0.0,0.0,0.0,0.0,Deep_Learning,VAEM
VAEM_ld16_lr1e-04_ep200,False,MAR,0.4,5,3.4163955843186384,8.459804766547013,0.8349396409885383,2.1243460178375244,4.0,Deep_Learning,VAEM
VAEM_ld16_lr1e-04_ep200_Constrained,True,MAR,0.4,5,0.0,0.0,0.0,0.0,0.0,Deep_Learning,VAEM
VAEM_ld16_lr1e-03_ep50,False,MAR,0.4,5,3.428391928227467,8.494621401786146,0.8335782213934261,0.5989689826965332,2.0,Deep_Learning,VAEM
VAEM_ld16_lr1e-03_ep50_Constrained,True,MAR,0.4,5,0.0,0.0,0.0,0.0,0.0,Deep_Learning,VAEM
VAEM_ld16_lr1e-03_ep200,False,MAR,0.4,5,3.472844189295587,8.652470142911662,0.8273357912175097,3.1535701751708984,2.0,Deep_Learning,VAEM
VAEM_ld16_lr1e-03_ep200_Constrained,True,MAR,0.4,5,0.0,0.0,0.0,0.0,0.0,Deep_Learning,VAEM
VAEM_ld32_lr1e-04_ep50,False,MAR,0.4,5,3.3536417294675047,8.181059432359636,0.8456377147328017,0.9511189460754396,3.0,Deep_Learning,VAEM
VAEM_ld32_lr1e-04_ep50_Constrained,True,MAR,0.4,5,0.0,0.0,0.0,0.0,0.0,Deep_Learning,VAEM
VAEM_ld32_lr1e-04_ep200,False,MAR,0.4,5,3.446000727066161,8.579383939844488,0.830240412484441,3.779100179672241,2.0,Deep_Learning,VAEM
VAEM_ld32_lr1e-04_ep200_Constrained,True,MAR,0.4,5,0.0,0.0,0.0,0.0,0.0,Deep_Learning,VAEM
VAEM_ld32_lr1e-03_ep50,False,MAR,0.4,5,3.450188617503024,8.59602244057,0.8295813246192778,0.711090087890625,4.0,Deep_Learning,VAEM
VAEM_ld32_lr1e-03_ep50_Constrained,True,MAR,0.4,5,0.0,0.0,0.0,0.0,0.0,Deep_Learning,VAEM
VAEM_ld32_lr1e-03_ep200,False,MAR,0.4,5,3.505804315771199,8.781999463183787,0.8221274559760116,3.8947813510894775,3.0,Deep_Learning,VAEM
VAEM_ld32_lr1e-03_ep200_Constrained,True,MAR,0.4,5,0.0,0.0,0.0,0.0,0.0,Deep_Learning,VAEM
VAEM_ld64_lr1e-04_ep50,False,MAR,0.4,5,3.358131229190957,8.164021233406693,0.8462800072427512,0.602017879486084,3.0,Deep_Learning,VAEM
VAEM_ld64_lr1e-04_ep50_Constrained,True,MAR,0.4,5,0.0,0.0,0.0,0.0,0.0,Deep_Learning,VAEM
VAEM_ld64_lr1e-04_ep200,False,MAR,0.4,5,3.4583802772165178,8.6010535757085,0.829381778770253,2.1655893325805664,2.0,Deep_Learning,VAEM
VAEM_ld64_lr1e-04_ep200_Constrained,True,MAR,0.4,5,0.0,0.0,0.0,0.0,0.0,Deep_Learning,VAEM
VAEM_ld64_lr1e-03_ep50,False,MAR,0.4,5,3.4827461677459794,8.707304008654413,0.8251403842443559,0.5776417255401611,4.0,Deep_Learning,VAEM
VAEM_ld64_lr1e-03_ep50_Constrained,True,MAR,0.4,5,0.0,0.0,0.0,0.0,0.0,Deep_Learning,VAEM
VAEM_ld64_lr1e-03_ep200,False,MAR,0.4,5,3.526348672731488,8.830765980149975,0.8201465156461707,3.63580584526062,3.0,Deep_Learning,VAEM
VAEM_ld64_lr1e-03_ep200_Constrained,True,MAR,0.4,5,0.0,0.0,0.0,0.0,0.0,Deep_Learning,VAEM
VaDER_ld16_lr1e-04_ep50,False,MAR,0.4,5,3.404856953112832,8.405033661837113,0.8370700146766112,0.5765280723571777,2.0,Deep_Learning,VaDER
VaDER_ld16_lr1e-04_ep50_Constrained,True,MAR,0.4,5,0.0,0.0,0.0,0.0,0.0,Deep_Learning,VaDER
VaDER_ld16_lr1e-04_ep200,False,MAR,0.4,5,3.4869358040551623,8.703047781984548,0.8253112890990422,2.156857252120972,3.0,Deep_Learning,VaDER
VaDER_ld16_lr1e-04_ep200_Constrained,True,MAR,0.4,5,0.0,0.0,0.0,0.0,0.0,Deep_Learning,VaDER
VaDER_ld16_lr1e-03_ep50,False,MAR,0.4,5,3.502504168961955,8.756950911657777,0.8231406866305859,0.5948588848114014,5.0,Deep_Learning,VaDER
VaDER_ld16_lr1e-03_ep50_Constrained,True,MAR,0.4,5,0.0,0.0,0.0,0.0,0.0,Deep_Learning,VaDER
VaDER_ld16_lr1e-03_ep200,False,MAR,0.4,5,3.529695314691536,8.822603342057938,0.8204788538381215,2.154205799102783,5.0,Deep_Learning,VaDER
VaDER_ld16_lr1e-03_ep200_Constrained,True,MAR,0.4,5,0.0,0.0,0.0,0.0,0.0,Deep_Learning,VaDER
VaDER_ld32_lr1e-04_ep50,False,MAR,0.4,5,3.3943754980781518,8.285422359828683,0.8416743031397451,0.6583530902862549,3.0,Deep_Learning,VaDER
VaDER_ld32_lr1e-04_ep50_Constrained,True,MAR,0.4,5,0.0,0.0,0.0,0.0,0.0,Deep_Learning,VaDER
VaDER_ld32_lr1e-04_ep200,False,MAR,0.4,5,3.5003760398858867,8.753168954896529,0.8232934178371072,2.1340203285217285,3.0,Deep_Learning,VaDER
VaDER_ld32_lr1e-04_ep200_Constrained,True,MAR,0.4,5,0.0,0.0,0.0,0.0,0.0,Deep_Learning,VaDER
VaDER_ld32_lr1e-03_ep50,False,MAR,0.4,5,3.5276213018905924,8.827524120975887,0.8202785432972594,0.7874777317047119,2.0,Deep_Learning,VaDER
VaDER_ld32_lr1e-03_ep50_Constrained,True,MAR,0.4,5,0.0,0.0,0.0,0.0,0.0,Deep_Learning,VaDER
VaDER_ld32_lr1e-03_ep200,False,MAR,0.4,5,3.5483869960945085,8.872065914680613,0.818460295736958,2.170952796936035,5.0,Deep_Learning,VaDER
VaDER_ld32_lr1e-03_ep200_Constrained,True,MAR,0.4,5,0.0,0.0,0.0,0.0,0.0,Deep_Learning,VaDER
VaDER_ld64_lr1e-04_ep50,False,MAR,0.4,5,3.407046120669569,8.376094714288667,0.8381900352407072,0.5887923240661621,3.0,Deep_Learning,VaDER
VaDER_ld64_lr1e-04_ep50_Constrained,True,MAR,0.4,5,0.0,0.0,0.0,0.0,0.0,Deep_Learning,VaDER
VaDER_ld64_lr1e-04_ep200,False,MAR,0.4,5,3.499687373636061,8.731868545634697,0.8241523851157844,2.149470806121826,2.0,Deep_Learning,VaDER
VaDER_ld64_lr1e-04_ep200_Constrained,True,MAR,0.4,5,0.0,0.0,0.0,0.0,0.0,Deep_Learning,VaDER
VaDER_ld64_lr1e-03_ep50,False,MAR,0.4,5,3.5209354489874114,8.807715286458809,0.8210842229353873,0.615368127822876,5.0,Deep_Learning,VaDER
VaDER_ld64_lr1e-03_ep50_Constrained,True,MAR,0.4,5,0.0,0.0,0.0,0.0,0.0,Deep_Learning,VaDER
VaDER_ld64_lr1e-03_ep200,False,MAR,0.4,5,3.550900314495443,8.87498658370886,0.8183407509386955,2.237792730331421,5.0,Deep_Learning,VaDER
VaDER_ld64_lr1e-03_ep200_Constrained,True,MAR,0.4,5,0.0,0.0,0.0,0.0,0.0,Deep_Learning,VaDER
GAIN,False,MNAR,0.1,1,5.12686527266781,10.66701410057137,0.5609373168397298,4.068360567092896,603.0,Deep_Learning,GAIN
GAIN_Constrained,True,MNAR,0.1,1,0.0,0.0,0.0,0.0,0.0,Deep_Learning,GAIN
VAEM_ld16_lr1e-04_ep50,False,MNAR,0.1,1,3.334122877235713,7.107560905265587,0.8050685252264875,0.7602584362030029,21.0,Deep_Learning,VAEM
VAEM_ld16_lr1e-04_ep50_Constrained,True,MNAR,0.1,1,0.0,0.0,0.0,0.0,0.0,Deep_Learning,VAEM
VAEM_ld16_lr1e-04_ep200,False,MNAR,0.1,1,3.2981013003372235,7.085670589976355,0.8062674007450005,2.0183725357055664,22.0,Deep_Learning,VAEM
VAEM_ld16_lr1e-04_ep200_Constrained,True,MNAR,0.1,1,0.0,0.0,0.0,0.0,0.0,Deep_Learning,VAEM
VAEM_ld16_lr1e-03_ep50,False,MNAR,0.1,1,3.288142017694371,7.091312317038614,0.8059587717843293,0.5930757522583008,33.0,Deep_Learning,VAEM
VAEM_ld16_lr1e-03_ep50_Constrained,True,MNAR,0.1,1,0.0,0.0,0.0,0.0,0.0,Deep_Learning,VAEM
VAEM_ld16_lr1e-03_ep200,False,MNAR,0.1,1,3.2702210640031093,7.06957648990027,0.8071464737437307,2.1137259006500244,24.0,Deep_Learning,VAEM
VAEM_ld16_lr1e-03_ep200_Constrained,True,MNAR,0.1,1,0.0,0.0,0.0,0.0,0.0,Deep_Learning,VAEM
VAEM_ld32_lr1e-04_ep50,False,MNAR,0.1,1,3.328361455832687,7.1110018087462885,0.804879739577518,0.6120631694793701,16.0,Deep_Learning,VAEM
VAEM_ld32_lr1e-04_ep50_Constrained,True,MNAR,0.1,1,0.0,0.0,0.0,0.0,0.0,Deep_Learning,VAEM
VAEM_ld32_lr1e-04_ep200,False,MNAR,0.1,1,3.282045881052431,7.047953305125741,0.808324402871671,2.240321159362793,30.0,Deep_Learning,VAEM
VAEM_ld32_lr1e-04_ep200_Constrained,True,MNAR,0.1,1,0.0,0.0,0.0,0.0,0.0,Deep_Learning,VAEM
VAEM_ld32_lr1e-03_ep50,False,MNAR,0.1,1,3.2646886982344814,7.042489679065761,0.8086214643948133,0.7984225749969482,42.0,Deep_Learning,VAEM
VAEM_ld32_lr1e-03_ep50_Constrained,True,MNAR,0.1,1,0.0,0.0,0.0,0.0,0.0,Deep_Learning,VAEM
VAEM_ld32_lr1e-03_ep200,False,MNAR,0.1,1,3.251859105641852,7.052343545812528,0.8080855352008034,2.9682552814483643,19.0,Deep_Learning,VAEM
VAEM_ld32_lr1e-03_ep200_Constrained,True,MNAR,0.1,1,0.0,0.0,0.0,0.0,0.0,Deep_Learning,VAEM
VAEM_ld64_lr1e-04_ep50,False,MNAR,0.1,1,3.3289930088982245,7.115653351305124,0.8046243867963326,1.3838613033294678,13.0,Deep_Learning,VAEM
VAEM_ld64_lr1e-04_ep50_Constrained,True,MNAR,0.1,1,0.0,0.0,0.0,0.0,0.0,Deep_Learning,VAEM
VAEM_ld64_lr1e-04_ep200,False,MNAR,0.1,1,3.2785595753639285,7.072626165190056,0.8069800514720364,4.505517721176148,30.0,Deep_Learning,VAEM
VAEM_ld64_lr1e-04_ep200_Constrained,True,MNAR,0.1,1,0.0,0.0,0.0,0.0,0.0,Deep_Learning,VAEM
VAEM_ld64_lr1e-03_ep50,False,MNAR,0.1,1,3.27579383889258,7.102683291261837,0.8053359796337055,0.6090641021728516,32.0,Deep_Learning,VAEM
VAEM_ld64_lr1e-03_ep50_Constrained,True,MNAR,0.1,1,0.0,0.0,0.0,0.0,0.0,Deep_Learning,VAEM
VAEM_ld64_lr1e-03_ep200,False,MNAR,0.1,1,3.257576645256161,7.167328314157651,0.8017763877434312,2.1834805011749268,24.0,Deep_Learning,VAEM
VAEM_ld64_lr1e-03_ep200_Constrained,True,MNAR,0.1,1,0.0,0.0,0.0,0.0,0.0,Deep_Learning,VAEM
VaDER_ld16_lr1e-04_ep50,False,MNAR,0.1,1,3.3364471198027053,7.127129501923979,0.803993673652983,0.625706672668457,18.0,Deep_Learning,VaDER
VaDER_ld16_lr1e-04_ep50_Constrained,True,MNAR,0.1,1,0.0,0.0,0.0,0.0,0.0,Deep_Learning,VaDER
VaDER_ld16_lr1e-04_ep200,False,MNAR,0.1,1,3.290240326174423,7.175982165306291,0.8012974273422334,2.162748098373413,27.0,Deep_Learning,VaDER
VaDER_ld16_lr1e-04_ep200_Constrained,True,MNAR,0.1,1,0.0,0.0,0.0,0.0,0.0,Deep_Learning,VaDER
VaDER_ld16_lr1e-03_ep50,False,MNAR,0.1,1,3.2914337509496088,7.203628655850332,0.7997634182612124,0.5824549198150635,27.0,Deep_Learning,VaDER
VaDER_ld16_lr1e-03_ep50_Constrained,True,MNAR,0.1,1,0.0,0.0,0.0,0.0,0.0,Deep_Learning,VaDER
VaDER_ld16_lr1e-03_ep200,False,MNAR,0.1,1,3.2470645460939807,7.108990143840303,0.8049901209472488,2.1572625637054443,23.0,Deep_Learning,VaDER
VaDER_ld16_lr1e-03_ep200_Constrained,True,MNAR,0.1,1,0.0,0.0,0.0,0.0,0.0,Deep_Learning,VaDER
VaDER_ld32_lr1e-04_ep50,False,MNAR,0.1,1,3.331617580685784,7.107841681119712,0.8050531238438985,0.6013388633728027,22.0,Deep_Learning,VaDER
VaDER_ld32_lr1e-04_ep50_Constrained,True,MNAR,0.1,1,0.0,0.0,0.0,0.0,0.0,Deep_Learning,VaDER
VaDER_ld32_lr1e-04_ep200,False,MNAR,0.1,1,3.2927804461388708,7.209040675081421,0.7994624334759401,2.138441562652588,37.0,Deep_Learning,VaDER
VaDER_ld32_lr1e-04_ep200_Constrained,True,MNAR,0.1,1,0.0,0.0,0.0,0.0,0.0,Deep_Learning,VaDER
VaDER_ld32_lr1e-03_ep50,False,MNAR,0.1,1,3.281693229597611,7.198490288254972,0.8000489749597745,0.5808823108673096,24.0,Deep_Learning,VaDER
VaDER_ld32_lr1e-03_ep50_Constrained,True,MNAR,0.1,1,0.0,0.0,0.0,0.0,0.0,Deep_Learning,VaDER
VaDER_ld32_lr1e-03_ep200,False,MNAR,0.1,1,3.269729181105532,7.233682244407031,0.7980891562081955,2.159844160079956,28.0,Deep_Learning,VaDER
VaDER_ld32_lr1e-03_ep200_Constrained,True,MNAR,0.1,1,0.0,0.0,0.0,0.0,0.0,Deep_Learning,VaDER
VaDER_ld64_lr1e-04_ep50,False,MNAR,0.1,1,3.334145817600575,7.123347872570257,0.8042016189784672,0.6156964302062988,15.0,Deep_Learning,VaDER
VaDER_ld64_lr1e-04_ep50_Constrained,True,MNAR,0.1,1,0.0,0.0,0.0,0.0,0.0,Deep_Learning,VaDER
VaDER_ld64_lr1e-04_ep200,False,MNAR,0.1,1,3.292182364582374,7.103103343527083,0.8053129541158068,2.1800954341888428,42.0,Deep_Learning,VaDER
VaDER_ld64_lr1e-04_ep200_Constrained,True,MNAR,0.1,1,0.0,0.0,0.0,0.0,0.0,Deep_Learning,VaDER
VaDER_ld64_lr1e-03_ep50,False,MNAR,0.1,1,3.286525311865956,7.201703969996757,0.7998704035180934,0.6014385223388672,33.0,Deep_Learning,VaDER
VaDER_ld64_lr1e-03_ep50_Constrained,True,MNAR,0.1,1,0.0,0.0,0.0,0.0,0.0,Deep_Learning,VaDER
VaDER_ld64_lr1e-03_ep200,False,MNAR,0.1,1,3.2703038496773837,7.226458944481915,0.7984921969691645,2.878751277923584,31.0,Deep_Learning,VaDER
VaDER_ld64_lr1e-03_ep200_Constrained,True,MNAR,0.1,1,0.0,0.0,0.0,0.0,0.0,Deep_Learning,VaDER
GAIN,False,MNAR,0.1,2,4.98898202269499,10.48449642029762,0.5780612667795653,4.422251224517822,623.0,Deep_Learning,GAIN
GAIN_Constrained,True,MNAR,0.1,2,0.0,0.0,0.0,0.0,0.0,Deep_Learning,GAIN
VAEM_ld16_lr1e-04_ep50,False,MNAR,0.1,2,3.23530207146095,6.909901027093976,0.8167272498182717,0.5765628814697266,25.0,Deep_Learning,VAEM
VAEM_ld16_lr1e-04_ep50_Constrained,True,MNAR,0.1,2,0.0,0.0,0.0,0.0,0.0,Deep_Learning,VAEM
VAEM_ld16_lr1e-04_ep200,False,MNAR,0.1,2,3.164662003505514,6.815870048395628,0.8216813176739232,2.139038324356079,28.0,Deep_Learning,VAEM
VAEM_ld16_lr1e-04_ep200_Constrained,True,MNAR,0.1,2,0.0,0.0,0.0,0.0,0.0,Deep_Learning,VAEM
VAEM_ld16_lr1e-03_ep50,False,MNAR,0.1,2,3.131983542530789,6.727209493130194,0.8262902689739845,0.593742847442627,34.0,Deep_Learning,VAEM
VAEM_ld16_lr1e-03_ep50_Constrained,True,MNAR,0.1,2,0.0,0.0,0.0,0.0,0.0,Deep_Learning,VAEM
VAEM_ld16_lr1e-03_ep200,False,MNAR,0.1,2,3.119261784783933,6.787457201422839,0.8231649085072739,2.404014587402344,12.0,Deep_Learning,VAEM
VAEM_ld16_lr1e-03_ep200_Constrained,True,MNAR,0.1,2,0.0,0.0,0.0,0.0,0.0,Deep_Learning,VAEM
VAEM_ld32_lr1e-04_ep50,False,MNAR,0.1,2,3.213258241377216,6.829406384444673,0.8209723315932086,1.315404176712036,27.0,Deep_Learning,VAEM
VAEM_ld32_lr1e-04_ep50_Constrained,True,MNAR,0.1,2,0.0,0.0,0.0,0.0,0.0,Deep_Learning,VAEM
VAEM_ld32_lr1e-04_ep200,False,MNAR,0.1,2,3.1376262674632103,6.770734763287524,0.8240351817274476,3.988948106765747,26.0,Deep_Learning,VAEM
VAEM_ld32_lr1e-04_ep200_Constrained,True,MNAR,0.1,2,0.0,0.0,0.0,0.0,0.0,Deep_Learning,VAEM
VAEM_ld32_lr1e-03_ep50,False,MNAR,0.1,2,3.1232574345731443,6.731162587849529,0.8260860556874936,1.012427806854248,28.0,Deep_Learning,VAEM
VAEM_ld32_lr1e-03_ep50_Constrained,True,MNAR,0.1,2,0.0,0.0,0.0,0.0,0.0,Deep_Learning,VAEM
VAEM_ld32_lr1e-03_ep200,False,MNAR,0.1,2,3.1099898839691127,6.741505971807532,0.8255511582522672,2.472498893737793,22.0,Deep_Learning,VAEM
VAEM_ld32_lr1e-03_ep200_Constrained,True,MNAR,0.1,2,0.0,0.0,0.0,0.0,0.0,Deep_Learning,VAEM
VAEM_ld64_lr1e-04_ep50,False,MNAR,0.1,2,3.213229476304712,6.830235271826371,0.8209288716576696,1.0548765659332275,27.0,Deep_Learning,VAEM
VAEM_ld64_lr1e-04_ep50_Constrained,True,MNAR,0.1,2,0.0,0.0,0.0,0.0,0.0,Deep_Learning,VAEM
VAEM_ld64_lr1e-04_ep200,False,MNAR,0.1,2,3.1353591288257023,6.764877689634661,0.8243394893561142,2.419085025787353,29.0,Deep_Learning,VAEM
VAEM_ld64_lr1e-04_ep200_Constrained,True,MNAR,0.1,2,0.0,0.0,0.0,0.0,0.0,Deep_Learning,VAEM
VAEM_ld64_lr1e-03_ep50,False,MNAR,0.1,2,3.118991726093016,6.735349983769207,0.8258696077710735,0.6049082279205322,28.0,Deep_Learning,VAEM
VAEM_ld64_lr1e-03_ep50_Constrained,True,MNAR,0.1,2,0.0,0.0,0.0,0.0,0.0,Deep_Learning,VAEM
VAEM_ld64_lr1e-03_ep200,False,MNAR,0.1,2,3.1146459461545994,6.891060190179613,0.8177253261777139,2.1504180431365967,19.0,Deep_Learning,VAEM
VAEM_ld64_lr1e-03_ep200_Constrained,True,MNAR,0.1,2,0.0,0.0,0.0,0.0,0.0,Deep_Learning,VAEM
VaDER_ld16_lr1e-04_ep50,False,MNAR,0.1,2,3.2298376948811423,6.879254899282855,0.8183493121321338,0.6080508232116699,29.0,Deep_Learning,VaDER
VaDER_ld16_lr1e-04_ep50_Constrained,True,MNAR,0.1,2,0.0,0.0,0.0,0.0,0.0,Deep_Learning,VaDER
VaDER_ld16_lr1e-04_ep200,False,MNAR,0.1,2,3.1583143776227143,6.91792388058027,0.8163014191107779,2.1424365043640137,20.0,Deep_Learning,VaDER
VaDER_ld16_lr1e-04_ep200_Constrained,True,MNAR,0.1,2,0.0,0.0,0.0,0.0,0.0,Deep_Learning,VaDER
VaDER_ld16_lr1e-03_ep50,False,MNAR,0.1,2,3.1378783935862646,6.866454185702253,0.819024703602621,0.5896928310394287,25.0,Deep_Learning,VaDER
VaDER_ld16_lr1e-03_ep50_Constrained,True,MNAR,0.1,2,0.0,0.0,0.0,0.0,0.0,Deep_Learning,VaDER
VaDER_ld16_lr1e-03_ep200,False,MNAR,0.1,2,3.112143875607588,6.8511825241610165,0.8198288216893588,2.205505132675171,19.0,Deep_Learning,VaDER
VaDER_ld16_lr1e-03_ep200_Constrained,True,MNAR,0.1,2,0.0,0.0,0.0,0.0,0.0,Deep_Learning,VaDER
VaDER_ld32_lr1e-04_ep50,False,MNAR,0.1,2,3.211309718704812,6.845796763755232,0.8201119778867649,0.5968129634857178,25.0,Deep_Learning,VaDER
VaDER_ld32_lr1e-04_ep50_Constrained,True,MNAR,0.1,2,0.0,0.0,0.0,0.0,0.0,Deep_Learning,VaDER
VaDER_ld32_lr1e-04_ep200,False,MNAR,0.1,2,3.1368585196601253,6.860213792056811,0.8193535032613866,2.175864219665528,23.0,Deep_Learning,VaDER
VaDER_ld32_lr1e-04_ep200_Constrained,True,MNAR,0.1,2,0.0,0.0,0.0,0.0,0.0,Deep_Learning,VaDER
VaDER_ld32_lr1e-03_ep50,False,MNAR,0.1,2,3.1300372037579587,6.912504346601275,0.8165891270285701,0.6280815601348877,18.0,Deep_Learning,VaDER
VaDER_ld32_lr1e-03_ep50_Constrained,True,MNAR,0.1,2,0.0,0.0,0.0,0.0,0.0,Deep_Learning,VaDER
VaDER_ld32_lr1e-03_ep200,False,MNAR,0.1,2,3.1356525957053787,6.983202124935004,0.8128182650103234,2.160433053970337,21.0,Deep_Learning,VaDER
VaDER_ld32_lr1e-03_ep200_Constrained,True,MNAR,0.1,2,0.0,0.0,0.0,0.0,0.0,Deep_Learning,VaDER
VaDER_ld64_lr1e-04_ep50,False,MNAR,0.1,2,3.2343595877070888,6.902452467981873,0.8171221562403745,0.5964019298553467,18.0,Deep_Learning,VaDER
VaDER_ld64_lr1e-04_ep50_Constrained,True,MNAR,0.1,2,0.0,0.0,0.0,0.0,0.0,Deep_Learning,VaDER
VaDER_ld64_lr1e-04_ep200,False,MNAR,0.1,2,3.158306675597752,6.919816897435725,0.8162008710000275,2.1286182403564453,18.0,Deep_Learning,VaDER
VaDER_ld64_lr1e-04_ep200_Constrained,True,MNAR,0.1,2,0.0,0.0,0.0,0.0,0.0,Deep_Learning,VaDER
VaDER_ld64_lr1e-03_ep50,False,MNAR,0.1,2,3.122892779667061,6.777781505731869,0.8236687151443871,1.1531670093536377,16.0,Deep_Learning,VaDER
VaDER_ld64_lr1e-03_ep50_Constrained,True,MNAR,0.1,2,0.0,0.0,0.0,0.0,0.0,Deep_Learning,VaDER
VaDER_ld64_lr1e-03_ep200,False,MNAR,0.1,2,3.121499953979469,6.834331850664388,0.8207140038074524,4.2362377643585205,34.0,Deep_Learning,VaDER
VaDER_ld64_lr1e-03_ep200_Constrained,True,MNAR,0.1,2,0.0,0.0,0.0,0.0,0.0,Deep_Learning,VaDER
GAIN,False,MNAR,0.1,3,4.987619974280798,10.400963474949808,0.5494803787370471,4.576523065567017,617.0,Deep_Learning,GAIN
GAIN_Constrained,True,MNAR,0.1,3,0.0,0.0,0.0,0.0,0.0,Deep_Learning,GAIN
VAEM_ld16_lr1e-04_ep50,False,MNAR,0.1,3,3.221156133418349,6.774034465394753,0.8088996987376627,0.6117689609527588,27.0,Deep_Learning,VAEM
VAEM_ld16_lr1e-04_ep50_Constrained,True,MNAR,0.1,3,0.0,0.0,0.0,0.0,0.0,Deep_Learning,VAEM
VAEM_ld16_lr1e-04_ep200,False,MNAR,0.1,3,3.138068881544182,6.604932845220364,0.8183215648620651,2.3683576583862305,24.0,Deep_Learning,VAEM
VAEM_ld16_lr1e-04_ep200_Constrained,True,MNAR,0.1,3,0.0,0.0,0.0,0.0,0.0,Deep_Learning,VAEM
VAEM_ld16_lr1e-03_ep50,False,MNAR,0.1,3,3.129737574445483,6.609895951011991,0.818048427166248,0.570854663848877,24.0,Deep_Learning,VAEM
VAEM_ld16_lr1e-03_ep50_Constrained,True,MNAR,0.1,3,0.0,0.0,0.0,0.0,0.0,Deep_Learning,VAEM
VAEM_ld16_lr1e-03_ep200,False,MNAR,0.1,3,3.1104382200380334,6.625270799611201,0.8172009913152012,2.121325969696045,15.0,Deep_Learning,VAEM
VAEM_ld16_lr1e-03_ep200_Constrained,True,MNAR,0.1,3,0.0,0.0,0.0,0.0,0.0,Deep_Learning,VAEM
VAEM_ld32_lr1e-04_ep50,False,MNAR,0.1,3,3.214108160814193,6.735014650522865,0.8110949111672265,1.1187713146209717,25.0,Deep_Learning,VAEM
VAEM_ld32_lr1e-04_ep50_Constrained,True,MNAR,0.1,3,0.0,0.0,0.0,0.0,0.0,Deep_Learning,VAEM
VAEM_ld32_lr1e-04_ep200,False,MNAR,0.1,3,3.137058865778462,6.668599051770796,0.8148022182668566,4.110862255096436,27.0,Deep_Learning,VAEM
VAEM_ld32_lr1e-04_ep200_Constrained,True,MNAR,0.1,3,0.0,0.0,0.0,0.0,0.0,Deep_Learning,VAEM
VAEM_ld32_lr1e-03_ep50,False,MNAR,0.1,3,3.1254320603246675,6.662236250472219,0.8151554602316704,0.5744142532348633,27.0,Deep_Learning,VAEM
VAEM_ld32_lr1e-03_ep50_Constrained,True,MNAR,0.1,3,0.0,0.0,0.0,0.0,0.0,Deep_Learning,VAEM
VAEM_ld32_lr1e-03_ep200,False,MNAR,0.1,3,3.1067789601620017,6.621146132024058,0.8174285293181498,2.1210691928863525,15.0,Deep_Learning,VAEM
VAEM_ld32_lr1e-03_ep200_Constrained,True,MNAR,0.1,3,0.0,0.0,0.0,0.0,0.0,Deep_Learning,VAEM
VAEM_ld64_lr1e-04_ep50,False,MNAR,0.1,3,3.212448298098341,6.716523430009341,0.812130778389421,0.5870184898376465,39.0,Deep_Learning,VAEM
VAEM_ld64_lr1e-04_ep50_Constrained,True,MNAR,0.1,3,0.0,0.0,0.0,0.0,0.0,Deep_Learning,VAEM
VAEM_ld64_lr1e-04_ep200,False,MNAR,0.1,3,3.132929805049208,6.65780675443854,0.8154011723137168,2.1554031372070312,29.0,Deep_Learning,VAEM
VAEM_ld64_lr1e-04_ep200_Constrained,True,MNAR,0.1,3,0.0,0.0,0.0,0.0,0.0,Deep_Learning,VAEM
VAEM_ld64_lr1e-03_ep50,False,MNAR,0.1,3,3.1111431078427305,6.606546014339323,0.818232808825246,0.5832507610321045,33.0,Deep_Learning,VAEM
VAEM_ld64_lr1e-03_ep50_Constrained,True,MNAR,0.1,3,0.0,0.0,0.0,0.0,0.0,Deep_Learning,VAEM
VAEM_ld64_lr1e-03_ep200,False,MNAR,0.1,3,3.105181997834855,6.687316173893721,0.8137611497919979,2.1505441665649414,17.0,Deep_Learning,VAEM
VAEM_ld64_lr1e-03_ep200_Constrained,True,MNAR,0.1,3,0.0,0.0,0.0,0.0,0.0,Deep_Learning,VAEM
VaDER_ld16_lr1e-04_ep50,False,MNAR,0.1,3,3.213214473663312,6.711095614715563,0.8124343007139223,0.6415126323699951,35.0,Deep_Learning,VaDER
VaDER_ld16_lr1e-04_ep50_Constrained,True,MNAR,0.1,3,0.0,0.0,0.0,0.0,0.0,Deep_Learning,VaDER
VaDER_ld16_lr1e-04_ep200,False,MNAR,0.1,3,3.13405932818601,6.692812559598784,0.8134548800722383,2.173424243927002,35.0,Deep_Learning,VaDER
VaDER_ld16_lr1e-04_ep200_Constrained,True,MNAR,0.1,3,0.0,0.0,0.0,0.0,0.0,Deep_Learning,VaDER
VaDER_ld16_lr1e-03_ep50,False,MNAR,0.1,3,3.124829045248392,6.644860271605283,0.816118400070032,0.5964207649230957,29.0,Deep_Learning,VaDER
VaDER_ld16_lr1e-03_ep50_Constrained,True,MNAR,0.1,3,0.0,0.0,0.0,0.0,0.0,Deep_Learning,VaDER
VaDER_ld16_lr1e-03_ep200,False,MNAR,0.1,3,3.116673194671246,6.625995262267645,0.8171610115770157,3.0185115337371826,23.0,Deep_Learning,VaDER
VaDER_ld16_lr1e-03_ep200_Constrained,True,MNAR,0.1,3,0.0,0.0,0.0,0.0,0.0,Deep_Learning,VaDER
VaDER_ld32_lr1e-04_ep50,False,MNAR,0.1,3,3.2184816947045127,6.726178119013141,0.8115902837222111,1.2426202297210691,39.0,Deep_Learning,VaDER
VaDER_ld32_lr1e-04_ep50_Constrained,True,MNAR,0.1,3,0.0,0.0,0.0,0.0,0.0,Deep_Learning,VaDER
VaDER_ld32_lr1e-04_ep200,False,MNAR,0.1,3,3.143517912495088,6.671110328784924,0.814662707554113,2.687062740325928,26.0,Deep_Learning,VaDER
VaDER_ld32_lr1e-04_ep200_Constrained,True,MNAR,0.1,3,0.0,0.0,0.0,0.0,0.0,Deep_Learning,VaDER
VaDER_ld32_lr1e-03_ep50,False,MNAR,0.1,3,3.120865314669004,6.681709367423869,0.8140733131232324,0.6233057975769043,29.0,Deep_Learning,VaDER
VaDER_ld32_lr1e-03_ep50_Constrained,True,MNAR,0.1,3,0.0,0.0,0.0,0.0,0.0,Deep_Learning,VaDER
VaDER_ld32_lr1e-03_ep200,False,MNAR,0.1,3,3.115874423521669,6.691873563100308,0.8135072206764574,2.149041652679444,23.0,Deep_Learning,VaDER
VaDER_ld32_lr1e-03_ep200_Constrained,True,MNAR,0.1,3,0.0,0.0,0.0,0.0,0.0,Deep_Learning,VaDER
VaDER_ld64_lr1e-04_ep50,False,MNAR,0.1,3,3.2263410959442003,6.745642224060168,0.8104982720255837,0.9000954627990723,37.0,Deep_Learning,VaDER
VaDER_ld64_lr1e-04_ep50_Constrained,True,MNAR,0.1,3,0.0,0.0,0.0,0.0,0.0,Deep_Learning,VaDER
VaDER_ld64_lr1e-04_ep200,False,MNAR,0.1,3,3.132060961589145,6.625113412468515,0.8172096762045609,2.136188745498657,29.0,Deep_Learning,VaDER
VaDER_ld64_lr1e-04_ep200_Constrained,True,MNAR,0.1,3,0.0,0.0,0.0,0.0,0.0,Deep_Learning,VaDER
VaDER_ld64_lr1e-03_ep50,False,MNAR,0.1,3,3.127778140794517,6.716514983614963,0.8121312509007004,0.5894200801849365,25.0,Deep_Learning,VaDER
VaDER_ld64_lr1e-03_ep50_Constrained,True,MNAR,0.1,3,0.0,0.0,0.0,0.0,0.0,Deep_Learning,VaDER
VaDER_ld64_lr1e-03_ep200,False,MNAR,0.1,3,3.122036189209747,6.708417964754174,0.8125839439683854,2.1605112552642822,22.0,Deep_Learning,VaDER
VaDER_ld64_lr1e-03_ep200_Constrained,True,MNAR,0.1,3,0.0,0.0,0.0,0.0,0.0,Deep_Learning,VaDER
GAIN,False,MNAR,0.1,4,4.816344692743924,9.823384975934404,0.6040341570552088,4.064424753189087,626.0,Deep_Learning,GAIN
GAIN_Constrained,True,MNAR,0.1,4,0.0,0.0,0.0,0.0,0.0,Deep_Learning,GAIN
VAEM_ld16_lr1e-04_ep50,False,MNAR,0.1,4,3.126154723834714,6.39571192610052,0.8321531543700075,0.8871073722839355,23.0,Deep_Learning,VAEM
VAEM_ld16_lr1e-04_ep50_Constrained,True,MNAR,0.1,4,0.0,0.0,0.0,0.0,0.0,Deep_Learning,VAEM
VAEM_ld16_lr1e-04_ep200,False,MNAR,0.1,4,3.0464500425366263,6.299784780339687,0.8371503530355136,2.4013118743896484,25.0,Deep_Learning,VAEM
VAEM_ld16_lr1e-04_ep200_Constrained,True,MNAR,0.1,4,0.0,0.0,0.0,0.0,0.0,Deep_Learning,VAEM
VAEM_ld16_lr1e-03_ep50,False,MNAR,0.1,4,3.02682071085155,6.27724267030419,0.8383136965413573,0.8264303207397461,25.0,Deep_Learning,VAEM
VAEM_ld16_lr1e-03_ep50_Constrained,True,MNAR,0.1,4,0.0,0.0,0.0,0.0,0.0,Deep_Learning,VAEM
VAEM_ld16_lr1e-03_ep200,False,MNAR,0.1,4,3.007004785527632,6.260225069672251,0.839189171143623,3.5137689113616943,19.0,Deep_Learning,VAEM
VAEM_ld16_lr1e-03_ep200_Constrained,True,MNAR,0.1,4,0.0,0.0,0.0,0.0,0.0,Deep_Learning,VAEM
VAEM_ld32_lr1e-04_ep50,False,MNAR,0.1,4,3.122061781001111,6.413935107208501,0.8311953060320277,1.2567992210388184,38.0,Deep_Learning,VAEM
VAEM_ld32_lr1e-04_ep50_Constrained,True,MNAR,0.1,4,0.0,0.0,0.0,0.0,0.0,Deep_Learning,VAEM
VAEM_ld32_lr1e-04_ep200,False,MNAR,0.1,4,3.0430420002384304,6.311118435833187,0.8365638752108514,2.142827272415161,26.0,Deep_Learning,VAEM
VAEM_ld32_lr1e-04_ep200_Constrained,True,MNAR,0.1,4,0.0,0.0,0.0,0.0,0.0,Deep_Learning,VAEM
VAEM_ld32_lr1e-03_ep50,False,MNAR,0.1,4,3.011441023498437,6.257105042294,0.8393494238993197,0.5919206142425537,26.0,Deep_Learning,VAEM
VAEM_ld32_lr1e-03_ep50_Constrained,True,MNAR,0.1,4,0.0,0.0,0.0,0.0,0.0,Deep_Learning,VAEM
VAEM_ld32_lr1e-03_ep200,False,MNAR,0.1,4,3.001479904762168,6.295954940953072,0.8373482958014665,2.134589672088623,22.0,Deep_Learning,VAEM
VAEM_ld32_lr1e-03_ep200_Constrained,True,MNAR,0.1,4,0.0,0.0,0.0,0.0,0.0,Deep_Learning,VAEM
VAEM_ld64_lr1e-04_ep50,False,MNAR,0.1,4,3.1268074950183284,6.41428500413171,0.8311768880551977,0.595350980758667,46.0,Deep_Learning,VAEM
VAEM_ld64_lr1e-04_ep50_Constrained,True,MNAR,0.1,4,0.0,0.0,0.0,0.0,0.0,Deep_Learning,VAEM
VAEM_ld64_lr1e-04_ep200,False,MNAR,0.1,4,3.0236011622907406,6.278351263290135,0.8382565822511887,2.1437270641326904,22.0,Deep_Learning,VAEM
VAEM_ld64_lr1e-04_ep200_Constrained,True,MNAR,0.1,4,0.0,0.0,0.0,0.0,0.0,Deep_Learning,VAEM
VAEM_ld64_lr1e-03_ep50,False,MNAR,0.1,4,3.00944312322029,6.272201535037711,0.8385732867087472,1.074326515197754,31.0,Deep_Learning,VAEM
VAEM_ld64_lr1e-03_ep50_Constrained,True,MNAR,0.1,4,0.0,0.0,0.0,0.0,0.0,Deep_Learning,VAEM
VAEM_ld64_lr1e-03_ep200,False,MNAR,0.1,4,2.991613481539768,6.26982197962919,0.8386957479982542,2.630868673324585,20.0,Deep_Learning,VAEM
VAEM_ld64_lr1e-03_ep200_Constrained,True,MNAR,0.1,4,0.0,0.0,0.0,0.0,0.0,Deep_Learning,VAEM
VaDER_ld16_lr1e-04_ep50,False,MNAR,0.1,4,3.126587487981253,6.408382372187784,0.8314874580366555,0.5997750759124756,39.0,Deep_Learning,VaDER
VaDER_ld16_lr1e-04_ep50_Constrained,True,MNAR,0.1,4,0.0,0.0,0.0,0.0,0.0,Deep_Learning,VaDER
VaDER_ld16_lr1e-04_ep200,False,MNAR,0.1,4,3.025557862760845,6.282659185454807,0.8380345439886081,2.2207438945770264,32.0,Deep_Learning,VaDER
VaDER_ld16_lr1e-04_ep200_Constrained,True,MNAR,0.1,4,0.0,0.0,0.0,0.0,0.0,Deep_Learning,VaDER
VaDER_ld16_lr1e-03_ep50,False,MNAR,0.1,4,3.0197284471921533,6.291587769482832,0.8375738633381946,0.8096868991851807,29.0,Deep_Learning,VaDER
VaDER_ld16_lr1e-03_ep50_Constrained,True,MNAR,0.1,4,0.0,0.0,0.0,0.0,0.0,Deep_Learning,VaDER
VaDER_ld16_lr1e-03_ep200,False,MNAR,0.1,4,3.008690621317749,6.2973962644289445,0.8372738160581615,3.00581955909729,29.0,Deep_Learning,VaDER
VaDER_ld16_lr1e-03_ep200_Constrained,True,MNAR,0.1,4,0.0,0.0,0.0,0.0,0.0,Deep_Learning,VaDER
VaDER_ld32_lr1e-04_ep50,False,MNAR,0.1,4,3.1195494431186828,6.389192085475345,0.8324951888170736,0.7172150611877441,32.0,Deep_Learning,VaDER
VaDER_ld32_lr1e-04_ep50_Constrained,True,MNAR,0.1,4,0.0,0.0,0.0,0.0,0.0,Deep_Learning,VaDER
VaDER_ld32_lr1e-04_ep200,False,MNAR,0.1,4,3.03943671611378,6.316509845886412,0.8362845182168491,2.156373977661133,28.0,Deep_Learning,VaDER
VaDER_ld32_lr1e-04_ep200_Constrained,True,MNAR,0.1,4,0.0,0.0,0.0,0.0,0.0,Deep_Learning,VaDER
VaDER_ld32_lr1e-03_ep50,False,MNAR,0.1,4,3.017385596265121,6.311203031272439,0.8365594937233006,0.587932825088501,24.0,Deep_Learning,VaDER
VaDER_ld32_lr1e-03_ep50_Constrained,True,MNAR,0.1,4,0.0,0.0,0.0,0.0,0.0,Deep_Learning,VaDER
VaDER_ld32_lr1e-03_ep200,False,MNAR,0.1,4,3.010426533519884,6.323131095799176,0.8359411104504346,2.092247724533081,13.0,Deep_Learning,VaDER
VaDER_ld32_lr1e-03_ep200_Constrained,True,MNAR,0.1,4,0.0,0.0,0.0,0.0,0.0,Deep_Learning,VaDER
VaDER_ld64_lr1e-04_ep50,False,MNAR,0.1,4,3.137388940219726,6.450274837375009,0.8292770780894849,0.6000995635986328,48.0,Deep_Learning,VaDER
VaDER_ld64_lr1e-04_ep50_Constrained,True,MNAR,0.1,4,0.0,0.0,0.0,0.0,0.0,Deep_Learning,VaDER
VaDER_ld64_lr1e-04_ep200,False,MNAR,0.1,4,3.029079686659706,6.3068206387789045,0.8367863955563541,2.1576602458953857,36.0,Deep_Learning,VaDER
VaDER_ld64_lr1e-04_ep200_Constrained,True,MNAR,0.1,4,0.0,0.0,0.0,0.0,0.0,Deep_Learning,VaDER
VaDER_ld64_lr1e-03_ep50,False,MNAR,0.1,4,3.026177326055568,6.340918638534293,0.8350167870252257,0.6127450466156006,32.0,Deep_Learning,VaDER
VaDER_ld64_lr1e-03_ep50_Constrained,True,MNAR,0.1,4,0.0,0.0,0.0,0.0,0.0,Deep_Learning,VaDER
VaDER_ld64_lr1e-03_ep200,False,MNAR,0.1,4,3.014565045437975,6.294885101434411,0.83740356825438,2.206146478652954,20.0,Deep_Learning,VaDER
VaDER_ld64_lr1e-03_ep200_Constrained,True,MNAR,0.1,4,0.0,0.0,0.0,0.0,0.0,Deep_Learning,VaDER
GAIN,False,MNAR,0.1,5,5.020112214390161,10.108350661337385,0.5976748195679074,4.238492250442505,619.0,Deep_Learning,GAIN
GAIN_Constrained,True,MNAR,0.1,5,0.0,0.0,0.0,0.0,0.0,Deep_Learning,GAIN
VAEM_ld16_lr1e-04_ep50,False,MNAR,0.1,5,3.254814152396197,6.609746383957662,0.827977122519725,0.5805864334106445,34.0,Deep_Learning,VAEM
VAEM_ld16_lr1e-04_ep50_Constrained,True,MNAR,0.1,5,0.0,0.0,0.0,0.0,0.0,Deep_Learning,VAEM
VAEM_ld16_lr1e-04_ep200,False,MNAR,0.1,5,3.149132749203696,6.437192823431943,0.8368415191505255,2.134366750717163,22.0,Deep_Learning,VAEM
VAEM_ld16_lr1e-04_ep200_Constrained,True,MNAR,0.1,5,0.0,0.0,0.0,0.0,0.0,Deep_Learning,VAEM
VAEM_ld16_lr1e-03_ep50,False,MNAR,0.1,5,3.1460745244054693,6.412284383414423,0.8381017456385395,0.5681898593902588,21.0,Deep_Learning,VAEM
VAEM_ld16_lr1e-03_ep50_Constrained,True,MNAR,0.1,5,0.0,0.0,0.0,0.0,0.0,Deep_Learning,VAEM
VAEM_ld16_lr1e-03_ep200,False,MNAR,0.1,5,3.1226431602049574,6.394126328108885,0.8390173616456063,2.1703548431396484,28.0,Deep_Learning,VAEM
VAEM_ld16_lr1e-03_ep200_Constrained,True,MNAR,0.1,5,0.0,0.0,0.0,0.0,0.0,Deep_Learning,VAEM
VAEM_ld32_lr1e-04_ep50,False,MNAR,0.1,5,3.2391627488596475,6.552005369035309,0.8309694886097548,0.610236406326294,41.0,Deep_Learning,VAEM
VAEM_ld32_lr1e-04_ep50_Constrained,True,MNAR,0.1,5,0.0,0.0,0.0,0.0,0.0,Deep_Learning,VAEM
VAEM_ld32_lr1e-04_ep200,False,MNAR,0.1,5,3.1477147612099863,6.420544095736941,0.8376843922659998,2.0364115238189697,35.0,Deep_Learning,VAEM
VAEM_ld32_lr1e-04_ep200_Constrained,True,MNAR,0.1,5,0.0,0.0,0.0,0.0,0.0,Deep_Learning,VAEM
VAEM_ld32_lr1e-03_ep50,False,MNAR,0.1,5,3.1284249632146603,6.388216042314943,0.8393148264196981,0.6209561824798584,31.0,Deep_Learning,VAEM
VAEM_ld32_lr1e-03_ep50_Constrained,True,MNAR,0.1,5,0.0,0.0,0.0,0.0,0.0,Deep_Learning,VAEM
VAEM_ld32_lr1e-03_ep200,False,MNAR,0.1,5,3.110931460418357,6.391464770233166,0.8391513519400402,2.191387414932251,24.0,Deep_Learning,VAEM
VAEM_ld32_lr1e-03_ep200_Constrained,True,MNAR,0.1,5,0.0,0.0,0.0,0.0,0.0,Deep_Learning,VAEM
VAEM_ld64_lr1e-04_ep50,False,MNAR,0.1,5,3.243114730086719,6.558456427902197,0.8306364722183919,0.6193773746490479,44.0,Deep_Learning,VAEM
VAEM_ld64_lr1e-04_ep50_Constrained,True,MNAR,0.1,5,0.0,0.0,0.0,0.0,0.0,Deep_Learning,VAEM
VAEM_ld64_lr1e-04_ep200,False,MNAR,0.1,5,3.147532723665906,6.416940748910867,0.8378665311308069,2.2463388442993164,24.0,Deep_Learning,VAEM
VAEM_ld64_lr1e-04_ep200_Constrained,True,MNAR,0.1,5,0.0,0.0,0.0,0.0,0.0,Deep_Learning,VAEM
VAEM_ld64_lr1e-03_ep50,False,MNAR,0.1,5,3.1468458861155697,6.450837873424847,0.8361490852707282,0.6171152591705322,42.0,Deep_Learning,VAEM
VAEM_ld64_lr1e-03_ep50_Constrained,True,MNAR,0.1,5,0.0,0.0,0.0,0.0,0.0,Deep_Learning,VAEM
VAEM_ld64_lr1e-03_ep200,False,MNAR,0.1,5,3.123633781244976,6.433493672287647,0.8370289842404907,2.135284662246704,25.0,Deep_Learning,VAEM
VAEM_ld64_lr1e-03_ep200_Constrained,True,MNAR,0.1,5,0.0,0.0,0.0,0.0,0.0,Deep_Learning,VAEM
VaDER_ld16_lr1e-04_ep50,False,MNAR,0.1,5,3.2430110024550296,6.542988044003981,0.8314344315145752,0.6178767681121826,49.0,Deep_Learning,VaDER
VaDER_ld16_lr1e-04_ep50_Constrained,True,MNAR,0.1,5,0.0,0.0,0.0,0.0,0.0,Deep_Learning,VaDER
VaDER_ld16_lr1e-04_ep200,False,MNAR,0.1,5,3.15439568573032,6.483522700898328,0.8344844933717647,2.540976285934448,22.0,Deep_Learning,VaDER
VaDER_ld16_lr1e-04_ep200_Constrained,True,MNAR,0.1,5,0.0,0.0,0.0,0.0,0.0,Deep_Learning,VaDER
VaDER_ld16_lr1e-03_ep50,False,MNAR,0.1,5,3.14503260028307,6.4506431713003405,0.8361589759672188,0.6996805667877197,38.0,Deep_Learning,VaDER
VaDER_ld16_lr1e-03_ep50_Constrained,True,MNAR,0.1,5,0.0,0.0,0.0,0.0,0.0,Deep_Learning,VaDER
VaDER_ld16_lr1e-03_ep200,False,MNAR,0.1,5,3.136934499361101,6.442728580452715,0.8365607775002293,3.608790159225464,16.0,Deep_Learning,VaDER
VaDER_ld16_lr1e-03_ep200_Constrained,True,MNAR,0.1,5,0.0,0.0,0.0,0.0,0.0,Deep_Learning,VaDER
VaDER_ld32_lr1e-04_ep50,False,MNAR,0.1,5,3.2465932322524096,6.55519752449396,0.8308047442056732,0.5875744819641113,48.0,Deep_Learning,VaDER
VaDER_ld32_lr1e-04_ep50_Constrained,True,MNAR,0.1,5,0.0,0.0,0.0,0.0,0.0,Deep_Learning,VaDER
VaDER_ld32_lr1e-04_ep200,False,MNAR,0.1,5,3.155494919560893,6.460358140715764,0.8356650999023627,2.1978580951690674,33.0,Deep_Learning,VaDER
VaDER_ld32_lr1e-04_ep200_Constrained,True,MNAR,0.1,5,0.0,0.0,0.0,0.0,0.0,Deep_Learning,VaDER
VaDER_ld32_lr1e-03_ep50,False,MNAR,0.1,5,3.1451200781691098,6.493488209379317,0.8339752906117588,0.6067228317260742,18.0,Deep_Learning,VaDER
VaDER_ld32_lr1e-03_ep50_Constrained,True,MNAR,0.1,5,0.0,0.0,0.0,0.0,0.0,Deep_Learning,VaDER
VaDER_ld32_lr1e-03_ep200,False,MNAR,0.1,5,3.13927687563158,6.503239092642096,0.8334762974662866,2.40378212928772,27.0,Deep_Learning,VaDER
VaDER_ld32_lr1e-03_ep200_Constrained,True,MNAR,0.1,5,0.0,0.0,0.0,0.0,0.0,Deep_Learning,VaDER
VaDER_ld64_lr1e-04_ep50,False,MNAR,0.1,5,3.2423621318377984,6.583897857448847,0.8293199405896385,0.598499059677124,47.0,Deep_Learning,VaDER
VaDER_ld64_lr1e-04_ep50_Constrained,True,MNAR,0.1,5,0.0,0.0,0.0,0.0,0.0,Deep_Learning,VaDER
VaDER_ld64_lr1e-04_ep200,False,MNAR,0.1,5,3.1619573782100203,6.516566197706224,0.8327930831988348,2.128251314163208,29.0,Deep_Learning,VaDER
VaDER_ld64_lr1e-04_ep200_Constrained,True,MNAR,0.1,5,0.0,0.0,0.0,0.0,0.0,Deep_Learning,VaDER
VaDER_ld64_lr1e-03_ep50,False,MNAR,0.1,5,3.134738243611072,6.4461800087099705,0.8363856188418295,0.5807042121887207,32.0,Deep_Learning,VaDER
VaDER_ld64_lr1e-03_ep50_Constrained,True,MNAR,0.1,5,0.0,0.0,0.0,0.0,0.0,Deep_Learning,VaDER
VaDER_ld64_lr1e-03_ep200,False,MNAR,0.1,5,3.1369840067801174,6.467882962094506,0.8352820527357695,1.9881298542022705,26.0,Deep_Learning,VaDER
VaDER_ld64_lr1e-03_ep200_Constrained,True,MNAR,0.1,5,0.0,0.0,0.0,0.0,0.0,Deep_Learning,VaDER
GAIN,False,MNAR,0.2,1,5.472900057850372,11.327381913522457,0.5049939646461348,3.8482143878936768,1326.0,Deep_Learning,GAIN
GAIN_Constrained,True,MNAR,0.2,1,0.0,0.0,0.0,0.0,0.0,Deep_Learning,GAIN
VAEM_ld16_lr1e-04_ep50,False,MNAR,0.2,1,3.622075679727237,7.570682329454913,0.7788833460026511,0.564206600189209,35.0,Deep_Learning,VAEM
VAEM_ld16_lr1e-04_ep50_Constrained,True,MNAR,0.2,1,0.0,0.0,0.0,0.0,0.0,Deep_Learning,VAEM
VAEM_ld16_lr1e-04_ep200,False,MNAR,0.2,1,3.545314038676885,7.47631431929411,0.7843613964726842,4.468852519989014,10.0,Deep_Learning,VAEM
VAEM_ld16_lr1e-04_ep200_Constrained,True,MNAR,0.2,1,0.0,0.0,0.0,0.0,0.0,Deep_Learning,VAEM
VAEM_ld16_lr1e-03_ep50,False,MNAR,0.2,1,3.5350350243557767,7.454725494606806,0.7856049671137989,0.5752308368682861,14.0,Deep_Learning,VAEM
VAEM_ld16_lr1e-03_ep50_Constrained,True,MNAR,0.2,1,0.0,0.0,0.0,0.0,0.0,Deep_Learning,VAEM
VAEM_ld16_lr1e-03_ep200,False,MNAR,0.2,1,3.5107939653189644,7.441857512316937,0.7863444847280335,2.12043833732605,15.0,Deep_Learning,VAEM
VAEM_ld16_lr1e-03_ep200_Constrained,True,MNAR,0.2,1,0.0,0.0,0.0,0.0,0.0,Deep_Learning,VAEM
VAEM_ld32_lr1e-04_ep50,False,MNAR,0.2,1,3.611094091809478,7.559089323905145,0.7795600205241472,0.607689619064331,34.0,Deep_Learning,VAEM
VAEM_ld32_lr1e-04_ep50_Constrained,True,MNAR,0.2,1,0.0,0.0,0.0,0.0,0.0,Deep_Learning,VAEM
VAEM_ld32_lr1e-04_ep200,False,MNAR,0.2,1,3.541144742593372,7.474742491617537,0.7844520590854214,2.126886367797852,16.0,Deep_Learning,VAEM
VAEM_ld32_lr1e-04_ep200_Constrained,True,MNAR,0.2,1,0.0,0.0,0.0,0.0,0.0,Deep_Learning,VAEM
VAEM_ld32_lr1e-03_ep50,False,MNAR,0.2,1,3.5217473235333814,7.461925718132587,0.7851906157989949,0.6095089912414551,17.0,Deep_Learning,VAEM
VAEM_ld32_lr1e-03_ep50_Constrained,True,MNAR,0.2,1,0.0,0.0,0.0,0.0,0.0,Deep_Learning,VAEM
VAEM_ld32_lr1e-03_ep200,False,MNAR,0.2,1,3.5072804964671187,7.436394540293935,0.7866580531320133,2.971152782440185,12.0,Deep_Learning,VAEM
VAEM_ld32_lr1e-03_ep200_Constrained,True,MNAR,0.2,1,0.0,0.0,0.0,0.0,0.0,Deep_Learning,VAEM
VAEM_ld64_lr1e-04_ep50,False,MNAR,0.2,1,3.609025537517119,7.558267113489201,0.7796079729115778,0.6740753650665283,39.0,Deep_Learning,VAEM
VAEM_ld64_lr1e-04_ep50_Constrained,True,MNAR,0.2,1,0.0,0.0,0.0,0.0,0.0,Deep_Learning,VAEM
VAEM_ld64_lr1e-04_ep200,False,MNAR,0.2,1,3.528940269760021,7.4672261919563425,0.7848853337706547,2.130959987640381,9.0,Deep_Learning,VAEM
VAEM_ld64_lr1e-04_ep200_Constrained,True,MNAR,0.2,1,0.0,0.0,0.0,0.0,0.0,Deep_Learning,VAEM
VAEM_ld64_lr1e-03_ep50,False,MNAR,0.2,1,3.527576707542395,7.529334462248253,0.7812920417747449,0.5736570358276367,15.0,Deep_Learning,VAEM
VAEM_ld64_lr1e-03_ep50_Constrained,True,MNAR,0.2,1,0.0,0.0,0.0,0.0,0.0,Deep_Learning,VAEM
VAEM_ld64_lr1e-03_ep200,False,MNAR,0.2,1,3.515068493119289,7.529088774159716,0.7813063147662779,2.1146512031555176,9.0,Deep_Learning,VAEM
VAEM_ld64_lr1e-03_ep200_Constrained,True,MNAR,0.2,1,0.0,0.0,0.0,0.0,0.0,Deep_Learning,VAEM
VaDER_ld16_lr1e-04_ep50,False,MNAR,0.2,1,3.633018866244844,7.58886919202472,0.7778197038368381,0.5812880992889404,48.0,Deep_Learning,VaDER
VaDER_ld16_lr1e-04_ep50_Constrained,True,MNAR,0.2,1,0.0,0.0,0.0,0.0,0.0,Deep_Learning,VaDER
VaDER_ld16_lr1e-04_ep200,False,MNAR,0.2,1,3.5407046073135686,7.500493917578739,0.7829643213553993,2.1542742252349854,12.0,Deep_Learning,VaDER
VaDER_ld16_lr1e-04_ep200_Constrained,True,MNAR,0.2,1,0.0,0.0,0.0,0.0,0.0,Deep_Learning,VaDER
VaDER_ld16_lr1e-03_ep50,False,MNAR,0.2,1,3.526662666227517,7.501128342840544,0.7829276041092821,1.0869457721710205,17.0,Deep_Learning,VaDER
VaDER_ld16_lr1e-03_ep50_Constrained,True,MNAR,0.2,1,0.0,0.0,0.0,0.0,0.0,Deep_Learning,VaDER
VaDER_ld16_lr1e-03_ep200,False,MNAR,0.2,1,3.523736636598694,7.498645143663196,0.7830713010968391,2.8030900955200195,10.0,Deep_Learning,VaDER
VaDER_ld16_lr1e-03_ep200_Constrained,True,MNAR,0.2,1,0.0,0.0,0.0,0.0,0.0,Deep_Learning,VaDER
VaDER_ld32_lr1e-04_ep50,False,MNAR,0.2,1,3.625301995384563,7.57578558319043,0.7785851444237784,0.5853867530822754,46.0,Deep_Learning,VaDER
VaDER_ld32_lr1e-04_ep50_Constrained,True,MNAR,0.2,1,0.0,0.0,0.0,0.0,0.0,Deep_Learning,VaDER
VaDER_ld32_lr1e-04_ep200,False,MNAR,0.2,1,3.534997754603153,7.515894685870871,0.7820721273666102,4.133613109588623,8.0,Deep_Learning,VaDER
VaDER_ld32_lr1e-04_ep200_Constrained,True,MNAR,0.2,1,0.0,0.0,0.0,0.0,0.0,Deep_Learning,VaDER
VaDER_ld32_lr1e-03_ep50,False,MNAR,0.2,1,3.5295007601956,7.551942055398054,0.7799766841728094,0.5942432880401611,12.0,Deep_Learning,VaDER
VaDER_ld32_lr1e-03_ep50_Constrained,True,MNAR,0.2,1,0.0,0.0,0.0,0.0,0.0,Deep_Learning,VaDER
VaDER_ld32_lr1e-03_ep200,False,MNAR,0.2,1,3.526994904867556,7.557901628906159,0.7796292867760912,2.1745643615722656,10.0,Deep_Learning,VaDER
VaDER_ld32_lr1e-03_ep200_Constrained,True,MNAR,0.2,1,0.0,0.0,0.0,0.0,0.0,Deep_Learning,VaDER
VaDER_ld64_lr1e-04_ep50,False,MNAR,0.2,1,3.621254219245656,7.57049858562234,0.7788940790717837,0.6123964786529541,46.0,Deep_Learning,VaDER
VaDER_ld64_lr1e-04_ep50_Constrained,True,MNAR,0.2,1,0.0,0.0,0.0,0.0,0.0,Deep_Learning,VaDER
VaDER_ld64_lr1e-04_ep200,False,MNAR,0.2,1,3.5387054052378266,7.507323380814999,0.7825689041951231,2.1052706241607666,14.0,Deep_Learning,VaDER
VaDER_ld64_lr1e-04_ep200_Constrained,True,MNAR,0.2,1,0.0,0.0,0.0,0.0,0.0,Deep_Learning,VaDER
VaDER_ld64_lr1e-03_ep50,False,MNAR,0.2,1,3.5323661870814527,7.557056943551364,0.7796785421174088,0.6126484870910645,19.0,Deep_Learning,VaDER
VaDER_ld64_lr1e-03_ep50_Constrained,True,MNAR,0.2,1,0.0,0.0,0.0,0.0,0.0,Deep_Learning,VaDER
VaDER_ld64_lr1e-03_ep200,False,MNAR,0.2,1,3.535649453868397,7.569485249547607,0.7789532666162386,2.1513831615448,12.0,Deep_Learning,VaDER
VaDER_ld64_lr1e-03_ep200_Constrained,True,MNAR,0.2,1,0.0,0.0,0.0,0.0,0.0,Deep_Learning,VaDER
GAIN,False,MNAR,0.2,2,5.290026192928804,11.017934237422704,0.5240238467359828,4.606091260910034,1263.0,Deep_Learning,GAIN
GAIN_Constrained,True,MNAR,0.2,2,0.0,0.0,0.0,0.0,0.0,Deep_Learning,GAIN
VAEM_ld16_lr1e-04_ep50,False,MNAR,0.2,2,3.4411468786830275,7.18440066168401,0.7976207736167936,1.144500970840454,12.0,Deep_Learning,VAEM
VAEM_ld16_lr1e-04_ep50_Constrained,True,MNAR,0.2,2,0.0,0.0,0.0,0.0,0.0,Deep_Learning,VAEM
VAEM_ld16_lr1e-04_ep200,False,MNAR,0.2,2,3.363959865922373,7.095327173561604,0.8026079328258899,3.3481252193450928,8.0,Deep_Learning,VAEM
VAEM_ld16_lr1e-04_ep200_Constrained,True,MNAR,0.2,2,0.0,0.0,0.0,0.0,0.0,Deep_Learning,VAEM
VAEM_ld16_lr1e-03_ep50,False,MNAR,0.2,2,3.354248436778665,7.07926784545495,0.8035004629310345,0.832643985748291,8.0,Deep_Learning,VAEM
VAEM_ld16_lr1e-03_ep50_Constrained,True,MNAR,0.2,2,0.0,0.0,0.0,0.0,0.0,Deep_Learning,VAEM
VAEM_ld16_lr1e-03_ep200,False,MNAR,0.2,2,3.3408138117818718,7.0913893386564215,0.8028269732329131,3.685027122497559,11.0,Deep_Learning,VAEM
VAEM_ld16_lr1e-03_ep200_Constrained,True,MNAR,0.2,2,0.0,0.0,0.0,0.0,0.0,Deep_Learning,VAEM
VAEM_ld32_lr1e-04_ep50,False,MNAR,0.2,2,3.44087915003014,7.195703005144213,0.7969835155222597,0.5960028171539307,15.0,Deep_Learning,VAEM
VAEM_ld32_lr1e-04_ep50_Constrained,True,MNAR,0.2,2,0.0,0.0,0.0,0.0,0.0,Deep_Learning,VAEM
VAEM_ld32_lr1e-04_ep200,False,MNAR,0.2,2,3.353396048543316,7.103988423869023,0.802125726565055,2.1582019329071045,10.0,Deep_Learning,VAEM
VAEM_ld32_lr1e-04_ep200_Constrained,True,MNAR,0.2,2,0.0,0.0,0.0,0.0,0.0,Deep_Learning,VAEM
VAEM_ld32_lr1e-03_ep50,False,MNAR,0.2,2,3.347298260496045,7.071292567931495,0.8039429537737302,0.594489574432373,11.0,Deep_Learning,VAEM
VAEM_ld32_lr1e-03_ep50_Constrained,True,MNAR,0.2,2,0.0,0.0,0.0,0.0,0.0,Deep_Learning,VAEM
VAEM_ld32_lr1e-03_ep200,False,MNAR,0.2,2,3.3355709568835263,7.124383340537141,0.8009879369060325,2.1542394161224365,8.0,Deep_Learning,VAEM
VAEM_ld32_lr1e-03_ep200_Constrained,True,MNAR,0.2,2,0.0,0.0,0.0,0.0,0.0,Deep_Learning,VAEM
VAEM_ld64_lr1e-04_ep50,False,MNAR,0.2,2,3.4350253657929968,7.187811818748712,0.7974285484754151,0.7911450862884521,27.0,Deep_Learning,VAEM
VAEM_ld64_lr1e-04_ep50_Constrained,True,MNAR,0.2,2,0.0,0.0,0.0,0.0,0.0,Deep_Learning,VAEM
VAEM_ld64_lr1e-04_ep200,False,MNAR,0.2,2,3.368918665270256,7.150646429701196,0.7995179696060329,2.7242119312286377,9.0,Deep_Learning,VAEM
VAEM_ld64_lr1e-04_ep200_Constrained,True,MNAR,0.2,2,0.0,0.0,0.0,0.0,0.0,Deep_Learning,VAEM
VAEM_ld64_lr1e-03_ep50,False,MNAR,0.2,2,3.348524933809888,7.101876265856479,0.8022433730407966,0.7942671775817871,13.0,Deep_Learning,VAEM
VAEM_ld64_lr1e-03_ep50_Constrained,True,MNAR,0.2,2,0.0,0.0,0.0,0.0,0.0,Deep_Learning,VAEM
VAEM_ld64_lr1e-03_ep200,False,MNAR,0.2,2,3.341793064629783,7.142934245681667,0.7999501880186153,3.1900601387023926,8.0,Deep_Learning,VAEM
VAEM_ld64_lr1e-03_ep200_Constrained,True,MNAR,0.2,2,0.0,0.0,0.0,0.0,0.0,Deep_Learning,VAEM
VaDER_ld16_lr1e-04_ep50,False,MNAR,0.2,2,3.4522339241326545,7.216787589620009,0.795792029569473,0.601891279220581,17.0,Deep_Learning,VaDER
VaDER_ld16_lr1e-04_ep50_Constrained,True,MNAR,0.2,2,0.0,0.0,0.0,0.0,0.0,Deep_Learning,VaDER
VaDER_ld16_lr1e-04_ep200,False,MNAR,0.2,2,3.367285942835617,7.1900011369251375,0.7973051281874842,3.027685642242432,11.0,Deep_Learning,VaDER
VaDER_ld16_lr1e-04_ep200_Constrained,True,MNAR,0.2,2,0.0,0.0,0.0,0.0,0.0,Deep_Learning,VaDER
VaDER_ld16_lr1e-03_ep50,False,MNAR,0.2,2,3.363828530611052,7.19426946761509,0.7970643978931566,0.6146466732025146,10.0,Deep_Learning,VaDER
VaDER_ld16_lr1e-03_ep50_Constrained,True,MNAR,0.2,2,0.0,0.0,0.0,0.0,0.0,Deep_Learning,VaDER
VaDER_ld16_lr1e-03_ep200,False,MNAR,0.2,2,3.352264747001049,7.201198683118455,0.7966732916897239,3.4340474605560303,8.0,Deep_Learning,VaDER
VaDER_ld16_lr1e-03_ep200_Constrained,True,MNAR,0.2,2,0.0,0.0,0.0,0.0,0.0,Deep_Learning,VaDER
VaDER_ld32_lr1e-04_ep50,False,MNAR,0.2,2,3.445736332502909,7.22086452524605,0.7955612404819276,0.8793454170227051,22.0,Deep_Learning,VaDER
VaDER_ld32_lr1e-04_ep50_Constrained,True,MNAR,0.2,2,0.0,0.0,0.0,0.0,0.0,Deep_Learning,VaDER
VaDER_ld32_lr1e-04_ep200,False,MNAR,0.2,2,3.370440693759409,7.182190786208533,0.7977452555679558,2.887939214706421,13.0,Deep_Learning,VaDER
VaDER_ld32_lr1e-04_ep200_Constrained,True,MNAR,0.2,2,0.0,0.0,0.0,0.0,0.0,Deep_Learning,VaDER
VaDER_ld32_lr1e-03_ep50,False,MNAR,0.2,2,3.36555252666673,7.231638119317343,0.7949507364890702,0.615241289138794,6.0,Deep_Learning,VaDER
VaDER_ld32_lr1e-03_ep50_Constrained,True,MNAR,0.2,2,0.0,0.0,0.0,0.0,0.0,Deep_Learning,VaDER
VaDER_ld32_lr1e-03_ep200,False,MNAR,0.2,2,3.354177519328485,7.222917539958794,0.795444973116476,2.927671432495117,10.0,Deep_Learning,VaDER
VaDER_ld32_lr1e-03_ep200_Constrained,True,MNAR,0.2,2,0.0,0.0,0.0,0.0,0.0,Deep_Learning,VaDER
VaDER_ld64_lr1e-04_ep50,False,MNAR,0.2,2,3.445979782162432,7.233919278112388,0.7948213539903812,0.8119571208953857,17.0,Deep_Learning,VaDER
VaDER_ld64_lr1e-04_ep50_Constrained,True,MNAR,0.2,2,0.0,0.0,0.0,0.0,0.0,Deep_Learning,VaDER
VaDER_ld64_lr1e-04_ep200,False,MNAR,0.2,2,3.3669265906549746,7.208798288756294,0.7962439136896243,3.0057528018951416,8.0,Deep_Learning,VaDER
VaDER_ld64_lr1e-04_ep200_Constrained,True,MNAR,0.2,2,0.0,0.0,0.0,0.0,0.0,Deep_Learning,VaDER
VaDER_ld64_lr1e-03_ep50,False,MNAR,0.2,2,3.3687419524218027,7.275449664024279,0.792458704299215,0.6315276622772217,12.0,Deep_Learning,VaDER
VaDER_ld64_lr1e-03_ep50_Constrained,True,MNAR,0.2,2,0.0,0.0,0.0,0.0,0.0,Deep_Learning,VaDER
VaDER_ld64_lr1e-03_ep200,False,MNAR,0.2,2,3.35676202111694,7.217296371065346,0.7957632353483831,2.177844762802124,13.0,Deep_Learning,VaDER
VaDER_ld64_lr1e-03_ep200_Constrained,True,MNAR,0.2,2,0.0,0.0,0.0,0.0,0.0,Deep_Learning,VaDER
GAIN,False,MNAR,0.2,3,5.243613497896587,10.844518982028124,0.519050218680815,3.858915328979492,1281.0,Deep_Learning,GAIN
GAIN_Constrained,True,MNAR,0.2,3,0.0,0.0,0.0,0.0,0.0,Deep_Learning,GAIN
VAEM_ld16_lr1e-04_ep50,False,MNAR,0.2,3,3.439788574541266,7.16558868021062,0.7900175999365898,0.6076536178588867,16.0,Deep_Learning,VAEM
VAEM_ld16_lr1e-04_ep50_Constrained,True,MNAR,0.2,3,0.0,0.0,0.0,0.0,0.0,Deep_Learning,VAEM
VAEM_ld16_lr1e-04_ep200,False,MNAR,0.2,3,3.36506781486346,7.07950515909174,0.7950325253988755,2.191234350204468,7.0,Deep_Learning,VAEM
VAEM_ld16_lr1e-04_ep200_Constrained,True,MNAR,0.2,3,0.0,0.0,0.0,0.0,0.0,Deep_Learning,VAEM
VAEM_ld16_lr1e-03_ep50,False,MNAR,0.2,3,3.3596238623444328,7.068071677643913,0.7956940404010269,0.5946662425994873,12.0,Deep_Learning,VAEM
VAEM_ld16_lr1e-03_ep50_Constrained,True,MNAR,0.2,3,0.0,0.0,0.0,0.0,0.0,Deep_Learning,VAEM
VAEM_ld16_lr1e-03_ep200,False,MNAR,0.2,3,3.354133202519568,7.129039218290519,0.792154247970434,2.198218822479248,12.0,Deep_Learning,VAEM
VAEM_ld16_lr1e-03_ep200_Constrained,True,MNAR,0.2,3,0.0,0.0,0.0,0.0,0.0,Deep_Learning,VAEM
VAEM_ld32_lr1e-04_ep50,False,MNAR,0.2,3,3.434020364947864,7.175159211720944,0.7894563103259528,0.5843279361724854,13.0,Deep_Learning,VAEM
VAEM_ld32_lr1e-04_ep50_Constrained,True,MNAR,0.2,3,0.0,0.0,0.0,0.0,0.0,Deep_Learning,VAEM
VAEM_ld32_lr1e-04_ep200,False,MNAR,0.2,3,3.3566041944845315,7.088413944056716,0.7945163424078616,2.154096841812134,13.0,Deep_Learning,VAEM
VAEM_ld32_lr1e-04_ep200_Constrained,True,MNAR,0.2,3,0.0,0.0,0.0,0.0,0.0,Deep_Learning,VAEM
VAEM_ld32_lr1e-03_ep50,False,MNAR,0.2,3,3.349446283224648,7.074705780225644,0.7953103366583751,0.5961205959320068,17.0,Deep_Learning,VAEM
VAEM_ld32_lr1e-03_ep50_Constrained,True,MNAR,0.2,3,0.0,0.0,0.0,0.0,0.0,Deep_Learning,VAEM
VAEM_ld32_lr1e-03_ep200,False,MNAR,0.2,3,3.342501058856377,7.052550447921797,0.7965903521784984,2.1342110633850098,9.0,Deep_Learning,VAEM
VAEM_ld32_lr1e-03_ep200_Constrained,True,MNAR,0.2,3,0.0,0.0,0.0,0.0,0.0,Deep_Learning,VAEM
VAEM_ld64_lr1e-04_ep50,False,MNAR,0.2,3,3.4333378785890534,7.183799928180219,0.7889489086948881,0.5836079120635986,23.0,Deep_Learning,VAEM
VAEM_ld64_lr1e-04_ep50_Constrained,True,MNAR,0.2,3,0.0,0.0,0.0,0.0,0.0,Deep_Learning,VAEM
VAEM_ld64_lr1e-04_ep200,False,MNAR,0.2,3,3.3624916949176256,7.101408087461868,0.7937622861490481,2.1593823432922363,11.0,Deep_Learning,VAEM
VAEM_ld64_lr1e-04_ep200_Constrained,True,MNAR,0.2,3,0.0,0.0,0.0,0.0,0.0,Deep_Learning,VAEM
VAEM_ld64_lr1e-03_ep50,False,MNAR,0.2,3,3.3426629272142443,7.080963788568847,0.7949480555403287,0.5895931720733643,13.0,Deep_Learning,VAEM
VAEM_ld64_lr1e-03_ep50_Constrained,True,MNAR,0.2,3,0.0,0.0,0.0,0.0,0.0,Deep_Learning,VAEM
VAEM_ld64_lr1e-03_ep200,False,MNAR,0.2,3,3.342002004876172,7.093951811402179,0.7941951462254112,2.154519557952881,13.0,Deep_Learning,VAEM
VAEM_ld64_lr1e-03_ep200_Constrained,True,MNAR,0.2,3,0.0,0.0,0.0,0.0,0.0,Deep_Learning,VAEM
VaDER_ld16_lr1e-04_ep50,False,MNAR,0.2,3,3.439366083655834,7.1571657953925945,0.790510962911388,0.6292102336883545,29.0,Deep_Learning,VaDER
VaDER_ld16_lr1e-04_ep50_Constrained,True,MNAR,0.2,3,0.0,0.0,0.0,0.0,0.0,Deep_Learning,VaDER
VaDER_ld16_lr1e-04_ep200,False,MNAR,0.2,3,3.367554685458003,7.112191892654784,0.7931354482192798,2.220099210739136,12.0,Deep_Learning,VaDER
VaDER_ld16_lr1e-04_ep200_Constrained,True,MNAR,0.2,3,0.0,0.0,0.0,0.0,0.0,Deep_Learning,VaDER
VaDER_ld16_lr1e-03_ep50,False,MNAR,0.2,3,3.362823806516054,7.125954781475175,0.7923340613741969,0.4660153388977051,22.0,Deep_Learning,VaDER
VaDER_ld16_lr1e-03_ep50_Constrained,True,MNAR,0.2,3,0.0,0.0,0.0,0.0,0.0,Deep_Learning,VaDER
VaDER_ld16_lr1e-03_ep200,False,MNAR,0.2,3,3.3537636290577386,7.105429369848404,0.7935286494141162,2.1489272117614746,9.0,Deep_Learning,VaDER
VaDER_ld16_lr1e-03_ep200_Constrained,True,MNAR,0.2,3,0.0,0.0,0.0,0.0,0.0,Deep_Learning,VaDER
VaDER_ld32_lr1e-04_ep50,False,MNAR,0.2,3,3.441185163442157,7.163456549434596,0.7901425424498214,0.5926344394683838,17.0,Deep_Learning,VaDER
VaDER_ld32_lr1e-04_ep50_Constrained,True,MNAR,0.2,3,0.0,0.0,0.0,0.0,0.0,Deep_Learning,VaDER
VaDER_ld32_lr1e-04_ep200,False,MNAR,0.2,3,3.359223284097913,7.079178551265614,0.795051437013627,2.175895929336548,13.0,Deep_Learning,VaDER
VaDER_ld32_lr1e-04_ep200_Constrained,True,MNAR,0.2,3,0.0,0.0,0.0,0.0,0.0,Deep_Learning,VaDER
VaDER_ld32_lr1e-03_ep50,False,MNAR,0.2,3,3.354618874847029,7.099347291086062,0.7938819672769225,0.5881097316741943,9.0,Deep_Learning,VaDER
VaDER_ld32_lr1e-03_ep50_Constrained,True,MNAR,0.2,3,0.0,0.0,0.0,0.0,0.0,Deep_Learning,VaDER
VaDER_ld32_lr1e-03_ep200,False,MNAR,0.2,3,3.3551160932934363,7.157812962094644,0.7904730762778829,3.496960401535034,17.0,Deep_Learning,VaDER
VaDER_ld32_lr1e-03_ep200_Constrained,True,MNAR,0.2,3,0.0,0.0,0.0,0.0,0.0,Deep_Learning,VaDER
VaDER_ld64_lr1e-04_ep50,False,MNAR,0.2,3,3.441089252727465,7.176161357367605,0.7893974934633441,0.6052207946777344,23.0,Deep_Learning,VaDER
VaDER_ld64_lr1e-04_ep50_Constrained,True,MNAR,0.2,3,0.0,0.0,0.0,0.0,0.0,Deep_Learning,VaDER
VaDER_ld64_lr1e-04_ep200,False,MNAR,0.2,3,3.3692482518967224,7.122195750629513,0.7925530963803619,2.296135663986206,16.0,Deep_Learning,VaDER
VaDER_ld64_lr1e-04_ep200_Constrained,True,MNAR,0.2,3,0.0,0.0,0.0,0.0,0.0,Deep_Learning,VaDER
VaDER_ld64_lr1e-03_ep50,False,MNAR,0.2,3,3.3604134785607016,7.1473054929451045,0.7910877840822799,0.6191856861114502,12.0,Deep_Learning,VaDER
VaDER_ld64_lr1e-03_ep50_Constrained,True,MNAR,0.2,3,0.0,0.0,0.0,0.0,0.0,Deep_Learning,VaDER
VaDER_ld64_lr1e-03_ep200,False,MNAR,0.2,3,3.3575976792748707,7.129585107779541,0.7921224161479696,2.1713342666625977,19.0,Deep_Learning,VaDER
VaDER_ld64_lr1e-03_ep200_Constrained,True,MNAR,0.2,3,0.0,0.0,0.0,0.0,0.0,Deep_Learning,VaDER
GAIN,False,MNAR,0.2,4,5.176703156393113,10.555471744386434,0.5393111618436303,3.878052234649658,1328.0,Deep_Learning,GAIN
GAIN_Constrained,True,MNAR,0.2,4,0.0,0.0,0.0,0.0,0.0,Deep_Learning,GAIN
VAEM_ld16_lr1e-04_ep50,False,MNAR,0.2,4,3.3839194450291328,6.91993910670533,0.8020037610823686,0.6068146228790283,20.0,Deep_Learning,VAEM
VAEM_ld16_lr1e-04_ep50_Constrained,True,MNAR,0.2,4,0.0,0.0,0.0,0.0,0.0,Deep_Learning,VAEM
VAEM_ld16_lr1e-04_ep200,False,MNAR,0.2,4,3.3102803835033137,6.802022555357753,0.8086940267792707,2.1747026443481445,9.0,Deep_Learning,VAEM
VAEM_ld16_lr1e-04_ep200_Constrained,True,MNAR,0.2,4,0.0,0.0,0.0,0.0,0.0,Deep_Learning,VAEM
VAEM_ld16_lr1e-03_ep50,False,MNAR,0.2,4,3.3066211413568234,6.812276219164237,0.8081168262162437,0.6018705368041992,12.0,Deep_Learning,VAEM
VAEM_ld16_lr1e-03_ep50_Constrained,True,MNAR,0.2,4,0.0,0.0,0.0,0.0,0.0,Deep_Learning,VAEM
VAEM_ld16_lr1e-03_ep200,False,MNAR,0.2,4,3.295133181527466,6.817018783298227,0.8078495631175528,3.084000825881958,15.0,Deep_Learning,VAEM
VAEM_ld16_lr1e-03_ep200_Constrained,True,MNAR,0.2,4,0.0,0.0,0.0,0.0,0.0,Deep_Learning,VAEM
VAEM_ld32_lr1e-04_ep50,False,MNAR,0.2,4,3.37325520983632,6.9102506290169545,0.8025577946477078,0.7989010810852051,16.0,Deep_Learning,VAEM
VAEM_ld32_lr1e-04_ep50_Constrained,True,MNAR,0.2,4,0.0,0.0,0.0,0.0,0.0,Deep_Learning,VAEM
VAEM_ld32_lr1e-04_ep200,False,MNAR,0.2,4,3.3078830031732416,6.818057191009112,0.807791019728288,2.977639675140381,12.0,Deep_Learning,VAEM
VAEM_ld32_lr1e-04_ep200_Constrained,True,MNAR,0.2,4,0.0,0.0,0.0,0.0,0.0,Deep_Learning,VAEM
VAEM_ld32_lr1e-03_ep50,False,MNAR,0.2,4,3.2924265438750093,6.784551477603208,0.8096755081281211,0.7948033809661865,10.0,Deep_Learning,VAEM
VAEM_ld32_lr1e-03_ep50_Constrained,True,MNAR,0.2,4,0.0,0.0,0.0,0.0,0.0,Deep_Learning,VAEM
VAEM_ld32_lr1e-03_ep200,False,MNAR,0.2,4,3.2807871458876825,6.794965363229456,0.8090907860174137,3.668363571166992,7.0,Deep_Learning,VAEM
VAEM_ld32_lr1e-03_ep200_Constrained,True,MNAR,0.2,4,0.0,0.0,0.0,0.0,0.0,Deep_Learning,VAEM
VAEM_ld64_lr1e-04_ep50,False,MNAR,0.2,4,3.376774354711558,6.9014894100919095,0.8030581347616814,0.7684094905853271,20.0,Deep_Learning,VAEM
VAEM_ld64_lr1e-04_ep50_Constrained,True,MNAR,0.2,4,0.0,0.0,0.0,0.0,0.0,Deep_Learning,VAEM
VAEM_ld64_lr1e-04_ep200,False,MNAR,0.2,4,3.2972888569575165,6.80387036589775,0.8085900738136259,3.521185398101806,9.0,Deep_Learning,VAEM
VAEM_ld64_lr1e-04_ep200_Constrained,True,MNAR,0.2,4,0.0,0.0,0.0,0.0,0.0,Deep_Learning,VAEM
VAEM_ld64_lr1e-03_ep50,False,MNAR,0.2,4,3.2941364183334745,6.793614699828844,0.8091666741042607,0.9644246101379396,17.0,Deep_Learning,VAEM
VAEM_ld64_lr1e-03_ep50_Constrained,True,MNAR,0.2,4,0.0,0.0,0.0,0.0,0.0,Deep_Learning,VAEM
VAEM_ld64_lr1e-03_ep200,False,MNAR,0.2,4,3.2886094676680804,6.818615234219875,0.8077595546633817,3.931039094924927,12.0,Deep_Learning,VAEM
VAEM_ld64_lr1e-03_ep200_Constrained,True,MNAR,0.2,4,0.0,0.0,0.0,0.0,0.0,Deep_Learning,VAEM
VaDER_ld16_lr1e-04_ep50,False,MNAR,0.2,4,3.390981047582758,6.928897507295953,0.8014907861235074,1.054187297821045,20.0,Deep_Learning,VaDER
VaDER_ld16_lr1e-04_ep50_Constrained,True,MNAR,0.2,4,0.0,0.0,0.0,0.0,0.0,Deep_Learning,VaDER
VaDER_ld16_lr1e-04_ep200,False,MNAR,0.2,4,3.303754521792422,6.81283225549513,0.808085500895072,3.306471347808838,9.0,Deep_Learning,VaDER
VaDER_ld16_lr1e-04_ep200_Constrained,True,MNAR,0.2,4,0.0,0.0,0.0,0.0,0.0,Deep_Learning,VaDER
VaDER_ld16_lr1e-03_ep50,False,MNAR,0.2,4,3.30713934707467,6.854337617983348,0.8057400021844917,1.0079679489135742,22.0,Deep_Learning,VaDER
VaDER_ld16_lr1e-03_ep50_Constrained,True,MNAR,0.2,4,0.0,0.0,0.0,0.0,0.0,Deep_Learning,VaDER
VaDER_ld16_lr1e-03_ep200,False,MNAR,0.2,4,3.289347239388043,6.81445955377844,0.8079938093867165,3.628906726837158,7.0,Deep_Learning,VaDER
VaDER_ld16_lr1e-03_ep200_Constrained,True,MNAR,0.2,4,0.0,0.0,0.0,0.0,0.0,Deep_Learning,VaDER
VaDER_ld32_lr1e-04_ep50,False,MNAR,0.2,4,3.3897303239860075,6.933137062438434,0.8012477898234703,0.9287338256835938,24.0,Deep_Learning,VaDER
VaDER_ld32_lr1e-04_ep50_Constrained,True,MNAR,0.2,4,0.0,0.0,0.0,0.0,0.0,Deep_Learning,VaDER
VaDER_ld32_lr1e-04_ep200,False,MNAR,0.2,4,3.309495777745933,6.844747699658191,0.8062832010745188,2.8086483478546143,15.0,Deep_Learning,VaDER
VaDER_ld32_lr1e-04_ep200_Constrained,True,MNAR,0.2,4,0.0,0.0,0.0,0.0,0.0,Deep_Learning,VaDER
VaDER_ld32_lr1e-03_ep50,False,MNAR,0.2,4,3.295071042117918,6.835519098782047,0.8068052158863527,0.8134493827819824,13.0,Deep_Learning,VaDER
VaDER_ld32_lr1e-03_ep50_Constrained,True,MNAR,0.2,4,0.0,0.0,0.0,0.0,0.0,Deep_Learning,VaDER
VaDER_ld32_lr1e-03_ep200,False,MNAR,0.2,4,3.293186147214774,6.824532143346004,0.8074257734686805,3.7653417587280273,9.0,Deep_Learning,VaDER
VaDER_ld32_lr1e-03_ep200_Constrained,True,MNAR,0.2,4,0.0,0.0,0.0,0.0,0.0,Deep_Learning,VaDER
VaDER_ld64_lr1e-04_ep50,False,MNAR,0.2,4,3.388620190366671,6.9169565617938735,0.8021743999864956,0.7100534439086914,26.0,Deep_Learning,VaDER
VaDER_ld64_lr1e-04_ep50_Constrained,True,MNAR,0.2,4,0.0,0.0,0.0,0.0,0.0,Deep_Learning,VaDER
VaDER_ld64_lr1e-04_ep200,False,MNAR,0.2,4,3.3037785716584214,6.812696440992451,0.8080931524888508,2.967470645904541,12.0,Deep_Learning,VaDER
VaDER_ld64_lr1e-04_ep200_Constrained,True,MNAR,0.2,4,0.0,0.0,0.0,0.0,0.0,Deep_Learning,VaDER
VaDER_ld64_lr1e-03_ep50,False,MNAR,0.2,4,3.295973014257374,6.826201172115188,0.8073315688491458,0.7979729175567627,10.0,Deep_Learning,VaDER
VaDER_ld64_lr1e-03_ep50_Constrained,True,MNAR,0.2,4,0.0,0.0,0.0,0.0,0.0,Deep_Learning,VaDER
VaDER_ld64_lr1e-03_ep200,False,MNAR,0.2,4,3.2953139354509786,6.836667840565141,0.8067402758091302,2.502084255218506,16.0,Deep_Learning,VaDER
VaDER_ld64_lr1e-03_ep200_Constrained,True,MNAR,0.2,4,0.0,0.0,0.0,0.0,0.0,Deep_Learning,VaDER
GAIN,False,MNAR,0.2,5,5.347662961727853,10.85151308835011,0.5442146423699347,4.586660385131836,1317.0,Deep_Learning,GAIN
GAIN_Constrained,True,MNAR,0.2,5,0.0,0.0,0.0,0.0,0.0,Deep_Learning,GAIN
VAEM_ld16_lr1e-04_ep50,False,MNAR,0.2,5,3.5158450182548058,7.153039400999622,0.8019563114134707,0.7971665859222412,17.0,Deep_Learning,VAEM
VAEM_ld16_lr1e-04_ep50_Constrained,True,MNAR,0.2,5,0.0,0.0,0.0,0.0,0.0,Deep_Learning,VAEM
VAEM_ld16_lr1e-04_ep200,False,MNAR,0.2,5,3.439432039626639,7.042138853734378,0.8080496359791675,2.103013038635254,16.0,Deep_Learning,VAEM
VAEM_ld16_lr1e-04_ep200_Constrained,True,MNAR,0.2,5,0.0,0.0,0.0,0.0,0.0,Deep_Learning,VAEM
VAEM_ld16_lr1e-03_ep50,False,MNAR,0.2,5,3.432107558319593,7.029437317659834,0.8087414331218512,0.5694332122802734,9.0,Deep_Learning,VAEM
VAEM_ld16_lr1e-03_ep50_Constrained,True,MNAR,0.2,5,0.0,0.0,0.0,0.0,0.0,Deep_Learning,VAEM
VAEM_ld16_lr1e-03_ep200,False,MNAR,0.2,5,3.4111580117639244,6.9977723693657055,0.810460646746737,3.321338415145874,12.0,Deep_Learning,VAEM
VAEM_ld16_lr1e-03_ep200_Constrained,True,MNAR,0.2,5,0.0,0.0,0.0,0.0,0.0,Deep_Learning,VAEM
VAEM_ld32_lr1e-04_ep50,False,MNAR,0.2,5,3.5045404544499417,7.123905704700704,0.8035662549702542,0.5728724002838135,19.0,Deep_Learning,VAEM
VAEM_ld32_lr1e-04_ep50_Constrained,True,MNAR,0.2,5,0.0,0.0,0.0,0.0,0.0,Deep_Learning,VAEM
VAEM_ld32_lr1e-04_ep200,False,MNAR,0.2,5,3.4419333079493573,7.087887921010921,0.8055475340316156,2.0022101402282715,11.0,Deep_Learning,VAEM
VAEM_ld32_lr1e-04_ep200_Constrained,True,MNAR,0.2,5,0.0,0.0,0.0,0.0,0.0,Deep_Learning,VAEM
VAEM_ld32_lr1e-03_ep50,False,MNAR,0.2,5,3.42628037277853,7.051740311074317,0.8075258577146387,0.7531073093414307,22.0,Deep_Learning,VAEM
VAEM_ld32_lr1e-03_ep50_Constrained,True,MNAR,0.2,5,0.0,0.0,0.0,0.0,0.0,Deep_Learning,VAEM
VAEM_ld32_lr1e-03_ep200,False,MNAR,0.2,5,3.4147054372453125,7.043119807623447,0.8079961557583141,2.160092830657959,12.0,Deep_Learning,VAEM
VAEM_ld32_lr1e-03_ep200_Constrained,True,MNAR,0.2,5,0.0,0.0,0.0,0.0,0.0,Deep_Learning,VAEM
VAEM_ld64_lr1e-04_ep50,False,MNAR,0.2,5,3.50780462083392,7.126169660089635,0.8034413830477577,0.588536262512207,26.0,Deep_Learning,VAEM
VAEM_ld64_lr1e-04_ep50_Constrained,True,MNAR,0.2,5,0.0,0.0,0.0,0.0,0.0,Deep_Learning,VAEM
VAEM_ld64_lr1e-04_ep200,False,MNAR,0.2,5,3.4261497595905506,7.022901030139797,0.8090969494222071,2.1100776195526123,16.0,Deep_Learning,VAEM
VAEM_ld64_lr1e-04_ep200_Constrained,True,MNAR,0.2,5,0.0,0.0,0.0,0.0,0.0,Deep_Learning,VAEM
VAEM_ld64_lr1e-03_ep50,False,MNAR,0.2,5,3.424779166825847,7.046758973736711,0.8077976884824816,0.5845205783843994,13.0,Deep_Learning,VAEM
VAEM_ld64_lr1e-03_ep50_Constrained,True,MNAR,0.2,5,0.0,0.0,0.0,0.0,0.0,Deep_Learning,VAEM
VAEM_ld64_lr1e-03_ep200,False,MNAR,0.2,5,3.423829606696478,7.095614786268423,0.805123337994579,2.114403009414673,11.0,Deep_Learning,VAEM
VAEM_ld64_lr1e-03_ep200_Constrained,True,MNAR,0.2,5,0.0,0.0,0.0,0.0,0.0,Deep_Learning,VAEM
VaDER_ld16_lr1e-04_ep50,False,MNAR,0.2,5,3.514608928628756,7.136391656296305,0.8028770791994941,0.5936019420623779,21.0,Deep_Learning,VaDER
VaDER_ld16_lr1e-04_ep50_Constrained,True,MNAR,0.2,5,0.0,0.0,0.0,0.0,0.0,Deep_Learning,VaDER
VaDER_ld16_lr1e-04_ep200,False,MNAR,0.2,5,3.438278671804076,7.082934440370741,0.8058192313149023,2.138218879699707,13.0,Deep_Learning,VaDER
VaDER_ld16_lr1e-04_ep200_Constrained,True,MNAR,0.2,5,0.0,0.0,0.0,0.0,0.0,Deep_Learning,VaDER
VaDER_ld16_lr1e-03_ep50,False,MNAR,0.2,5,3.4323019228072336,7.0681156472675895,0.8066309046421887,0.6127362251281738,19.0,Deep_Learning,VaDER
VaDER_ld16_lr1e-03_ep50_Constrained,True,MNAR,0.2,5,0.0,0.0,0.0,0.0,0.0,Deep_Learning,VaDER
VaDER_ld16_lr1e-03_ep200,False,MNAR,0.2,5,3.4290710925518044,7.102716661942329,0.8047330455470552,2.18506383895874,7.0,Deep_Learning,VaDER
VaDER_ld16_lr1e-03_ep200_Constrained,True,MNAR,0.2,5,0.0,0.0,0.0,0.0,0.0,Deep_Learning,VaDER
VaDER_ld32_lr1e-04_ep50,False,MNAR,0.2,5,3.5182615218928217,7.165625400853038,0.8012587699683397,0.6040172576904297,27.0,Deep_Learning,VaDER
VaDER_ld32_lr1e-04_ep50_Constrained,True,MNAR,0.2,5,0.0,0.0,0.0,0.0,0.0,Deep_Learning,VaDER
VaDER_ld32_lr1e-04_ep200,False,MNAR,0.2,5,3.4540028815484507,7.1240762973724845,0.8035568470527418,2.2720706462860107,14.0,Deep_Learning,VaDER
VaDER_ld32_lr1e-04_ep200_Constrained,True,MNAR,0.2,5,0.0,0.0,0.0,0.0,0.0,Deep_Learning,VaDER
VaDER_ld32_lr1e-03_ep50,False,MNAR,0.2,5,3.43491377280983,7.102251676297216,0.8047586113588637,0.6298778057098389,11.0,Deep_Learning,VaDER
VaDER_ld32_lr1e-03_ep50_Constrained,True,MNAR,0.2,5,0.0,0.0,0.0,0.0,0.0,Deep_Learning,VaDER
VaDER_ld32_lr1e-03_ep200,False,MNAR,0.2,5,3.441746323754295,7.150309848803549,0.802107426880822,2.2616963386535645,14.0,Deep_Learning,VaDER
VaDER_ld32_lr1e-03_ep200_Constrained,True,MNAR,0.2,5,0.0,0.0,0.0,0.0,0.0,Deep_Learning,VaDER
VaDER_ld64_lr1e-04_ep50,False,MNAR,0.2,5,3.517135470133981,7.161815366360626,0.8014700591694441,0.6036052703857422,27.0,Deep_Learning,VaDER
VaDER_ld64_lr1e-04_ep50_Constrained,True,MNAR,0.2,5,0.0,0.0,0.0,0.0,0.0,Deep_Learning,VaDER
VaDER_ld64_lr1e-04_ep200,False,MNAR,0.2,5,3.451464972062496,7.141176435208963,0.802612658233534,2.181720018386841,16.0,Deep_Learning,VaDER
VaDER_ld64_lr1e-04_ep200_Constrained,True,MNAR,0.2,5,0.0,0.0,0.0,0.0,0.0,Deep_Learning,VaDER
VaDER_ld64_lr1e-03_ep50,False,MNAR,0.2,5,3.4402424070504427,7.122032072187213,0.8036695680312762,0.6001253128051758,19.0,Deep_Learning,VaDER
VaDER_ld64_lr1e-03_ep50_Constrained,True,MNAR,0.2,5,0.0,0.0,0.0,0.0,0.0,Deep_Learning,VaDER
VaDER_ld64_lr1e-03_ep200,False,MNAR,0.2,5,3.4384676362519144,7.120548530686631,0.8037513519954778,2.167797565460205,9.0,Deep_Learning,VaDER
VaDER_ld64_lr1e-03_ep200_Constrained,True,MNAR,0.2,5,0.0,0.0,0.0,0.0,0.0,Deep_Learning,VaDER
GAIN,False,MNAR,0.3,1,5.792747117222234,11.860424007871222,0.4478359914689327,4.195876598358154,2159.0,Deep_Learning,GAIN
GAIN_Constrained,True,MNAR,0.3,1,0.0,0.0,0.0,0.0,0.0,Deep_Learning,GAIN
VAEM_ld16_lr1e-04_ep50,False,MNAR,0.3,1,3.929949948922893,8.108871611347423,0.7418996979580426,0.5646698474884033,17.0,Deep_Learning,VAEM
VAEM_ld16_lr1e-04_ep50_Constrained,True,MNAR,0.3,1,0.0,0.0,0.0,0.0,0.0,Deep_Learning,VAEM
VAEM_ld16_lr1e-04_ep200,False,MNAR,0.3,1,3.8668646717443806,8.06009863038295,0.7449951873935243,2.312222957611084,9.0,Deep_Learning,VAEM
VAEM_ld16_lr1e-04_ep200_Constrained,True,MNAR,0.3,1,0.0,0.0,0.0,0.0,0.0,Deep_Learning,VAEM
VAEM_ld16_lr1e-03_ep50,False,MNAR,0.3,1,3.858633559371394,8.022413844584186,0.7473741499816455,0.6759903430938721,7.0,Deep_Learning,VAEM
VAEM_ld16_lr1e-03_ep50_Constrained,True,MNAR,0.3,1,0.0,0.0,0.0,0.0,0.0,Deep_Learning,VAEM
VAEM_ld16_lr1e-03_ep200,False,MNAR,0.3,1,3.8475666753853215,8.020587502888276,0.7474891599062039,3.0633883476257324,7.0,Deep_Learning,VAEM
VAEM_ld16_lr1e-03_ep200_Constrained,True,MNAR,0.3,1,0.0,0.0,0.0,0.0,0.0,Deep_Learning,VAEM
VAEM_ld32_lr1e-04_ep50,False,MNAR,0.3,1,3.9207340306873735,8.097074811180446,0.7426501212161061,0.6643674373626709,15.0,Deep_Learning,VAEM
VAEM_ld32_lr1e-04_ep50_Constrained,True,MNAR,0.3,1,0.0,0.0,0.0,0.0,0.0,Deep_Learning,VAEM
VAEM_ld32_lr1e-04_ep200,False,MNAR,0.3,1,3.859766320911964,8.037055286527481,0.7464511903655029,2.212884426116944,8.0,Deep_Learning,VAEM
VAEM_ld32_lr1e-04_ep200_Constrained,True,MNAR,0.3,1,0.0,0.0,0.0,0.0,0.0,Deep_Learning,VAEM
VAEM_ld32_lr1e-03_ep50,False,MNAR,0.3,1,3.84706500262083,8.012496901652534,0.7479983331095712,0.953866481781006,7.0,Deep_Learning,VAEM
VAEM_ld32_lr1e-03_ep50_Constrained,True,MNAR,0.3,1,0.0,0.0,0.0,0.0,0.0,Deep_Learning,VAEM
VAEM_ld32_lr1e-03_ep200,False,MNAR,0.3,1,3.845699805252925,8.06038934135924,0.7449767920764601,2.929707765579224,9.0,Deep_Learning,VAEM
VAEM_ld32_lr1e-03_ep200_Constrained,True,MNAR,0.3,1,0.0,0.0,0.0,0.0,0.0,Deep_Learning,VAEM
VAEM_ld64_lr1e-04_ep50,False,MNAR,0.3,1,3.919906675130362,8.095067373213027,0.7427777104726734,0.6743569374084473,18.0,Deep_Learning,VAEM
VAEM_ld64_lr1e-04_ep50_Constrained,True,MNAR,0.3,1,0.0,0.0,0.0,0.0,0.0,Deep_Learning,VAEM
VAEM_ld64_lr1e-04_ep200,False,MNAR,0.3,1,3.8624856161598697,8.048460959182242,0.7457310393606511,2.5868661403656006,10.0,Deep_Learning,VAEM
VAEM_ld64_lr1e-04_ep200_Constrained,True,MNAR,0.3,1,0.0,0.0,0.0,0.0,0.0,Deep_Learning,VAEM
VAEM_ld64_lr1e-03_ep50,False,MNAR,0.3,1,3.854748266754939,8.08534956892579,0.7433949099094108,0.5902049541473389,11.0,Deep_Learning,VAEM
VAEM_ld64_lr1e-03_ep50_Constrained,True,MNAR,0.3,1,0.0,0.0,0.0,0.0,0.0,Deep_Learning,VAEM
VAEM_ld64_lr1e-03_ep200,False,MNAR,0.3,1,3.853612933087962,8.104384233355352,0.742185279775973,2.176131010055542,9.0,Deep_Learning,VAEM
VAEM_ld64_lr1e-03_ep200_Constrained,True,MNAR,0.3,1,0.0,0.0,0.0,0.0,0.0,Deep_Learning,VAEM
VaDER_ld16_lr1e-04_ep50,False,MNAR,0.3,1,3.9400287000498446,8.12921657805761,0.7406029381436161,0.8478693962097168,27.0,Deep_Learning,VaDER
VaDER_ld16_lr1e-04_ep50_Constrained,True,MNAR,0.3,1,0.0,0.0,0.0,0.0,0.0,Deep_Learning,VaDER
VaDER_ld16_lr1e-04_ep200,False,MNAR,0.3,1,3.869153703973028,8.099403420241186,0.7425020792518,2.3912787437438965,11.0,Deep_Learning,VaDER
VaDER_ld16_lr1e-04_ep200_Constrained,True,MNAR,0.3,1,0.0,0.0,0.0,0.0,0.0,Deep_Learning,VaDER
VaDER_ld16_lr1e-03_ep50,False,MNAR,0.3,1,3.86009406245323,8.09075406977466,0.7430517495022664,0.9506466388702391,13.0,Deep_Learning,VaDER
VaDER_ld16_lr1e-03_ep50_Constrained,True,MNAR,0.3,1,0.0,0.0,0.0,0.0,0.0,Deep_Learning,VaDER
VaDER_ld16_lr1e-03_ep200,False,MNAR,0.3,1,3.859877572274865,8.094689454157535,0.7428017268103064,2.2391104698181152,7.0,Deep_Learning,VaDER
VaDER_ld16_lr1e-03_ep200_Constrained,True,MNAR,0.3,1,0.0,0.0,0.0,0.0,0.0,Deep_Learning,VaDER
VaDER_ld32_lr1e-04_ep50,False,MNAR,0.3,1,3.9327671107092215,8.114762734174993,0.7415245402348749,1.0434346199035645,25.0,Deep_Learning,VaDER
VaDER_ld32_lr1e-04_ep50_Constrained,True,MNAR,0.3,1,0.0,0.0,0.0,0.0,0.0,Deep_Learning,VaDER
VaDER_ld32_lr1e-04_ep200,False,MNAR,0.3,1,3.868768832691511,8.097963955333615,0.7425935986548449,2.447360038757324,10.0,Deep_Learning,VaDER
VaDER_ld32_lr1e-04_ep200_Constrained,True,MNAR,0.3,1,0.0,0.0,0.0,0.0,0.0,Deep_Learning,VaDER
VaDER_ld32_lr1e-03_ep50,False,MNAR,0.3,1,3.859901412804904,8.117636059240102,0.7413414626690475,0.8556649684906006,7.0,Deep_Learning,VaDER
VaDER_ld32_lr1e-03_ep50_Constrained,True,MNAR,0.3,1,0.0,0.0,0.0,0.0,0.0,Deep_Learning,VaDER
VaDER_ld32_lr1e-03_ep200,False,MNAR,0.3,1,3.859058231532228,8.11772396479462,0.7413358606329126,2.467900276184082,9.0,Deep_Learning,VaDER
VaDER_ld32_lr1e-03_ep200_Constrained,True,MNAR,0.3,1,0.0,0.0,0.0,0.0,0.0,Deep_Learning,VaDER
VaDER_ld64_lr1e-04_ep50,False,MNAR,0.3,1,3.941681548456148,8.137504544195567,0.7400737432395332,0.7507903575897217,28.0,Deep_Learning,VaDER
VaDER_ld64_lr1e-04_ep50_Constrained,True,MNAR,0.3,1,0.0,0.0,0.0,0.0,0.0,Deep_Learning,VaDER
VaDER_ld64_lr1e-04_ep200,False,MNAR,0.3,1,3.869565177019778,8.079809716095133,0.7437464265428329,2.7093868255615234,8.0,Deep_Learning,VaDER
VaDER_ld64_lr1e-04_ep200_Constrained,True,MNAR,0.3,1,0.0,0.0,0.0,0.0,0.0,Deep_Learning,VaDER
VaDER_ld64_lr1e-03_ep50,False,MNAR,0.3,1,3.858476452899581,8.09331110821448,0.7428893096671857,0.7005128860473633,8.0,Deep_Learning,VaDER
VaDER_ld64_lr1e-03_ep50_Constrained,True,MNAR,0.3,1,0.0,0.0,0.0,0.0,0.0,Deep_Learning,VaDER
VaDER_ld64_lr1e-03_ep200,False,MNAR,0.3,1,3.859101446836788,8.095395347236812,0.7427568671777645,2.800823926925659,8.0,Deep_Learning,VaDER
VaDER_ld64_lr1e-03_ep200_Constrained,True,MNAR,0.3,1,0.0,0.0,0.0,0.0,0.0,Deep_Learning,VaDER
GAIN,False,MNAR,0.3,2,5.753155087677837,11.819117175157023,0.454733828870125,5.269885301589966,2022.0,Deep_Learning,GAIN
GAIN_Constrained,True,MNAR,0.3,2,0.0,0.0,0.0,0.0,0.0,Deep_Learning,GAIN
VAEM_ld16_lr1e-04_ep50,False,MNAR,0.3,2,3.8563454934182926,7.948159322966593,0.7534121885975897,0.6575965881347656,10.0,Deep_Learning,VAEM
VAEM_ld16_lr1e-04_ep50_Constrained,True,MNAR,0.3,2,0.0,0.0,0.0,0.0,0.0,Deep_Learning,VAEM
VAEM_ld16_lr1e-04_ep200,False,MNAR,0.3,2,3.785370035822869,7.832182715796699,0.7605559228395328,2.512791633605957,5.0,Deep_Learning,VAEM
VAEM_ld16_lr1e-04_ep200_Constrained,True,MNAR,0.3,2,0.0,0.0,0.0,0.0,0.0,Deep_Learning,VAEM
VAEM_ld16_lr1e-03_ep50,False,MNAR,0.3,2,3.7804174147129137,7.843287791668061,0.759876436714095,0.8263382911682129,4.0,Deep_Learning,VAEM
VAEM_ld16_lr1e-03_ep50_Constrained,True,MNAR,0.3,2,0.0,0.0,0.0,0.0,0.0,Deep_Learning,VAEM
VAEM_ld16_lr1e-03_ep200,False,MNAR,0.3,2,3.768941808460044,7.829776941629758,0.7607029980355912,2.420573234558105,7.0,Deep_Learning,VAEM
VAEM_ld16_lr1e-03_ep200_Constrained,True,MNAR,0.3,2,0.0,0.0,0.0,0.0,0.0,Deep_Learning,VAEM
VAEM_ld32_lr1e-04_ep50,False,MNAR,0.3,2,3.849099509148764,7.945683402111889,0.753565793171167,0.6294474601745605,8.0,Deep_Learning,VAEM
VAEM_ld32_lr1e-04_ep50_Constrained,True,MNAR,0.3,2,0.0,0.0,0.0,0.0,0.0,Deep_Learning,VAEM
VAEM_ld32_lr1e-04_ep200,False,MNAR,0.3,2,3.778286051125888,7.850259383172353,0.7594493741265445,2.797694206237793,6.0,Deep_Learning,VAEM
VAEM_ld32_lr1e-04_ep200_Constrained,True,MNAR,0.3,2,0.0,0.0,0.0,0.0,0.0,Deep_Learning,VAEM
VAEM_ld32_lr1e-03_ep50,False,MNAR,0.3,2,3.774709444880264,7.860117512109896,0.7588448417347544,0.6126730442047119,7.0,Deep_Learning,VAEM
VAEM_ld32_lr1e-03_ep50_Constrained,True,MNAR,0.3,2,0.0,0.0,0.0,0.0,0.0,Deep_Learning,VAEM
VAEM_ld32_lr1e-03_ep200,False,MNAR,0.3,2,3.7653725669775,7.8383332421374545,0.7601797096158472,2.2922492027282715,5.0,Deep_Learning,VAEM
VAEM_ld32_lr1e-03_ep200_Constrained,True,MNAR,0.3,2,0.0,0.0,0.0,0.0,0.0,Deep_Learning,VAEM
VAEM_ld64_lr1e-04_ep50,False,MNAR,0.3,2,3.849934059924628,7.94035791213302,0.7538960210518463,0.6431362628936768,12.0,Deep_Learning,VAEM
VAEM_ld64_lr1e-04_ep50_Constrained,True,MNAR,0.3,2,0.0,0.0,0.0,0.0,0.0,Deep_Learning,VAEM
VAEM_ld64_lr1e-04_ep200,False,MNAR,0.3,2,3.7765802845597625,7.849850304542849,0.7594744437584193,2.321270227432251,5.0,Deep_Learning,VAEM
VAEM_ld64_lr1e-04_ep200_Constrained,True,MNAR,0.3,2,0.0,0.0,0.0,0.0,0.0,Deep_Learning,VAEM
VAEM_ld64_lr1e-03_ep50,False,MNAR,0.3,2,3.7781716928711657,7.890904959997646,0.7569519711656709,0.6083295345306396,9.0,Deep_Learning,VAEM
VAEM_ld64_lr1e-03_ep50_Constrained,True,MNAR,0.3,2,0.0,0.0,0.0,0.0,0.0,Deep_Learning,VAEM
VAEM_ld64_lr1e-03_ep200,False,MNAR,0.3,2,3.774223688229396,7.927841575631345,0.7546712738815634,2.4593944549560547,8.0,Deep_Learning,VAEM
VAEM_ld64_lr1e-03_ep200_Constrained,True,MNAR,0.3,2,0.0,0.0,0.0,0.0,0.0,Deep_Learning,VAEM
VaDER_ld16_lr1e-04_ep50,False,MNAR,0.3,2,3.858391276577537,7.944273707863949,0.7536532283354789,0.7650973796844482,12.0,Deep_Learning,VaDER
VaDER_ld16_lr1e-04_ep50_Constrained,True,MNAR,0.3,2,0.0,0.0,0.0,0.0,0.0,Deep_Learning,VaDER
VaDER_ld16_lr1e-04_ep200,False,MNAR,0.3,2,3.793153100383887,7.895961704796371,0.7566403654212391,3.8113667964935294,12.0,Deep_Learning,VaDER
VaDER_ld16_lr1e-04_ep200_Constrained,True,MNAR,0.3,2,0.0,0.0,0.0,0.0,0.0,Deep_Learning,VaDER
VaDER_ld16_lr1e-03_ep50,False,MNAR,0.3,2,3.786993434292159,7.918020839492387,0.7552787069084171,0.616671085357666,10.0,Deep_Learning,VaDER
VaDER_ld16_lr1e-03_ep50_Constrained,True,MNAR,0.3,2,0.0,0.0,0.0,0.0,0.0,Deep_Learning,VaDER
VaDER_ld16_lr1e-03_ep200,False,MNAR,0.3,2,3.777692137228229,7.902348671218298,0.7562465037198389,2.2000551223754883,6.0,Deep_Learning,VaDER
VaDER_ld16_lr1e-03_ep200_Constrained,True,MNAR,0.3,2,0.0,0.0,0.0,0.0,0.0,Deep_Learning,VaDER
VaDER_ld32_lr1e-04_ep50,False,MNAR,0.3,2,3.8514535105268615,7.925649708103298,0.7548069107326707,0.4934530258178711,19.0,Deep_Learning,VaDER
VaDER_ld32_lr1e-04_ep50_Constrained,True,MNAR,0.3,2,0.0,0.0,0.0,0.0,0.0,Deep_Learning,VaDER
VaDER_ld32_lr1e-04_ep200,False,MNAR,0.3,2,3.796092726604845,7.914072313629951,0.7555227192549631,1.6450562477111816,3.0,Deep_Learning,VaDER
VaDER_ld32_lr1e-04_ep200_Constrained,True,MNAR,0.3,2,0.0,0.0,0.0,0.0,0.0,Deep_Learning,VaDER
VaDER_ld32_lr1e-03_ep50,False,MNAR,0.3,2,3.781652655718021,7.934861548872433,0.7542366124250884,0.3911654949188232,4.0,Deep_Learning,VaDER
VaDER_ld32_lr1e-03_ep50_Constrained,True,MNAR,0.3,2,0.0,0.0,0.0,0.0,0.0,Deep_Learning,VaDER
VaDER_ld32_lr1e-03_ep200,False,MNAR,0.3,2,3.785500343369761,7.923264034630714,0.7549544980304295,1.4496965408325195,8.0,Deep_Learning,VaDER
VaDER_ld32_lr1e-03_ep200_Constrained,True,MNAR,0.3,2,0.0,0.0,0.0,0.0,0.0,Deep_Learning,VaDER
VaDER_ld64_lr1e-04_ep50,False,MNAR,0.3,2,3.864003149343529,7.968545968787466,0.7521455945843433,0.3870129585266113,15.0,Deep_Learning,VaDER
VaDER_ld64_lr1e-04_ep50_Constrained,True,MNAR,0.3,2,0.0,0.0,0.0,0.0,0.0,Deep_Learning,VaDER
VaDER_ld64_lr1e-04_ep200,False,MNAR,0.3,2,3.792409366045858,7.918979638327502,0.7552194363654943,1.4751276969909668,3.0,Deep_Learning,VaDER
VaDER_ld64_lr1e-04_ep200_Constrained,True,MNAR,0.3,2,0.0,0.0,0.0,0.0,0.0,Deep_Learning,VaDER
VaDER_ld64_lr1e-03_ep50,False,MNAR,0.3,2,3.7862314087079874,7.929957593059997,0.754540295194789,0.4388422966003418,8.0,Deep_Learning,VaDER
VaDER_ld64_lr1e-03_ep50_Constrained,True,MNAR,0.3,2,0.0,0.0,0.0,0.0,0.0,Deep_Learning,VaDER
VaDER_ld64_lr1e-03_ep200,False,MNAR,0.3,2,3.784546487745105,7.947816998662176,0.7534334290332095,1.7673802375793457,9.0,Deep_Learning,VaDER
VaDER_ld64_lr1e-03_ep200_Constrained,True,MNAR,0.3,2,0.0,0.0,0.0,0.0,0.0,Deep_Learning,VaDER
GAIN,False,MNAR,0.3,3,5.712120974255591,11.608028345187847,0.4574649031091389,1.5922791957855225,2079.0,Deep_Learning,GAIN
GAIN_Constrained,True,MNAR,0.3,3,0.0,0.0,0.0,0.0,0.0,Deep_Learning,GAIN
VAEM_ld16_lr1e-04_ep50,False,MNAR,0.3,3,3.8481997552415335,7.861788234420658,0.7511408569670549,0.5884432792663574,9.0,Deep_Learning,VAEM
VAEM_ld16_lr1e-04_ep50_Constrained,True,MNAR,0.3,3,0.0,0.0,0.0,0.0,0.0,Deep_Learning,VAEM
VAEM_ld16_lr1e-04_ep200,False,MNAR,0.3,3,3.788405296850054,7.7819850948542815,0.7561674347849895,1.9472956657409668,4.0,Deep_Learning,VAEM
VAEM_ld16_lr1e-04_ep200_Constrained,True,MNAR,0.3,3,0.0,0.0,0.0,0.0,0.0,Deep_Learning,VAEM
VAEM_ld16_lr1e-03_ep50,False,MNAR,0.3,3,3.78355114585363,7.799827572947073,0.7550480379638063,0.7094049453735352,7.0,Deep_Learning,VAEM
VAEM_ld16_lr1e-03_ep50_Constrained,True,MNAR,0.3,3,0.0,0.0,0.0,0.0,0.0,Deep_Learning,VAEM
VAEM_ld16_lr1e-03_ep200,False,MNAR,0.3,3,3.775314525824917,7.795210820823941,0.7553379284243508,1.8089728355407717,5.0,Deep_Learning,VAEM
VAEM_ld16_lr1e-03_ep200_Constrained,True,MNAR,0.3,3,0.0,0.0,0.0,0.0,0.0,Deep_Learning,VAEM
VAEM_ld32_lr1e-04_ep50,False,MNAR,0.3,3,3.8448097372369543,7.867641069081853,0.7507701846610174,0.4245829582214355,10.0,Deep_Learning,VAEM
VAEM_ld32_lr1e-04_ep50_Constrained,True,MNAR,0.3,3,0.0,0.0,0.0,0.0,0.0,Deep_Learning,VAEM
VAEM_ld32_lr1e-04_ep200,False,MNAR,0.3,3,3.781734520871162,7.79937802694334,0.7550762729475382,1.727658748626709,7.0,Deep_Learning,VAEM
VAEM_ld32_lr1e-04_ep200_Constrained,True,MNAR,0.3,3,0.0,0.0,0.0,0.0,0.0,Deep_Learning,VAEM
VAEM_ld32_lr1e-03_ep50,False,MNAR,0.3,3,3.772159072479629,7.778714488452815,0.7563723472223076,0.4202859401702881,11.0,Deep_Learning,VAEM
VAEM_ld32_lr1e-03_ep50_Constrained,True,MNAR,0.3,3,0.0,0.0,0.0,0.0,0.0,Deep_Learning,VAEM
VAEM_ld32_lr1e-03_ep200,False,MNAR,0.3,3,3.7720637936186594,7.776074734517409,0.7565376722084122,1.7237052917480469,7.0,Deep_Learning,VAEM
VAEM_ld32_lr1e-03_ep200_Constrained,True,MNAR,0.3,3,0.0,0.0,0.0,0.0,0.0,Deep_Learning,VAEM
VAEM_ld64_lr1e-04_ep50,False,MNAR,0.3,3,3.844143757208254,7.865899532068169,0.7508805086846622,0.532956600189209,17.0,Deep_Learning,VAEM
VAEM_ld64_lr1e-04_ep50_Constrained,True,MNAR,0.3,3,0.0,0.0,0.0,0.0,0.0,Deep_Learning,VAEM
VAEM_ld64_lr1e-04_ep200,False,MNAR,0.3,3,3.780698064137285,7.789279724282092,0.7557100959896746,1.668290615081787,8.0,Deep_Learning,VAEM
VAEM_ld64_lr1e-04_ep200_Constrained,True,MNAR,0.3,3,0.0,0.0,0.0,0.0,0.0,Deep_Learning,VAEM
VAEM_ld64_lr1e-03_ep50,False,MNAR,0.3,3,3.7715976190112026,7.7967847406151485,0.7552391197171116,0.437450647354126,7.0,Deep_Learning,VAEM
VAEM_ld64_lr1e-03_ep50_Constrained,True,MNAR,0.3,3,0.0,0.0,0.0,0.0,0.0,Deep_Learning,VAEM
VAEM_ld64_lr1e-03_ep200,False,MNAR,0.3,3,3.775616692780376,7.819336377034576,0.7538211656971275,1.625276803970337,11.0,Deep_Learning,VAEM
VAEM_ld64_lr1e-03_ep200_Constrained,True,MNAR,0.3,3,0.0,0.0,0.0,0.0,0.0,Deep_Learning,VAEM
VaDER_ld16_lr1e-04_ep50,False,MNAR,0.3,3,3.846915013027493,7.848955352633451,0.7519526248273782,0.3475103378295898,14.0,Deep_Learning,VaDER
VaDER_ld16_lr1e-04_ep50_Constrained,True,MNAR,0.3,3,0.0,0.0,0.0,0.0,0.0,Deep_Learning,VaDER
VaDER_ld16_lr1e-04_ep200,False,MNAR,0.3,3,3.790956605823101,7.820410149622869,0.7537535491574889,1.753000259399414,8.0,Deep_Learning,VaDER
VaDER_ld16_lr1e-04_ep200_Constrained,True,MNAR,0.3,3,0.0,0.0,0.0,0.0,0.0,Deep_Learning,VaDER
VaDER_ld16_lr1e-03_ep50,False,MNAR,0.3,3,3.788121028609084,7.807109726610137,0.7545904354065069,0.385655403137207,8.0,Deep_Learning,VaDER
VaDER_ld16_lr1e-03_ep50_Constrained,True,MNAR,0.3,3,0.0,0.0,0.0,0.0,0.0,Deep_Learning,VaDER
VaDER_ld16_lr1e-03_ep200,False,MNAR,0.3,3,3.7809966658181215,7.817369802377922,0.753944978806992,1.5662541389465332,8.0,Deep_Learning,VaDER
VaDER_ld16_lr1e-03_ep200_Constrained,True,MNAR,0.3,3,0.0,0.0,0.0,0.0,0.0,Deep_Learning,VaDER
VaDER_ld32_lr1e-04_ep50,False,MNAR,0.3,3,3.846074703801901,7.839785841501411,0.7525318470279485,0.4170300960540771,22.0,Deep_Learning,VaDER
VaDER_ld32_lr1e-04_ep50_Constrained,True,MNAR,0.3,3,0.0,0.0,0.0,0.0,0.0,Deep_Learning,VaDER
VaDER_ld32_lr1e-04_ep200,False,MNAR,0.3,3,3.792221035494354,7.827224566112664,0.7533242220690284,1.818850040435791,10.0,Deep_Learning,VaDER
VaDER_ld32_lr1e-04_ep200_Constrained,True,MNAR,0.3,3,0.0,0.0,0.0,0.0,0.0,Deep_Learning,VaDER
VaDER_ld32_lr1e-03_ep50,False,MNAR,0.3,3,3.784288540152725,7.826412520154128,0.7533754028358566,0.4693031311035156,4.0,Deep_Learning,VaDER
VaDER_ld32_lr1e-03_ep50_Constrained,True,MNAR,0.3,3,0.0,0.0,0.0,0.0,0.0,Deep_Learning,VaDER
VaDER_ld32_lr1e-03_ep200,False,MNAR,0.3,3,3.78965465935361,7.849111613997904,0.7519427481991183,1.814624309539795,11.0,Deep_Learning,VaDER
VaDER_ld32_lr1e-03_ep200_Constrained,True,MNAR,0.3,3,0.0,0.0,0.0,0.0,0.0,Deep_Learning,VaDER
VaDER_ld64_lr1e-04_ep50,False,MNAR,0.3,3,3.854353249346234,7.879670366486455,0.7500074778982329,0.4671394824981689,11.0,Deep_Learning,VaDER
VaDER_ld64_lr1e-04_ep50_Constrained,True,MNAR,0.3,3,0.0,0.0,0.0,0.0,0.0,Deep_Learning,VaDER
VaDER_ld64_lr1e-04_ep200,False,MNAR,0.3,3,3.793269292579623,7.835847928319698,0.7527803903872516,1.8107829093933103,6.0,Deep_Learning,VaDER
VaDER_ld64_lr1e-04_ep200_Constrained,True,MNAR,0.3,3,0.0,0.0,0.0,0.0,0.0,Deep_Learning,VaDER
VaDER_ld64_lr1e-03_ep50,False,MNAR,0.3,3,3.786850327844113,7.830771883422701,0.7531005832723794,0.4669044017791748,6.0,Deep_Learning,VaDER
VaDER_ld64_lr1e-03_ep50_Constrained,True,MNAR,0.3,3,0.0,0.0,0.0,0.0,0.0,Deep_Learning,VaDER
VaDER_ld64_lr1e-03_ep200,False,MNAR,0.3,3,3.7840102717215176,7.8278897400798995,0.7532822942371461,1.8119721412658687,7.0,Deep_Learning,VaDER
VaDER_ld64_lr1e-03_ep200_Constrained,True,MNAR,0.3,3,0.0,0.0,0.0,0.0,0.0,Deep_Learning,VaDER
GAIN,False,MNAR,0.3,4,5.661503253614311,11.509249063359585,0.463237094375017,1.4705095291137695,2064.0,Deep_Learning,GAIN
GAIN_Constrained,True,MNAR,0.3,4,0.0,0.0,0.0,0.0,0.0,Deep_Learning,GAIN
VAEM_ld16_lr1e-04_ep50,False,MNAR,0.3,4,3.786042842615253,7.683245108505586,0.7607907912019248,0.4614269733428955,9.0,Deep_Learning,VAEM
VAEM_ld16_lr1e-04_ep50_Constrained,True,MNAR,0.3,4,0.0,0.0,0.0,0.0,0.0,Deep_Learning,VAEM
VAEM_ld16_lr1e-04_ep200,False,MNAR,0.3,4,3.732067417431258,7.6113696464352865,0.7652453809203115,1.7987818717956543,4.0,Deep_Learning,VAEM
VAEM_ld16_lr1e-04_ep200_Constrained,True,MNAR,0.3,4,0.0,0.0,0.0,0.0,0.0,Deep_Learning,VAEM
VAEM_ld16_lr1e-03_ep50,False,MNAR,0.3,4,3.721679267462532,7.601505616629972,0.7658534517899334,0.4622781276702881,4.0,Deep_Learning,VAEM
VAEM_ld16_lr1e-03_ep50_Constrained,True,MNAR,0.3,4,0.0,0.0,0.0,0.0,0.0,Deep_Learning,VAEM
VAEM_ld16_lr1e-03_ep200,False,MNAR,0.3,4,3.719853785705448,7.622379682068326,0.7645657329130865,1.7977864742279053,4.0,Deep_Learning,VAEM
VAEM_ld16_lr1e-03_ep200_Constrained,True,MNAR,0.3,4,0.0,0.0,0.0,0.0,0.0,Deep_Learning,VAEM
VAEM_ld32_lr1e-04_ep50,False,MNAR,0.3,4,3.788039877218481,7.704078251019377,0.7594917994798074,0.4601788520812988,8.0,Deep_Learning,VAEM
VAEM_ld32_lr1e-04_ep50_Constrained,True,MNAR,0.3,4,0.0,0.0,0.0,0.0,0.0,Deep_Learning,VAEM
VAEM_ld32_lr1e-04_ep200,False,MNAR,0.3,4,3.724649998630965,7.597350510821686,0.7661093584034582,1.7961478233337402,6.0,Deep_Learning,VAEM
VAEM_ld32_lr1e-04_ep200_Constrained,True,MNAR,0.3,4,0.0,0.0,0.0,0.0,0.0,Deep_Learning,VAEM
VAEM_ld32_lr1e-03_ep50,False,MNAR,0.3,4,3.71893529264964,7.60200141620744,0.7658229069080549,0.5066859722137451,9.0,Deep_Learning,VAEM
VAEM_ld32_lr1e-03_ep50_Constrained,True,MNAR,0.3,4,0.0,0.0,0.0,0.0,0.0,Deep_Learning,VAEM
VAEM_ld32_lr1e-03_ep200,False,MNAR,0.3,4,3.711341403308152,7.607507035367081,0.7654835865914938,2.1936209201812744,9.0,Deep_Learning,VAEM
VAEM_ld32_lr1e-03_ep200_Constrained,True,MNAR,0.3,4,0.0,0.0,0.0,0.0,0.0,Deep_Learning,VAEM
VAEM_ld64_lr1e-04_ep50,False,MNAR,0.3,4,3.780948231287748,7.683804915708436,0.7607559319947504,0.5519309043884277,11.0,Deep_Learning,VAEM
VAEM_ld64_lr1e-04_ep50_Constrained,True,MNAR,0.3,4,0.0,0.0,0.0,0.0,0.0,Deep_Learning,VAEM
VAEM_ld64_lr1e-04_ep200,False,MNAR,0.3,4,3.723165611854746,7.620826391830874,0.764661676831625,1.774324655532837,9.0,Deep_Learning,VAEM
VAEM_ld64_lr1e-04_ep200_Constrained,True,MNAR,0.3,4,0.0,0.0,0.0,0.0,0.0,Deep_Learning,VAEM
VAEM_ld64_lr1e-03_ep50,False,MNAR,0.3,4,3.71636791398241,7.592428007697614,0.7664123467745164,0.3683192729949951,6.0,Deep_Learning,VAEM
VAEM_ld64_lr1e-03_ep50_Constrained,True,MNAR,0.3,4,0.0,0.0,0.0,0.0,0.0,Deep_Learning,VAEM
VAEM_ld64_lr1e-03_ep200,False,MNAR,0.3,4,3.717446550660725,7.6491043457232735,0.7629119366407968,1.0870559215545654,9.0,Deep_Learning,VAEM
VAEM_ld64_lr1e-03_ep200_Constrained,True,MNAR,0.3,4,0.0,0.0,0.0,0.0,0.0,Deep_Learning,VAEM
VaDER_ld16_lr1e-04_ep50,False,MNAR,0.3,4,3.798571246648952,7.711791421733389,0.7590099743001144,0.2838282585144043,18.0,Deep_Learning,VaDER
VaDER_ld16_lr1e-04_ep50_Constrained,True,MNAR,0.3,4,0.0,0.0,0.0,0.0,0.0,Deep_Learning,VaDER
VaDER_ld16_lr1e-04_ep200,False,MNAR,0.3,4,3.7285728910389664,7.631326140082625,0.7640127457969565,1.086154222488403,9.0,Deep_Learning,VaDER
VaDER_ld16_lr1e-04_ep200_Constrained,True,MNAR,0.3,4,0.0,0.0,0.0,0.0,0.0,Deep_Learning,VaDER
VaDER_ld16_lr1e-03_ep50,False,MNAR,0.3,4,3.7263093049932574,7.641981820107508,0.7633532640226032,0.2844545841217041,9.0,Deep_Learning,VaDER
VaDER_ld16_lr1e-03_ep50_Constrained,True,MNAR,0.3,4,0.0,0.0,0.0,0.0,0.0,Deep_Learning,VaDER
VaDER_ld16_lr1e-03_ep200,False,MNAR,0.3,4,3.7201019615911735,7.644539378005992,0.7631948394094382,1.0870084762573242,9.0,Deep_Learning,VaDER
VaDER_ld16_lr1e-03_ep200_Constrained,True,MNAR,0.3,4,0.0,0.0,0.0,0.0,0.0,Deep_Learning,VaDER
VaDER_ld32_lr1e-04_ep50,False,MNAR,0.3,4,3.7926916988014345,7.699319501820669,0.7597888278040876,0.2851462364196777,12.0,Deep_Learning,VaDER
VaDER_ld32_lr1e-04_ep50_Constrained,True,MNAR,0.3,4,0.0,0.0,0.0,0.0,0.0,Deep_Learning,VaDER
VaDER_ld32_lr1e-04_ep200,False,MNAR,0.3,4,3.731249422917746,7.629754041721329,0.764109965324784,1.0918891429901123,5.0,Deep_Learning,VaDER
VaDER_ld32_lr1e-04_ep200_Constrained,True,MNAR,0.3,4,0.0,0.0,0.0,0.0,0.0,Deep_Learning,VaDER
VaDER_ld32_lr1e-03_ep50,False,MNAR,0.3,4,3.7208831549340062,7.647247356137476,0.7630270394298349,0.2848222255706787,5.0,Deep_Learning,VaDER
VaDER_ld32_lr1e-03_ep50_Constrained,True,MNAR,0.3,4,0.0,0.0,0.0,0.0,0.0,Deep_Learning,VaDER
VaDER_ld32_lr1e-03_ep200,False,MNAR,0.3,4,3.720444578308504,7.64569117925603,0.7631234752593496,1.0873208045959473,10.0,Deep_Learning,VaDER
VaDER_ld32_lr1e-03_ep200_Constrained,True,MNAR,0.3,4,0.0,0.0,0.0,0.0,0.0,Deep_Learning,VaDER
VaDER_ld64_lr1e-04_ep50,False,MNAR,0.3,4,3.798248879896976,7.711507916429365,0.7590276928018014,0.2847585678100586,17.0,Deep_Learning,VaDER
VaDER_ld64_lr1e-04_ep50_Constrained,True,MNAR,0.3,4,0.0,0.0,0.0,0.0,0.0,Deep_Learning,VaDER
VaDER_ld64_lr1e-04_ep200,False,MNAR,0.3,4,3.7323780862737648,7.633646365645035,0.76386922502821,1.0880680084228516,5.0,Deep_Learning,VaDER
VaDER_ld64_lr1e-04_ep200_Constrained,True,MNAR,0.3,4,0.0,0.0,0.0,0.0,0.0,Deep_Learning,VaDER
VaDER_ld64_lr1e-03_ep50,False,MNAR,0.3,4,3.721975516524013,7.622563472775724,0.7645543792009994,0.2849941253662109,7.0,Deep_Learning,VaDER
VaDER_ld64_lr1e-03_ep50_Constrained,True,MNAR,0.3,4,0.0,0.0,0.0,0.0,0.0,Deep_Learning,VaDER
VaDER_ld64_lr1e-03_ep200,False,MNAR,0.3,4,3.726729663358455,7.655506492852148,0.7625148946316933,1.0859980583190918,8.0,Deep_Learning,VaDER
VaDER_ld64_lr1e-03_ep200_Constrained,True,MNAR,0.3,4,0.0,0.0,0.0,0.0,0.0,Deep_Learning,VaDER
GAIN,False,MNAR,0.3,5,5.760947426106225,11.661278743834114,0.4659183519669823,0.9785542488098145,2084.0,Deep_Learning,GAIN
GAIN_Constrained,True,MNAR,0.3,5,0.0,0.0,0.0,0.0,0.0,Deep_Learning,GAIN
VAEM_ld16_lr1e-04_ep50,False,MNAR,0.3,5,3.87074181662567,7.851383469477847,0.7578928137078501,0.2820906639099121,11.0,Deep_Learning,VAEM
VAEM_ld16_lr1e-04_ep50_Constrained,True,MNAR,0.3,5,0.0,0.0,0.0,0.0,0.0,Deep_Learning,VAEM
VAEM_ld16_lr1e-04_ep200,False,MNAR,0.3,5,3.807656932444498,7.7596444490586975,0.7635175336147656,1.0758769512176514,7.0,Deep_Learning,VAEM
VAEM_ld16_lr1e-04_ep200_Constrained,True,MNAR,0.3,5,0.0,0.0,0.0,0.0,0.0,Deep_Learning,VAEM
VAEM_ld16_lr1e-03_ep50,False,MNAR,0.3,5,3.806138174524082,7.775043671964064,0.762577990647459,0.2815902233123779,5.0,Deep_Learning,VAEM
VAEM_ld16_lr1e-03_ep50_Constrained,True,MNAR,0.3,5,0.0,0.0,0.0,0.0,0.0,Deep_Learning,VAEM
VAEM_ld16_lr1e-03_ep200,False,MNAR,0.3,5,3.796137645913608,7.75696020446288,0.7636811150763683,1.6618618965148926,6.0,Deep_Learning,VAEM
VAEM_ld16_lr1e-03_ep200_Constrained,True,MNAR,0.3,5,0.0,0.0,0.0,0.0,0.0,Deep_Learning,VAEM
VAEM_ld32_lr1e-04_ep50,False,MNAR,0.3,5,3.860448701832198,7.831338600964232,0.7591274526177054,0.6111030578613281,11.0,Deep_Learning,VAEM
VAEM_ld32_lr1e-04_ep50_Constrained,True,MNAR,0.3,5,0.0,0.0,0.0,0.0,0.0,Deep_Learning,VAEM
VAEM_ld32_lr1e-04_ep200,False,MNAR,0.3,5,3.8021743811601,7.763578878618239,0.7632776619320025,1.8560311794281008,9.0,Deep_Learning,VAEM
VAEM_ld32_lr1e-04_ep200_Constrained,True,MNAR,0.3,5,0.0,0.0,0.0,0.0,0.0,Deep_Learning,VAEM
VAEM_ld32_lr1e-03_ep50,False,MNAR,0.3,5,3.7950667209844857,7.761025140199341,0.7634333704042822,0.579249382019043,4.0,Deep_Learning,VAEM
VAEM_ld32_lr1e-03_ep50_Constrained,True,MNAR,0.3,5,0.0,0.0,0.0,0.0,0.0,Deep_Learning,VAEM
VAEM_ld32_lr1e-03_ep200,False,MNAR,0.3,5,3.793619701295784,7.780180782508191,0.7622641490574298,1.6661016941070557,9.0,Deep_Learning,VAEM
VAEM_ld32_lr1e-03_ep200_Constrained,True,MNAR,0.3,5,0.0,0.0,0.0,0.0,0.0,Deep_Learning,VAEM
VAEM_ld64_lr1e-04_ep50,False,MNAR,0.3,5,3.865998932417473,7.851578997642528,0.7578807548488147,0.4414825439453125,17.0,Deep_Learning,VAEM
VAEM_ld64_lr1e-04_ep50_Constrained,True,MNAR,0.3,5,0.0,0.0,0.0,0.0,0.0,Deep_Learning,VAEM
VAEM_ld64_lr1e-04_ep200,False,MNAR,0.3,5,3.805635360431054,7.772953486990143,0.7627056270267476,1.439863681793213,9.0,Deep_Learning,VAEM
VAEM_ld64_lr1e-04_ep200_Constrained,True,MNAR,0.3,5,0.0,0.0,0.0,0.0,0.0,Deep_Learning,VAEM
VAEM_ld64_lr1e-03_ep50,False,MNAR,0.3,5,3.802581433375061,7.785340272591891,0.761948731584944,0.4233083724975586,9.0,Deep_Learning,VAEM
VAEM_ld64_lr1e-03_ep50_Constrained,True,MNAR,0.3,5,0.0,0.0,0.0,0.0,0.0,Deep_Learning,VAEM
VAEM_ld64_lr1e-03_ep200,False,MNAR,0.3,5,3.801220617824172,7.824368318617772,0.7595560389873579,1.6584761142730713,10.0,Deep_Learning,VAEM
VAEM_ld64_lr1e-03_ep200_Constrained,True,MNAR,0.3,5,0.0,0.0,0.0,0.0,0.0,Deep_Learning,VAEM
VaDER_ld16_lr1e-04_ep50,False,MNAR,0.3,5,3.878006733062465,7.874836598164816,0.7564442405372818,0.4086146354675293,12.0,Deep_Learning,VaDER
VaDER_ld16_lr1e-04_ep50_Constrained,True,MNAR,0.3,5,0.0,0.0,0.0,0.0,0.0,Deep_Learning,VaDER
VaDER_ld16_lr1e-04_ep200,False,MNAR,0.3,5,3.819455487266809,7.821693456587665,0.7597204086745059,1.5226056575775146,11.0,Deep_Learning,VaDER
VaDER_ld16_lr1e-04_ep200_Constrained,True,MNAR,0.3,5,0.0,0.0,0.0,0.0,0.0,Deep_Learning,VaDER
VaDER_ld16_lr1e-03_ep50,False,MNAR,0.3,5,3.81416651373144,7.82721630897476,0.759380968826721,0.4748177528381347,14.0,Deep_Learning,VaDER
VaDER_ld16_lr1e-03_ep50_Constrained,True,MNAR,0.3,5,0.0,0.0,0.0,0.0,0.0,Deep_Learning,VaDER
VaDER_ld16_lr1e-03_ep200,False,MNAR,0.3,5,3.808861297155587,7.840871291299702,0.7585406919058864,2.223454475402832,6.0,Deep_Learning,VaDER
VaDER_ld16_lr1e-03_ep200_Constrained,True,MNAR,0.3,5,0.0,0.0,0.0,0.0,0.0,Deep_Learning,VaDER
VaDER_ld32_lr1e-04_ep50,False,MNAR,0.3,5,3.880951734498857,7.882267126452677,0.7559843956230091,0.5637321472167969,11.0,Deep_Learning,VaDER
VaDER_ld32_lr1e-04_ep50_Constrained,True,MNAR,0.3,5,0.0,0.0,0.0,0.0,0.0,Deep_Learning,VaDER
VaDER_ld32_lr1e-04_ep200,False,MNAR,0.3,5,3.8150549964570177,7.824663035131487,0.7595379252847241,2.177446126937866,8.0,Deep_Learning,VaDER
VaDER_ld32_lr1e-04_ep200_Constrained,True,MNAR,0.3,5,0.0,0.0,0.0,0.0,0.0,Deep_Learning,VaDER
VaDER_ld32_lr1e-03_ep50,False,MNAR,0.3,5,3.806939278836907,7.819319280260475,0.7598662542108727,0.6026041507720947,6.0,Deep_Learning,VaDER
VaDER_ld32_lr1e-03_ep50_Constrained,True,MNAR,0.3,5,0.0,0.0,0.0,0.0,0.0,Deep_Learning,VaDER
VaDER_ld32_lr1e-03_ep200,False,MNAR,0.3,5,3.8092090115527295,7.85826882983062,0.7574679901914994,2.3913614749908447,7.0,Deep_Learning,VaDER
VaDER_ld32_lr1e-03_ep200_Constrained,True,MNAR,0.3,5,0.0,0.0,0.0,0.0,0.0,Deep_Learning,VaDER
VaDER_ld64_lr1e-04_ep50,False,MNAR,0.3,5,3.878224309689036,7.883089204681061,0.7559334939285413,0.7865560054779053,20.0,Deep_Learning,VaDER
VaDER_ld64_lr1e-04_ep50_Constrained,True,MNAR,0.3,5,0.0,0.0,0.0,0.0,0.0,Deep_Learning,VaDER
VaDER_ld64_lr1e-04_ep200,False,MNAR,0.3,5,3.820373932959044,7.830368348143082,0.7591871340599528,2.782841444015503,6.0,Deep_Learning,VaDER
VaDER_ld64_lr1e-04_ep200_Constrained,True,MNAR,0.3,5,0.0,0.0,0.0,0.0,0.0,Deep_Learning,VaDER
VaDER_ld64_lr1e-03_ep50,False,MNAR,0.3,5,3.8115243110939727,7.851948627375322,0.7578579577583218,0.5659995079040527,10.0,Deep_Learning,VaDER
VaDER_ld64_lr1e-03_ep50_Constrained,True,MNAR,0.3,5,0.0,0.0,0.0,0.0,0.0,Deep_Learning,VaDER
VaDER_ld64_lr1e-03_ep200,False,MNAR,0.3,5,3.812364330514255,7.860316639597181,0.7573415694384995,2.145516395568848,6.0,Deep_Learning,VaDER
VaDER_ld64_lr1e-03_ep200_Constrained,True,MNAR,0.3,5,0.0,0.0,0.0,0.0,0.0,Deep_Learning,VaDER
GAIN,False,MNAR,0.4,1,6.292528504477104,12.67091496246076,0.3641861386664843,1.4332897663116455,3133.0,Deep_Learning,GAIN
GAIN_Constrained,True,MNAR,0.4,1,0.0,0.0,0.0,0.0,0.0,Deep_Learning,GAIN
VAEM_ld16_lr1e-04_ep50,False,MNAR,0.4,1,4.4244616208673735,8.91611709504614,0.6851776430392251,0.6173512935638428,10.0,Deep_Learning,VAEM
VAEM_ld16_lr1e-04_ep50_Constrained,True,MNAR,0.4,1,0.0,0.0,0.0,0.0,0.0,Deep_Learning,VAEM
VAEM_ld16_lr1e-04_ep200,False,MNAR,0.4,1,4.373159739531328,8.85620051651455,0.6893946576977148,1.942551851272583,9.0,Deep_Learning,VAEM
VAEM_ld16_lr1e-04_ep200_Constrained,True,MNAR,0.4,1,0.0,0.0,0.0,0.0,0.0,Deep_Learning,VAEM
VAEM_ld16_lr1e-03_ep50,False,MNAR,0.4,1,4.371362680145201,8.859201528663505,0.6891841185765877,0.4372072219848633,5.0,Deep_Learning,VAEM
VAEM_ld16_lr1e-03_ep50_Constrained,True,MNAR,0.4,1,0.0,0.0,0.0,0.0,0.0,Deep_Learning,VAEM
VAEM_ld16_lr1e-03_ep200,False,MNAR,0.4,1,4.363046832128322,8.839641420282039,0.6905550955848014,1.854977369308472,6.0,Deep_Learning,VAEM
VAEM_ld16_lr1e-03_ep200_Constrained,True,MNAR,0.4,1,0.0,0.0,0.0,0.0,0.0,Deep_Learning,VAEM
VAEM_ld32_lr1e-04_ep50,False,MNAR,0.4,1,4.420166953024819,8.90466325112476,0.685985979218392,0.487147569656372,12.0,Deep_Learning,VAEM
VAEM_ld32_lr1e-04_ep50_Constrained,True,MNAR,0.4,1,0.0,0.0,0.0,0.0,0.0,Deep_Learning,VAEM
VAEM_ld32_lr1e-04_ep200,False,MNAR,0.4,1,4.3724730940237135,8.87281810932022,0.6882279371451228,1.529698371887207,6.0,Deep_Learning,VAEM
VAEM_ld32_lr1e-04_ep200_Constrained,True,MNAR,0.4,1,0.0,0.0,0.0,0.0,0.0,Deep_Learning,VAEM
VAEM_ld32_lr1e-03_ep50,False,MNAR,0.4,1,4.363154063983925,8.835987208468163,0.6908108850328549,0.3932135105133056,8.0,Deep_Learning,VAEM
VAEM_ld32_lr1e-03_ep50_Constrained,True,MNAR,0.4,1,0.0,0.0,0.0,0.0,0.0,Deep_Learning,VAEM
VAEM_ld32_lr1e-03_ep200,False,MNAR,0.4,1,4.359997638066995,8.868232853452106,0.688550086271505,1.588019609451294,10.0,Deep_Learning,VAEM
VAEM_ld32_lr1e-03_ep200_Constrained,True,MNAR,0.4,1,0.0,0.0,0.0,0.0,0.0,Deep_Learning,VAEM
VAEM_ld64_lr1e-04_ep50,False,MNAR,0.4,1,4.419682991832899,8.902163262394126,0.6861622736591992,0.370042085647583,16.0,Deep_Learning,VAEM
VAEM_ld64_lr1e-04_ep50_Constrained,True,MNAR,0.4,1,0.0,0.0,0.0,0.0,0.0,Deep_Learning,VAEM
VAEM_ld64_lr1e-04_ep200,False,MNAR,0.4,1,4.3690422833461255,8.850615234957342,0.6897863090031462,1.870063066482544,10.0,Deep_Learning,VAEM
VAEM_ld64_lr1e-04_ep200_Constrained,True,MNAR,0.4,1,0.0,0.0,0.0,0.0,0.0,Deep_Learning,VAEM
VAEM_ld64_lr1e-03_ep50,False,MNAR,0.4,1,4.367544893540226,8.878474180127302,0.6878303257229362,0.4406473636627197,11.0,Deep_Learning,VAEM
VAEM_ld64_lr1e-03_ep50_Constrained,True,MNAR,0.4,1,0.0,0.0,0.0,0.0,0.0,Deep_Learning,VAEM
VAEM_ld64_lr1e-03_ep200,False,MNAR,0.4,1,4.362295594568325,8.878377188737684,0.6878371461753042,1.911674976348877,10.0,Deep_Learning,VAEM
VAEM_ld64_lr1e-03_ep200_Constrained,True,MNAR,0.4,1,0.0,0.0,0.0,0.0,0.0,Deep_Learning,VAEM
VaDER_ld16_lr1e-04_ep50,False,MNAR,0.4,1,4.436229914137501,8.934385149062331,0.6838862549804879,0.4479308128356933,19.0,Deep_Learning,VaDER
VaDER_ld16_lr1e-04_ep50_Constrained,True,MNAR,0.4,1,0.0,0.0,0.0,0.0,0.0,Deep_Learning,VaDER
VaDER_ld16_lr1e-04_ep200,False,MNAR,0.4,1,4.382490111825434,8.90208294954832,0.6861679363473534,1.9365687370300293,11.0,Deep_Learning,VaDER
VaDER_ld16_lr1e-04_ep200_Constrained,True,MNAR,0.4,1,0.0,0.0,0.0,0.0,0.0,Deep_Learning,VaDER
VaDER_ld16_lr1e-03_ep50,False,MNAR,0.4,1,4.376645969495948,8.88559145092123,0.6873296345924472,0.5869708061218262,15.0,Deep_Learning,VaDER
VaDER_ld16_lr1e-03_ep50_Constrained,True,MNAR,0.4,1,0.0,0.0,0.0,0.0,0.0,Deep_Learning,VaDER
VaDER_ld16_lr1e-03_ep200,False,MNAR,0.4,1,4.367963818723641,8.893254678675858,0.6867900875160436,1.9739952087402344,13.0,Deep_Learning,VaDER
VaDER_ld16_lr1e-03_ep200_Constrained,True,MNAR,0.4,1,0.0,0.0,0.0,0.0,0.0,Deep_Learning,VaDER
VaDER_ld32_lr1e-04_ep50,False,MNAR,0.4,1,4.434128240463407,8.923173412858556,0.6846791377736419,0.528120756149292,26.0,Deep_Learning,VaDER
VaDER_ld32_lr1e-04_ep50_Constrained,True,MNAR,0.4,1,0.0,0.0,0.0,0.0,0.0,Deep_Learning,VaDER
VaDER_ld32_lr1e-04_ep200,False,MNAR,0.4,1,4.381935045023807,8.882462613761605,0.6875497938069453,1.6022677421569824,8.0,Deep_Learning,VaDER
VaDER_ld32_lr1e-04_ep200_Constrained,True,MNAR,0.4,1,0.0,0.0,0.0,0.0,0.0,Deep_Learning,VaDER
VaDER_ld32_lr1e-03_ep50,False,MNAR,0.4,1,4.374792137253137,8.905950563595049,0.6858951810887657,0.5966160297393799,4.0,Deep_Learning,VaDER
VaDER_ld32_lr1e-03_ep50_Constrained,True,MNAR,0.4,1,0.0,0.0,0.0,0.0,0.0,Deep_Learning,VaDER
VaDER_ld32_lr1e-03_ep200,False,MNAR,0.4,1,4.372450854981427,8.900366928651431,0.6862889171281445,1.838003396987915,7.0,Deep_Learning,VaDER
VaDER_ld32_lr1e-03_ep200_Constrained,True,MNAR,0.4,1,0.0,0.0,0.0,0.0,0.0,Deep_Learning,VaDER
VaDER_ld64_lr1e-04_ep50,False,MNAR,0.4,1,4.442111275460905,8.956634466284843,0.6823098571840989,0.4673407077789306,21.0,Deep_Learning,VaDER
VaDER_ld64_lr1e-04_ep50_Constrained,True,MNAR,0.4,1,0.0,0.0,0.0,0.0,0.0,Deep_Learning,VaDER
VaDER_ld64_lr1e-04_ep200,False,MNAR,0.4,1,4.374481488764662,8.881952105095866,0.6875857081611126,1.8951728343963623,9.0,Deep_Learning,VaDER
VaDER_ld64_lr1e-04_ep200_Constrained,True,MNAR,0.4,1,0.0,0.0,0.0,0.0,0.0,Deep_Learning,VaDER
VaDER_ld64_lr1e-03_ep50,False,MNAR,0.4,1,4.379069138941895,8.926012808822907,0.6844784326679798,0.4076933860778808,5.0,Deep_Learning,VaDER
VaDER_ld64_lr1e-03_ep50_Constrained,True,MNAR,0.4,1,0.0,0.0,0.0,0.0,0.0,Deep_Learning,VaDER
VaDER_ld64_lr1e-03_ep200,False,MNAR,0.4,1,4.376574647670695,8.913295841903878,0.6853768447842209,1.7320005893707275,6.0,Deep_Learning,VaDER
VaDER_ld64_lr1e-03_ep200_Constrained,True,MNAR,0.4,1,0.0,0.0,0.0,0.0,0.0,Deep_Learning,VaDER
GAIN,False,MNAR,0.4,2,6.356883099271759,12.89619875342446,0.3528798882010914,1.3043363094329834,2950.0,Deep_Learning,GAIN
GAIN_Constrained,True,MNAR,0.4,2,0.0,0.0,0.0,0.0,0.0,Deep_Learning,GAIN
VAEM_ld16_lr1e-04_ep50,False,MNAR,0.4,2,4.438045652334265,8.978331633866667,0.6863446152245156,0.4888343811035156,5.0,Deep_Learning,VAEM
VAEM_ld16_lr1e-04_ep50_Constrained,True,MNAR,0.4,2,0.0,0.0,0.0,0.0,0.0,Deep_Learning,VAEM
VAEM_ld16_lr1e-04_ep200,False,MNAR,0.4,2,4.383368636979764,8.89181658505782,0.6923602474019396,1.7065722942352295,5.0,Deep_Learning,VAEM
VAEM_ld16_lr1e-04_ep200_Constrained,True,MNAR,0.4,2,0.0,0.0,0.0,0.0,0.0,Deep_Learning,VAEM
VAEM_ld16_lr1e-03_ep50,False,MNAR,0.4,2,4.386483490256063,8.91193050052441,0.6909668676389595,0.5343499183654785,5.0,Deep_Learning,VAEM
VAEM_ld16_lr1e-03_ep50_Constrained,True,MNAR,0.4,2,0.0,0.0,0.0,0.0,0.0,Deep_Learning,VAEM
VAEM_ld16_lr1e-03_ep200,False,MNAR,0.4,2,4.377566852073264,8.904022029955785,0.6915150979096006,1.606714963912964,5.0,Deep_Learning,VAEM
VAEM_ld16_lr1e-03_ep200_Constrained,True,MNAR,0.4,2,0.0,0.0,0.0,0.0,0.0,Deep_Learning,VAEM
VAEM_ld32_lr1e-04_ep50,False,MNAR,0.4,2,4.434559058039198,8.972078106141106,0.6867813933779545,0.4879167079925537,10.0,Deep_Learning,VAEM
VAEM_ld32_lr1e-04_ep50_Constrained,True,MNAR,0.4,2,0.0,0.0,0.0,0.0,0.0,Deep_Learning,VAEM
VAEM_ld32_lr1e-04_ep200,False,MNAR,0.4,2,4.381290643193368,8.906139440889671,0.6913683626549257,1.942582368850708,7.0,Deep_Learning,VAEM
VAEM_ld32_lr1e-04_ep200_Constrained,True,MNAR,0.4,2,0.0,0.0,0.0,0.0,0.0,Deep_Learning,VAEM
VAEM_ld32_lr1e-03_ep50,False,MNAR,0.4,2,4.37516597136603,8.909779266259566,0.6911160434938499,0.3794746398925781,4.0,Deep_Learning,VAEM
VAEM_ld32_lr1e-03_ep50_Constrained,True,MNAR,0.4,2,0.0,0.0,0.0,0.0,0.0,Deep_Learning,VAEM
VAEM_ld32_lr1e-03_ep200,False,MNAR,0.4,2,4.371291397015471,8.906556095614782,0.6913394846345797,1.076599359512329,3.0,Deep_Learning,VAEM
VAEM_ld32_lr1e-03_ep200_Constrained,True,MNAR,0.4,2,0.0,0.0,0.0,0.0,0.0,Deep_Learning,VAEM
VAEM_ld64_lr1e-04_ep50,False,MNAR,0.4,2,4.436177839594021,8.980430563836668,0.6861979470757422,0.285691499710083,17.0,Deep_Learning,VAEM
VAEM_ld64_lr1e-04_ep50_Constrained,True,MNAR,0.4,2,0.0,0.0,0.0,0.0,0.0,Deep_Learning,VAEM
VAEM_ld64_lr1e-04_ep200,False,MNAR,0.4,2,4.382826112713449,8.932639180560425,0.689528996523936,1.0747346878051758,6.0,Deep_Learning,VAEM
VAEM_ld64_lr1e-04_ep200_Constrained,True,MNAR,0.4,2,0.0,0.0,0.0,0.0,0.0,Deep_Learning,VAEM
VAEM_ld64_lr1e-03_ep50,False,MNAR,0.4,2,4.378419589766709,8.927327914827258,0.6898980932108594,0.2788608074188232,8.0,Deep_Learning,VAEM
VAEM_ld64_lr1e-03_ep50_Constrained,True,MNAR,0.4,2,0.0,0.0,0.0,0.0,0.0,Deep_Learning,VAEM
VAEM_ld64_lr1e-03_ep200,False,MNAR,0.4,2,4.381091930733279,8.97026253309685,0.686908145221794,1.0663104057312012,5.0,Deep_Learning,VAEM
VAEM_ld64_lr1e-03_ep200_Constrained,True,MNAR,0.4,2,0.0,0.0,0.0,0.0,0.0,Deep_Learning,VAEM
VaDER_ld16_lr1e-04_ep50,False,MNAR,0.4,2,4.449386249755428,9.005149339064452,0.6844680795116287,0.2827165126800537,11.0,Deep_Learning,VaDER
VaDER_ld16_lr1e-04_ep50_Constrained,True,MNAR,0.4,2,0.0,0.0,0.0,0.0,0.0,Deep_Learning,VaDER
VaDER_ld16_lr1e-04_ep200,False,MNAR,0.4,2,4.393617969649174,8.950996743048396,0.6882515806843298,1.0796129703521729,8.0,Deep_Learning,VaDER
VaDER_ld16_lr1e-04_ep200_Constrained,True,MNAR,0.4,2,0.0,0.0,0.0,0.0,0.0,Deep_Learning,VaDER
VaDER_ld16_lr1e-03_ep50,False,MNAR,0.4,2,4.39045629828044,8.979205970265733,0.6862835228781816,0.2828333377838135,9.0,Deep_Learning,VaDER
VaDER_ld16_lr1e-03_ep50_Constrained,True,MNAR,0.4,2,0.0,0.0,0.0,0.0,0.0,Deep_Learning,VaDER
VaDER_ld16_lr1e-03_ep200,False,MNAR,0.4,2,4.387875186082448,8.981334145902826,0.6861347963904674,1.082620620727539,7.0,Deep_Learning,VaDER
VaDER_ld16_lr1e-03_ep200_Constrained,True,MNAR,0.4,2,0.0,0.0,0.0,0.0,0.0,Deep_Learning,VaDER
VaDER_ld32_lr1e-04_ep50,False,MNAR,0.4,2,4.448768730611829,9.017101655517026,0.683629927910848,0.2825713157653808,17.0,Deep_Learning,VaDER
VaDER_ld32_lr1e-04_ep50_Constrained,True,MNAR,0.4,2,0.0,0.0,0.0,0.0,0.0,Deep_Learning,VaDER
VaDER_ld32_lr1e-04_ep200,False,MNAR,0.4,2,4.395376578865858,8.971161761015614,0.6868453700137078,1.0811152458190918,4.0,Deep_Learning,VaDER
VaDER_ld32_lr1e-04_ep200_Constrained,True,MNAR,0.4,2,0.0,0.0,0.0,0.0,0.0,Deep_Learning,VaDER
VaDER_ld32_lr1e-03_ep50,False,MNAR,0.4,2,4.391826399283026,8.99743469978171,0.6850084752720815,0.2819030284881592,3.0,Deep_Learning,VaDER
VaDER_ld32_lr1e-03_ep50_Constrained,True,MNAR,0.4,2,0.0,0.0,0.0,0.0,0.0,Deep_Learning,VaDER
VaDER_ld32_lr1e-03_ep200,False,MNAR,0.4,2,4.389797105676128,8.985680876662363,0.6858309177790167,1.0808298587799072,3.0,Deep_Learning,VaDER
VaDER_ld32_lr1e-03_ep200_Constrained,True,MNAR,0.4,2,0.0,0.0,0.0,0.0,0.0,Deep_Learning,VaDER
VaDER_ld64_lr1e-04_ep50,False,MNAR,0.4,2,4.453136801817245,9.027002907821505,0.6829347644696414,0.4586663246154785,14.0,Deep_Learning,VaDER
VaDER_ld64_lr1e-04_ep50_Constrained,True,MNAR,0.4,2,0.0,0.0,0.0,0.0,0.0,Deep_Learning,VaDER
VaDER_ld64_lr1e-04_ep200,False,MNAR,0.4,2,4.396428346727968,8.967964293908585,0.6870685569799935,1.7845592498779297,5.0,Deep_Learning,VaDER
VaDER_ld64_lr1e-04_ep200_Constrained,True,MNAR,0.4,2,0.0,0.0,0.0,0.0,0.0,Deep_Learning,VaDER
VaDER_ld64_lr1e-03_ep50,False,MNAR,0.4,2,4.391659848462992,8.976886373816614,0.686445586569791,0.4560048580169678,4.0,Deep_Learning,VaDER
VaDER_ld64_lr1e-03_ep50_Constrained,True,MNAR,0.4,2,0.0,0.0,0.0,0.0,0.0,Deep_Learning,VaDER
VaDER_ld64_lr1e-03_ep200,False,MNAR,0.4,2,4.389088755426075,8.982287215736436,0.6860681801563624,1.7889902591705322,4.0,Deep_Learning,VaDER
VaDER_ld64_lr1e-03_ep200_Constrained,True,MNAR,0.4,2,0.0,0.0,0.0,0.0,0.0,Deep_Learning,VaDER
GAIN,False,MNAR,0.4,3,6.227309620727899,12.532519384878007,0.3746797137115306,1.5063340663909912,2894.0,Deep_Learning,GAIN
GAIN_Constrained,True,MNAR,0.4,3,0.0,0.0,0.0,0.0,0.0,Deep_Learning,GAIN
VAEM_ld16_lr1e-04_ep50,False,MNAR,0.4,3,4.352885545020888,8.787555550406143,0.692558907442865,0.3726203441619873,8.0,Deep_Learning,VAEM
VAEM_ld16_lr1e-04_ep50_Constrained,True,MNAR,0.4,3,0.0,0.0,0.0,0.0,0.0,Deep_Learning,VAEM
VAEM_ld16_lr1e-04_ep200,False,MNAR,0.4,3,4.300799054196554,8.706881877925888,0.6981778883573286,1.215508222579956,6.0,Deep_Learning,VAEM
VAEM_ld16_lr1e-04_ep200_Constrained,True,MNAR,0.4,3,0.0,0.0,0.0,0.0,0.0,Deep_Learning,VAEM
VAEM_ld16_lr1e-03_ep50,False,MNAR,0.4,3,4.29938530914967,8.71660757534392,0.6975032335200074,0.2817363739013672,4.0,Deep_Learning,VAEM
VAEM_ld16_lr1e-03_ep50_Constrained,True,MNAR,0.4,3,0.0,0.0,0.0,0.0,0.0,Deep_Learning,VAEM
VAEM_ld16_lr1e-03_ep200,False,MNAR,0.4,3,4.290135752406978,8.704946357881244,0.6983120621807346,1.0743694305419922,8.0,Deep_Learning,VAEM
VAEM_ld16_lr1e-03_ep200_Constrained,True,MNAR,0.4,3,0.0,0.0,0.0,0.0,0.0,Deep_Learning,VAEM
VAEM_ld32_lr1e-04_ep50,False,MNAR,0.4,3,4.3471559114558,8.775139412846968,0.6934270747388498,0.2814559936523437,14.0,Deep_Learning,VAEM
VAEM_ld32_lr1e-04_ep50_Constrained,True,MNAR,0.4,3,0.0,0.0,0.0,0.0,0.0,Deep_Learning,VAEM
VAEM_ld32_lr1e-04_ep200,False,MNAR,0.4,3,4.297423836269801,8.711444423981353,0.6978614862033644,1.075134515762329,8.0,Deep_Learning,VAEM
VAEM_ld32_lr1e-04_ep200_Constrained,True,MNAR,0.4,3,0.0,0.0,0.0,0.0,0.0,Deep_Learning,VAEM
VAEM_ld32_lr1e-03_ep50,False,MNAR,0.4,3,4.292347485337505,8.703906180189025,0.6983841568958729,0.2811486721038818,7.0,Deep_Learning,VAEM
VAEM_ld32_lr1e-03_ep50_Constrained,True,MNAR,0.4,3,0.0,0.0,0.0,0.0,0.0,Deep_Learning,VAEM
VAEM_ld32_lr1e-03_ep200,False,MNAR,0.4,3,4.289562984292187,8.695760492673895,0.6989484365898924,1.0735626220703125,7.0,Deep_Learning,VAEM
VAEM_ld32_lr1e-03_ep200_Constrained,True,MNAR,0.4,3,0.0,0.0,0.0,0.0,0.0,Deep_Learning,VAEM
VAEM_ld64_lr1e-04_ep50,False,MNAR,0.4,3,4.350892393905814,8.793256162722747,0.6921598952402366,0.2806127071380615,21.0,Deep_Learning,VAEM
VAEM_ld64_lr1e-04_ep50_Constrained,True,MNAR,0.4,3,0.0,0.0,0.0,0.0,0.0,Deep_Learning,VAEM
VAEM_ld64_lr1e-04_ep200,False,MNAR,0.4,3,4.299410042505397,8.739172944512301,0.6959350118035246,1.0733370780944824,6.0,Deep_Learning,VAEM
VAEM_ld64_lr1e-04_ep200_Constrained,True,MNAR,0.4,3,0.0,0.0,0.0,0.0,0.0,Deep_Learning,VAEM
VAEM_ld64_lr1e-03_ep50,False,MNAR,0.4,3,4.290088279141324,8.706655170212628,0.6981936056969869,0.2804934978485107,14.0,Deep_Learning,VAEM
VAEM_ld64_lr1e-03_ep50_Constrained,True,MNAR,0.4,3,0.0,0.0,0.0,0.0,0.0,Deep_Learning,VAEM
VAEM_ld64_lr1e-03_ep200,False,MNAR,0.4,3,4.290688833387419,8.71494410946188,0.6976186786703756,1.0700955390930176,8.0,Deep_Learning,VAEM
VAEM_ld64_lr1e-03_ep200_Constrained,True,MNAR,0.4,3,0.0,0.0,0.0,0.0,0.0,Deep_Learning,VAEM
VaDER_ld16_lr1e-04_ep50,False,MNAR,0.4,3,4.359043738704759,8.791890086684436,0.69225553679031,0.284304141998291,21.0,Deep_Learning,VaDER
VaDER_ld16_lr1e-04_ep50_Constrained,True,MNAR,0.4,3,0.0,0.0,0.0,0.0,0.0,Deep_Learning,VaDER
VaDER_ld16_lr1e-04_ep200,False,MNAR,0.4,3,4.302008785260732,8.712506151145487,0.6977878340739951,1.0881357192993164,12.0,Deep_Learning,VaDER
VaDER_ld16_lr1e-04_ep200_Constrained,True,MNAR,0.4,3,0.0,0.0,0.0,0.0,0.0,Deep_Learning,VaDER
VaDER_ld16_lr1e-03_ep50,False,MNAR,0.4,3,4.303966463324262,8.746326744212567,0.6954369989270357,0.2843422889709472,15.0,Deep_Learning,VaDER
VaDER_ld16_lr1e-03_ep50_Constrained,True,MNAR,0.4,3,0.0,0.0,0.0,0.0,0.0,Deep_Learning,VaDER
VaDER_ld16_lr1e-03_ep200,False,MNAR,0.4,3,4.299889702935153,8.731014213827807,0.696502485718451,1.0863449573516846,7.0,Deep_Learning,VaDER
VaDER_ld16_lr1e-03_ep200_Constrained,True,MNAR,0.4,3,0.0,0.0,0.0,0.0,0.0,Deep_Learning,VaDER
VaDER_ld32_lr1e-04_ep50,False,MNAR,0.4,3,4.359359664391128,8.80509385780997,0.6913304936788799,0.2845220565795898,24.0,Deep_Learning,VaDER
VaDER_ld32_lr1e-04_ep50_Constrained,True,MNAR,0.4,3,0.0,0.0,0.0,0.0,0.0,Deep_Learning,VaDER
VaDER_ld32_lr1e-04_ep200,False,MNAR,0.4,3,4.3095159476934,8.752428098400094,0.6950119302224389,1.0866856575012207,7.0,Deep_Learning,VaDER
VaDER_ld32_lr1e-04_ep200_Constrained,True,MNAR,0.4,3,0.0,0.0,0.0,0.0,0.0,Deep_Learning,VaDER
VaDER_ld32_lr1e-03_ep50,False,MNAR,0.4,3,4.302605956571432,8.746898186437553,0.6953972003122484,0.2846107482910156,7.0,Deep_Learning,VaDER
VaDER_ld32_lr1e-03_ep50_Constrained,True,MNAR,0.4,3,0.0,0.0,0.0,0.0,0.0,Deep_Learning,VaDER
VaDER_ld32_lr1e-03_ep200,False,MNAR,0.4,3,4.30574087168133,8.761800003501762,0.6943584316670111,1.0871436595916748,6.0,Deep_Learning,VaDER
VaDER_ld32_lr1e-03_ep200_Constrained,True,MNAR,0.4,3,0.0,0.0,0.0,0.0,0.0,Deep_Learning,VaDER
VaDER_ld64_lr1e-04_ep50,False,MNAR,0.4,3,4.357518541872692,8.798251817940425,0.6918100135024303,0.2839655876159668,14.0,Deep_Learning,VaDER
VaDER_ld64_lr1e-04_ep50_Constrained,True,MNAR,0.4,3,0.0,0.0,0.0,0.0,0.0,Deep_Learning,VaDER
VaDER_ld64_lr1e-04_ep200,False,MNAR,0.4,3,4.308883641127497,8.749605440382688,0.6952086158036916,1.0871262550354004,5.0,Deep_Learning,VaDER
VaDER_ld64_lr1e-04_ep200_Constrained,True,MNAR,0.4,3,0.0,0.0,0.0,0.0,0.0,Deep_Learning,VaDER
VaDER_ld64_lr1e-03_ep50,False,MNAR,0.4,3,4.306646166769414,8.759723927906775,0.6945032557500155,0.2843694686889648,7.0,Deep_Learning,VaDER
VaDER_ld64_lr1e-03_ep50_Constrained,True,MNAR,0.4,3,0.0,0.0,0.0,0.0,0.0,Deep_Learning,VaDER
VaDER_ld64_lr1e-03_ep200,False,MNAR,0.4,3,4.306375802322584,8.760397032200688,0.6944563047108144,1.086890697479248,8.0,Deep_Learning,VaDER
VaDER_ld64_lr1e-03_ep200_Constrained,True,MNAR,0.4,3,0.0,0.0,0.0,0.0,0.0,Deep_Learning,VaDER
GAIN,False,MNAR,0.4,4,6.197686602097392,12.44412876916477,0.3846221210249811,1.9209973812103271,2994.0,Deep_Learning,GAIN
GAIN_Constrained,True,MNAR,0.4,4,0.0,0.0,0.0,0.0,0.0,Deep_Learning,GAIN
VAEM_ld16_lr1e-04_ep50,False,MNAR,0.4,4,4.312939899052309,8.62895916843666,0.7041103898868661,0.425412654876709,12.0,Deep_Learning,VAEM
VAEM_ld16_lr1e-04_ep50_Constrained,True,MNAR,0.4,4,0.0,0.0,0.0,0.0,0.0,Deep_Learning,VAEM
VAEM_ld16_lr1e-04_ep200,False,MNAR,0.4,4,4.2691286125385135,8.578393118949096,0.7075680791645825,2.080631971359253,6.0,Deep_Learning,VAEM
VAEM_ld16_lr1e-04_ep200_Constrained,True,MNAR,0.4,4,0.0,0.0,0.0,0.0,0.0,Deep_Learning,VAEM
VAEM_ld16_lr1e-03_ep50,False,MNAR,0.4,4,4.268115783305534,8.578301644765979,0.707574315723827,0.5022647380828857,4.0,Deep_Learning,VAEM
VAEM_ld16_lr1e-03_ep50_Constrained,True,MNAR,0.4,4,0.0,0.0,0.0,0.0,0.0,Deep_Learning,VAEM
VAEM_ld16_lr1e-03_ep200,False,MNAR,0.4,4,4.259137196899451,8.560706473288668,0.708772688890224,1.5224642753601074,5.0,Deep_Learning,VAEM
VAEM_ld16_lr1e-03_ep200_Constrained,True,MNAR,0.4,4,0.0,0.0,0.0,0.0,0.0,Deep_Learning,VAEM
VAEM_ld32_lr1e-04_ep50,False,MNAR,0.4,4,4.313108732175797,8.63275638604025,0.7038499171165453,0.6763722896575928,9.0,Deep_Learning,VAEM
VAEM_ld32_lr1e-04_ep50_Constrained,True,MNAR,0.4,4,0.0,0.0,0.0,0.0,0.0,Deep_Learning,VAEM
VAEM_ld32_lr1e-04_ep200,False,MNAR,0.4,4,4.266323963737664,8.5754590792125,0.7077680840217726,1.5048165321350098,5.0,Deep_Learning,VAEM
VAEM_ld32_lr1e-04_ep200_Constrained,True,MNAR,0.4,4,0.0,0.0,0.0,0.0,0.0,Deep_Learning,VAEM
VAEM_ld32_lr1e-03_ep50,False,MNAR,0.4,4,4.265806807899367,8.578133045990178,0.7075858103366126,0.4775981903076172,12.0,Deep_Learning,VAEM
VAEM_ld32_lr1e-03_ep50_Constrained,True,MNAR,0.4,4,0.0,0.0,0.0,0.0,0.0,Deep_Learning,VAEM
VAEM_ld32_lr1e-03_ep200,False,MNAR,0.4,4,4.261377465785996,8.589472916107804,0.7068121849643646,1.584843397140503,8.0,Deep_Learning,VAEM
VAEM_ld32_lr1e-03_ep200_Constrained,True,MNAR,0.4,4,0.0,0.0,0.0,0.0,0.0,Deep_Learning,VAEM
VAEM_ld64_lr1e-04_ep50,False,MNAR,0.4,4,4.315045101779089,8.64085220501209,0.7032941961905497,0.2799627780914306,16.0,Deep_Learning,VAEM
VAEM_ld64_lr1e-04_ep50_Constrained,True,MNAR,0.4,4,0.0,0.0,0.0,0.0,0.0,Deep_Learning,VAEM
VAEM_ld64_lr1e-04_ep200,False,MNAR,0.4,4,4.265507807936886,8.5851678481427,0.7071060044280584,1.5407993793487549,5.0,Deep_Learning,VAEM
VAEM_ld64_lr1e-04_ep200_Constrained,True,MNAR,0.4,4,0.0,0.0,0.0,0.0,0.0,Deep_Learning,VAEM
VAEM_ld64_lr1e-03_ep50,False,MNAR,0.4,4,4.261857701666427,8.581799272087256,0.7073358059074937,0.4698476791381836,10.0,Deep_Learning,VAEM
VAEM_ld64_lr1e-03_ep50_Constrained,True,MNAR,0.4,4,0.0,0.0,0.0,0.0,0.0,Deep_Learning,VAEM
VAEM_ld64_lr1e-03_ep200,False,MNAR,0.4,4,4.263185660383166,8.59771832189312,0.7062490275184067,1.6025807857513428,10.0,Deep_Learning,VAEM
VAEM_ld64_lr1e-03_ep200_Constrained,True,MNAR,0.4,4,0.0,0.0,0.0,0.0,0.0,Deep_Learning,VAEM
VaDER_ld16_lr1e-04_ep50,False,MNAR,0.4,4,4.323088621463346,8.650764830957872,0.7026130548895839,0.4342079162597656,22.0,Deep_Learning,VaDER
VaDER_ld16_lr1e-04_ep50_Constrained,True,MNAR,0.4,4,0.0,0.0,0.0,0.0,0.0,Deep_Learning,VaDER
VaDER_ld16_lr1e-04_ep200,False,MNAR,0.4,4,4.270962800153904,8.607164731685826,0.7056031779193214,2.8398144245147705,12.0,Deep_Learning,VaDER
VaDER_ld16_lr1e-04_ep200_Constrained,True,MNAR,0.4,4,0.0,0.0,0.0,0.0,0.0,Deep_Learning,VaDER
VaDER_ld16_lr1e-03_ep50,False,MNAR,0.4,4,4.272447621817981,8.616116362286,0.704990501833013,0.5867190361022949,8.0,Deep_Learning,VaDER
VaDER_ld16_lr1e-03_ep50_Constrained,True,MNAR,0.4,4,0.0,0.0,0.0,0.0,0.0,Deep_Learning,VaDER
VaDER_ld16_lr1e-03_ep200,False,MNAR,0.4,4,4.273809417604425,8.617671604212083,0.7048839915377871,1.9490303993225095,7.0,Deep_Learning,VaDER
VaDER_ld16_lr1e-03_ep200_Constrained,True,MNAR,0.4,4,0.0,0.0,0.0,0.0,0.0,Deep_Learning,VaDER
VaDER_ld32_lr1e-04_ep50,False,MNAR,0.4,4,4.326165261218764,8.66283982670435,0.7017822723305029,0.5686123371124268,18.0,Deep_Learning,VaDER
VaDER_ld32_lr1e-04_ep50_Constrained,True,MNAR,0.4,4,0.0,0.0,0.0,0.0,0.0,Deep_Learning,VaDER
VaDER_ld32_lr1e-04_ep200,False,MNAR,0.4,4,4.280760249691531,8.6352857721861,0.7036763485313444,2.152019023895264,8.0,Deep_Learning,VaDER
VaDER_ld32_lr1e-04_ep200_Constrained,True,MNAR,0.4,4,0.0,0.0,0.0,0.0,0.0,Deep_Learning,VaDER
VaDER_ld32_lr1e-03_ep50,False,MNAR,0.4,4,4.277146314925067,8.645608462576652,0.7029674697098143,0.5886423587799072,8.0,Deep_Learning,VaDER
VaDER_ld32_lr1e-03_ep50_Constrained,True,MNAR,0.4,4,0.0,0.0,0.0,0.0,0.0,Deep_Learning,VaDER
VaDER_ld32_lr1e-03_ep200,False,MNAR,0.4,4,4.273425990595202,8.624787144181742,0.7043964406564316,2.6204605102539062,5.0,Deep_Learning,VaDER
VaDER_ld32_lr1e-03_ep200_Constrained,True,MNAR,0.4,4,0.0,0.0,0.0,0.0,0.0,Deep_Learning,VaDER
VaDER_ld64_lr1e-04_ep50,False,MNAR,0.4,4,4.327908271297943,8.662683547123232,0.7017930320633639,0.5878098011016846,13.0,Deep_Learning,VaDER
VaDER_ld64_lr1e-04_ep50_Constrained,True,MNAR,0.4,4,0.0,0.0,0.0,0.0,0.0,Deep_Learning,VaDER
VaDER_ld64_lr1e-04_ep200,False,MNAR,0.4,4,4.275077778610286,8.607859400138741,0.705555655548354,2.1509406566619877,8.0,Deep_Learning,VaDER
VaDER_ld64_lr1e-04_ep200_Constrained,True,MNAR,0.4,4,0.0,0.0,0.0,0.0,0.0,Deep_Learning,VaDER
VaDER_ld64_lr1e-03_ep50,False,MNAR,0.4,4,4.275606506427723,8.637754883954557,0.7035068669793292,0.3932197093963623,9.0,Deep_Learning,VaDER
VaDER_ld64_lr1e-03_ep50_Constrained,True,MNAR,0.4,4,0.0,0.0,0.0,0.0,0.0,Deep_Learning,VaDER
VaDER_ld64_lr1e-03_ep200,False,MNAR,0.4,4,4.277173931592959,8.64043615234125,0.7033227679719635,1.8931043148040767,11.0,Deep_Learning,VaDER
VaDER_ld64_lr1e-03_ep200_Constrained,True,MNAR,0.4,4,0.0,0.0,0.0,0.0,0.0,Deep_Learning,VaDER
GAIN,False,MNAR,0.4,5,6.314731862943362,12.786483373473962,0.3392547252268985,1.5163655281066897,3084.0,Deep_Learning,GAIN
GAIN_Constrained,True,MNAR,0.4,5,0.0,0.0,0.0,0.0,0.0,Deep_Learning,GAIN
VAEM_ld16_lr1e-04_ep50,False,MNAR,0.4,5,4.400191156127545,8.8676654786009,0.6822025320741021,0.3959970474243164,10.0,Deep_Learning,VAEM
VAEM_ld16_lr1e-04_ep50_Constrained,True,MNAR,0.4,5,0.0,0.0,0.0,0.0,0.0,Deep_Learning,VAEM
VAEM_ld16_lr1e-04_ep200,False,MNAR,0.4,5,4.354811671727341,8.812911687734625,0.6861149249588949,1.758082151412964,5.0,Deep_Learning,VAEM
VAEM_ld16_lr1e-04_ep200_Constrained,True,MNAR,0.4,5,0.0,0.0,0.0,0.0,0.0,Deep_Learning,VAEM
VAEM_ld16_lr1e-03_ep50,False,MNAR,0.4,5,4.349297132036446,8.798975114355219,0.6871068839557988,0.4372696876525879,5.0,Deep_Learning,VAEM
VAEM_ld16_lr1e-03_ep50_Constrained,True,MNAR,0.4,5,0.0,0.0,0.0,0.0,0.0,Deep_Learning,VAEM
VAEM_ld16_lr1e-03_ep200,False,MNAR,0.4,5,4.346375664007858,8.80839414065554,0.6864366409182177,1.679346799850464,4.0,Deep_Learning,VAEM
VAEM_ld16_lr1e-03_ep200_Constrained,True,MNAR,0.4,5,0.0,0.0,0.0,0.0,0.0,Deep_Learning,VAEM
VAEM_ld32_lr1e-04_ep50,False,MNAR,0.4,5,4.399209033089938,8.870758011691875,0.681980834365691,0.4199445247650146,8.0,Deep_Learning,VAEM
VAEM_ld32_lr1e-04_ep50_Constrained,True,MNAR,0.4,5,0.0,0.0,0.0,0.0,0.0,Deep_Learning,VAEM
VAEM_ld32_lr1e-04_ep200,False,MNAR,0.4,5,4.354286357134614,8.826321560616698,0.6851589727223935,1.6872570514678955,6.0,Deep_Learning,VAEM
VAEM_ld32_lr1e-04_ep200_Constrained,True,MNAR,0.4,5,0.0,0.0,0.0,0.0,0.0,Deep_Learning,VAEM
VAEM_ld32_lr1e-03_ep50,False,MNAR,0.4,5,4.346001057914058,8.797538894822761,0.6872090200622278,0.4607388973236084,6.0,Deep_Learning,VAEM
VAEM_ld32_lr1e-03_ep50_Constrained,True,MNAR,0.4,5,0.0,0.0,0.0,0.0,0.0,Deep_Learning,VAEM
VAEM_ld32_lr1e-03_ep200,False,MNAR,0.4,5,4.346456990563101,8.817410084932787,0.6857944088451791,1.757810115814209,5.0,Deep_Learning,VAEM
VAEM_ld32_lr1e-03_ep200_Constrained,True,MNAR,0.4,5,0.0,0.0,0.0,0.0,0.0,Deep_Learning,VAEM
VAEM_ld64_lr1e-04_ep50,False,MNAR,0.4,5,4.401663760454706,8.8807169439312,0.6812663725037968,0.4012157917022705,10.0,Deep_Learning,VAEM
VAEM_ld64_lr1e-04_ep50_Constrained,True,MNAR,0.4,5,0.0,0.0,0.0,0.0,0.0,Deep_Learning,VAEM
VAEM_ld64_lr1e-04_ep200,False,MNAR,0.4,5,4.352683749632092,8.816310218871239,0.6858727907076533,1.672203779220581,8.0,Deep_Learning,VAEM
VAEM_ld64_lr1e-04_ep200_Constrained,True,MNAR,0.4,5,0.0,0.0,0.0,0.0,0.0,Deep_Learning,VAEM
VAEM_ld64_lr1e-03_ep50,False,MNAR,0.4,5,4.347722920369859,8.796972205779582,0.6872493153116952,0.4721100330352783,12.0,Deep_Learning,VAEM
VAEM_ld64_lr1e-03_ep50_Constrained,True,MNAR,0.4,5,0.0,0.0,0.0,0.0,0.0,Deep_Learning,VAEM
VAEM_ld64_lr1e-03_ep200,False,MNAR,0.4,5,4.346830819625207,8.826248648782304,0.6851641743325703,1.9926846027374268,7.0,Deep_Learning,VAEM
VAEM_ld64_lr1e-03_ep200_Constrained,True,MNAR,0.4,5,0.0,0.0,0.0,0.0,0.0,Deep_Learning,VAEM
VaDER_ld16_lr1e-04_ep50,False,MNAR,0.4,5,4.411277117088925,8.883590668316312,0.6810600601529571,0.5569038391113281,11.0,Deep_Learning,VaDER
VaDER_ld16_lr1e-04_ep50_Constrained,True,MNAR,0.4,5,0.0,0.0,0.0,0.0,0.0,Deep_Learning,VaDER
VaDER_ld16_lr1e-04_ep200,False,MNAR,0.4,5,4.365471084051858,8.842195007627312,0.6840255206414054,1.9709084033966064,8.0,Deep_Learning,VaDER
VaDER_ld16_lr1e-04_ep200_Constrained,True,MNAR,0.4,5,0.0,0.0,0.0,0.0,0.0,Deep_Learning,VaDER
VaDER_ld16_lr1e-03_ep50,False,MNAR,0.4,5,4.361244024207744,8.842626626349348,0.6839946722311485,0.6634879112243652,13.0,Deep_Learning,VaDER
VaDER_ld16_lr1e-03_ep50_Constrained,True,MNAR,0.4,5,0.0,0.0,0.0,0.0,0.0,Deep_Learning,VaDER
VaDER_ld16_lr1e-03_ep200,False,MNAR,0.4,5,4.3563713911877615,8.844279205744039,0.6838765460874132,1.6789774894714355,8.0,Deep_Learning,VaDER
VaDER_ld16_lr1e-03_ep200_Constrained,True,MNAR,0.4,5,0.0,0.0,0.0,0.0,0.0,Deep_Learning,VaDER
VaDER_ld32_lr1e-04_ep50,False,MNAR,0.4,5,4.4114428717956775,8.890269700728654,0.6805802967187234,0.4136440753936767,16.0,Deep_Learning,VaDER
VaDER_ld32_lr1e-04_ep50_Constrained,True,MNAR,0.4,5,0.0,0.0,0.0,0.0,0.0,Deep_Learning,VaDER
VaDER_ld32_lr1e-04_ep200,False,MNAR,0.4,5,4.36298776215019,8.844148398417586,0.6838858969812689,2.0376644134521484,7.0,Deep_Learning,VaDER
VaDER_ld32_lr1e-04_ep200_Constrained,True,MNAR,0.4,5,0.0,0.0,0.0,0.0,0.0,Deep_Learning,VaDER
VaDER_ld32_lr1e-03_ep50,False,MNAR,0.4,5,4.355581420923682,8.836602973694351,0.6844250552093732,0.5319323539733887,7.0,Deep_Learning,VaDER
VaDER_ld32_lr1e-03_ep50_Constrained,True,MNAR,0.4,5,0.0,0.0,0.0,0.0,0.0,Deep_Learning,VaDER
VaDER_ld32_lr1e-03_ep200,False,MNAR,0.4,5,4.3573380682599625,8.85002728630265,0.6834655021744458,1.7815721035003662,5.0,Deep_Learning,VaDER
VaDER_ld32_lr1e-03_ep200_Constrained,True,MNAR,0.4,5,0.0,0.0,0.0,0.0,0.0,Deep_Learning,VaDER
VaDER_ld64_lr1e-04_ep50,False,MNAR,0.4,5,4.409118456235654,8.882797353107339,0.6811170210411805,0.417421817779541,13.0,Deep_Learning,VaDER
VaDER_ld64_lr1e-04_ep50_Constrained,True,MNAR,0.4,5,0.0,0.0,0.0,0.0,0.0,Deep_Learning,VaDER
VaDER_ld64_lr1e-04_ep200,False,MNAR,0.4,5,4.362629906399617,8.846699460251845,0.6837035067968138,1.638007402420044,6.0,Deep_Learning,VaDER
VaDER_ld64_lr1e-04_ep200_Constrained,True,MNAR,0.4,5,0.0,0.0,0.0,0.0,0.0,Deep_Learning,VaDER
VaDER_ld64_lr1e-03_ep50,False,MNAR,0.4,5,4.3626026644463,8.870532608866514,0.6819969956695267,0.2833001613616943,6.0,Deep_Learning,VaDER
VaDER_ld64_lr1e-03_ep50_Constrained,True,MNAR,0.4,5,0.0,0.0,0.0,0.0,0.0,Deep_Learning,VaDER
VaDER_ld64_lr1e-03_ep200,False,MNAR,0.4,5,4.357287516935272,8.841840624854056,0.6840508477617093,1.2099874019622805,9.0,Deep_Learning,VaDER
VaDER_ld64_lr1e-03_ep200_Constrained,True,MNAR,0.4,5,0.0,0.0,0.0,0.0,0.0,Deep_Learning,VaDER
